logged_at_utc,city,data_source,input_hours_used,variant_a_predicted_24h,variant_b_predicted_24h,variant_c_predicted_24h,variant_d_predicted_24h,actual_pm25,actual_source,actual_logged_at
2026-10-07T11:54:11.499062+00:00,Manila,"NASA GEOS-CF v2 (S3, live)",27,"[14.36, 15.08, 15.05, 14.88, 14.57, 13.84, 13.55, 13.66, 13.73, 13.45, 13.73, 13.23, 13.03, 13.56, 13.65, 13.45, 13.4, 13.33, 13.13, 13.08, 12.71, 12.01, 11.97, 11.77]","[13.94, 11.99, 13.9, 15.72, 14.73, 14.3, 12.8, 10.21, 11.91, 14.46, 14.09, 13.61, 13.09, 13.29, 13.62, 12.82, 11.08, 8.65, 8.51, 12.93, 17.5, 16.4, 12.77, 9.47]","[20.97, 21.22, 20.9, 20.26, 19.43, 18.39, 16.84, 14.73, 13.53, 12.47, 11.43, 10.76, 10.33, 10.45, 10.34, 10.53, 11.07, 12.22, 13.72, 15.45, 16.98, 19.04, 21.69, 23.11]","[29.27, 27.04, 25.3, 21.17, 19.63, 18.53, 16.84, 17.84, 13.89, 14.02, 12.89, 13.0, 12.68, 12.48, 14.1, 13.2, 14.0, 13.85, 15.13, 15.23, 14.63, 15.29, 16.0, 15.46]",,,
2026-10-07T12:19:57.964387+00:00,Manila,"NASA GEOS-CF v2 (S3, live)",27,"[15.29, 15.9, 15.72, 15.43, 15.09, 14.38, 14.12, 14.25, 14.33, 14.02, 14.26, 13.72, 13.52, 14.08, 14.18, 13.96, 13.93, 13.88, 13.67, 13.59, 13.2, 12.51, 12.5, 12.37]","[13.97, 12.07, 14.02, 15.87, 14.88, 14.39, 12.89, 10.32, 11.95, 14.49, 14.18, 13.68, 13.17, 13.44, 13.81, 13.02, 11.25, 8.77, 8.58, 13.04, 17.66, 16.49, 12.81, 9.59]","[20.58, 20.98, 20.75, 20.2, 19.51, 18.57, 16.97, 14.71, 13.36, 12.24, 11.33, 10.92, 10.58, 10.51, 10.17, 10.32, 10.88, 12.01, 13.51, 15.18, 16.66, 18.82, 21.71, 23.32]","[29.27, 27.04, 25.3, 21.17, 19.63, 18.53, 16.84, 17.84, 13.89, 14.02, 12.89, 13.0, 12.68, 12.48, 14.1, 13.2, 14.0, 13.85, 15.13, 15.23, 14.63, 15.29, 16.0, 15.46]",,,
2026-10-07T12:41:36.834283+00:00,Manila,"NASA GEOS-CF v2 (S3, live)",28,"[13.92, 14.66, 14.68, 14.54, 14.28, 13.6, 13.3, 13.4, 13.48, 13.23, 13.54, 13.06, 12.87, 13.43, 13.54, 13.31, 13.25, 13.21, 13.03, 13.01, 12.69, 12.03, 12.01, 11.84]","[13.93, 12.12, 14.1, 16.0, 15.09, 14.58, 13.1, 10.63, 12.26, 14.69, 14.4, 13.99, 13.47, 13.75, 14.22, 13.46, 11.6, 9.12, 8.87, 13.28, 18.0, 16.89, 13.21, 9.9]","[19.89, 20.54, 20.61, 20.27, 19.7, 18.74, 17.08, 14.58, 12.95, 11.71, 11.06, 11.21, 11.24, 10.99, 10.28, 10.28, 10.79, 11.89, 13.32, 14.76, 16.24, 18.85, 22.14, 23.93]","[28.89, 26.79, 25.19, 21.24, 19.75, 18.73, 17.01, 18.0, 14.15, 14.18, 13.11, 13.18, 12.89, 12.69, 14.2, 13.28, 14.08, 13.93, 15.2, 15.23, 14.72, 15.35, 16.03, 15.56]",,,
2026-10-07T12:41:41.602433+00:00,Manila,"NASA GEOS-CF v2 (S3, live)",28,"[13.92, 14.66, 14.68, 14.54, 14.28, 13.6, 13.3, 13.4, 13.48, 13.23, 13.54, 13.06, 12.87, 13.43, 13.54, 13.31, 13.25, 13.21, 13.03, 13.01, 12.69, 12.03, 12.01, 11.84]","[13.93, 12.12, 14.1, 16.0, 15.09, 14.58, 13.1, 10.63, 12.26, 14.69, 14.4, 13.99, 13.47, 13.75, 14.22, 13.46, 11.6, 9.12, 8.87, 13.28, 18.0, 16.89, 13.21, 9.9]","[19.89, 20.54, 20.61, 20.27, 19.7, 18.74, 17.08, 14.58, 12.95, 11.71, 11.06, 11.21, 11.24, 10.99, 10.28, 10.28, 10.79, 11.89, 13.32, 14.76, 16.24, 18.85, 22.14, 23.93]","[28.89, 26.79, 25.19, 21.24, 19.75, 18.73, 17.01, 18.0, 14.15, 14.18, 13.11, 13.18, 12.89, 12.69, 14.2, 13.28, 14.08, 13.93, 15.2, 15.23, 14.72, 15.35, 16.03, 15.56]",,,
2026-10-07T12:41:46.018812+00:00,Manila,"OpenAQ (ground sensor) [fine-tuned, C regularised]",2,"[12.91, 13.41, 13.39, 13.55, 13.45, 12.95, 12.85, 13.05, 13.08, 12.83, 13.0, 12.49, 12.39, 13.04, 13.37, 13.34, 13.24, 13.11, 12.99, 12.82, 12.44, 11.79, 11.74, 11.52]","[12.56, 15.35, 17.98, 19.75, 20.16, 19.54, 17.92, 16.53, 16.8, 17.32, 17.02, 16.9, 15.57, 14.67, 15.48, 16.67, 17.35, 16.71, 14.54, 12.66, 11.24, 9.63, 8.78, 7.82]","[180.94, 140.26, 97.88, 72.67, 63.23, 42.19, 34.26, 46.43, 39.24, 18.16, 27.11, 41.92, 37.14, 30.03, 32.06, 35.32, 29.2, 21.89, 23.46, 37.51, 34.61, 21.11, 15.76, 28.8]","[101.37, 89.4, 75.52, 58.32, 42.06, 30.26, 22.67, 13.69, 5.4, 3.81, 3.21, 6.92, -1.83, 0.22, 0.71, 1.49, 4.07, 5.33, 4.73, 9.43, 10.17, 14.89, 17.02, 18.89]",,,
2026-10-07T12:42:36.091182+00:00,Manila,"NASA GEOS-CF v2 (S3, live)",28,"[13.92, 14.66, 14.68, 14.54, 14.28, 13.6, 13.3, 13.4, 13.48, 13.23, 13.54, 13.06, 12.87, 13.43, 13.54, 13.31, 13.25, 13.21, 13.03, 13.01, 12.69, 12.03, 12.01, 11.84]","[13.93, 12.12, 14.1, 16.0, 15.09, 14.58, 13.1, 10.63, 12.26, 14.69, 14.4, 13.99, 13.47, 13.75, 14.22, 13.46, 11.6, 9.12, 8.87, 13.28, 18.0, 16.89, 13.21, 9.9]","[19.89, 20.54, 20.61, 20.27, 19.7, 18.74, 17.08, 14.58, 12.95, 11.71, 11.06, 11.21, 11.24, 10.99, 10.28, 10.28, 10.79, 11.89, 13.32, 14.76, 16.24, 18.85, 22.14, 23.93]","[28.89, 26.79, 25.19, 21.24, 19.75, 18.73, 17.01, 18.0, 14.15, 14.18, 13.11, 13.18, 12.89, 12.69, 14.2, 13.28, 14.08, 13.93, 15.2, 15.23, 14.72, 15.35, 16.03, 15.56]",,,
2026-10-07T12:48:29.854967+00:00,Manila,"OpenAQ (ground sensor) [fine-tuned, C regularised]",2,"[12.91, 13.41, 13.39, 13.55, 13.45, 12.95, 12.85, 13.05, 13.08, 12.83, 13.0, 12.49, 12.39, 13.04, 13.37, 13.34, 13.24, 13.11, 12.99, 12.82, 12.44, 11.79, 11.74, 11.52]","[12.56, 15.35, 17.98, 19.75, 20.16, 19.54, 17.92, 16.53, 16.8, 17.32, 17.02, 16.9, 15.57, 14.67, 15.48, 16.67, 17.35, 16.71, 14.54, 12.66, 11.24, 9.63, 8.78, 7.82]","[180.94, 140.26, 97.88, 72.67, 63.23, 42.19, 34.26, 46.43, 39.24, 18.16, 27.11, 41.92, 37.14, 30.03, 32.06, 35.32, 29.2, 21.89, 23.46, 37.51, 34.61, 21.11, 15.76, 28.8]","[101.37, 89.4, 75.52, 58.32, 42.06, 30.26, 22.67, 13.69, 5.4, 3.81, 3.21, 6.92, -1.83, 0.22, 0.71, 1.49, 4.07, 5.33, 4.73, 9.43, 10.17, 14.89, 17.02, 18.89]",,,
2026-10-07T12:48:39.286857+00:00,Quezon_City,"OpenAQ (ground sensor) [fine-tuned, C regularised]",30,"[16.97, 19.14, 20.25, 20.3, 20.11, 19.43, 18.88, 18.61, 18.67, 19.03, 19.69, 18.78, 17.95, 18.41, 18.81, 18.78, 18.96, 18.51, 17.38, 17.18, 17.57, 17.06, 16.92, 16.8]","[19.47, 18.26, 18.99, 19.99, 20.73, 20.56, 18.03, 18.94, 23.03, 21.65, 16.43, 17.52, 19.52, 19.54, 19.8, 18.61, 17.92, 18.34, 18.37, 19.05, 21.08, 20.38, 16.69, 14.77]","[46.54, 43.31, 40.35, 38.01, 36.53, 35.32, 33.84, 32.68, 31.99, 31.19, 31.02, 30.98, 30.39, 29.39, 28.66, 28.67, 28.99, 29.71, 30.95, 31.47, 31.64, 31.43, 30.61, 29.62]","[59.22, 56.33, 52.56, 47.5, 44.44, 40.37, 37.83, 35.4, 31.58, 32.24, 30.04, 31.08, 28.59, 28.15, 27.81, 27.74, 27.15, 26.65, 25.38, 26.18, 26.62, 27.86, 27.88, 27.84]",,,
2026-10-07T12:50:39.034984+00:00,Caloocan,"OpenAQ (ground sensor) [fine-tuned, C regularised]",32,"[30.2, 31.38, 30.87, 29.72, 28.88, 27.43, 26.47, 26.09, 26.75, 27.48, 27.78, 26.42, 25.97, 27.03, 27.66, 27.04, 26.61, 26.14, 25.11, 24.57, 24.46, 23.36, 23.02, 23.19]","[34.56, 34.25, 35.37, 33.92, 32.89, 33.9, 30.38, 29.34, 35.24, 34.51, 26.33, 26.14, 29.42, 29.81, 30.71, 30.93, 30.29, 29.59, 30.92, 32.11, 32.37, 31.51, 28.42, 26.01]","[45.59, 43.92, 39.46, 35.06, 32.42, 31.24, 31.32, 31.84, 32.24, 31.86, 32.04, 32.1, 31.64, 31.63, 31.48, 31.82, 32.32, 33.08, 33.76, 33.68, 33.2, 32.87, 32.53, 31.96]","[61.49, 56.71, 52.42, 45.04, 43.16, 40.88, 38.2, 37.13, 34.66, 35.1, 33.46, 34.51, 33.81, 33.63, 34.87, 35.67, 34.04, 33.88, 34.2, 35.2, 34.61, 36.51, 37.1, 35.18]",,,
2026-10-07T12:50:54.526410+00:00,Valenzuela,"OpenAQ (ground sensor) [fine-tuned, C regularised]",30,"[16.44, 17.59, 17.96, 17.97, 18.08, 17.37, 16.45, 16.2, 16.62, 17.23, 17.9, 16.92, 15.73, 16.09, 16.84, 17.04, 16.95, 16.29, 15.37, 15.35, 15.61, 15.07, 15.03, 14.84]","[15.78, 16.3, 18.15, 19.32, 18.26, 16.83, 15.69, 15.94, 16.32, 15.83, 15.89, 17.72, 17.29, 16.6, 17.57, 16.83, 15.61, 15.05, 14.95, 17.12, 19.92, 19.12, 15.6, 13.85]","[34.03, 32.24, 30.54, 29.34, 28.81, 28.67, 28.77, 28.81, 28.97, 28.7, 28.3, 27.73, 26.86, 26.38, 25.94, 25.9, 26.08, 26.84, 28.23, 29.39, 30.22, 30.89, 30.84, 30.28]","[39.15, 37.47, 35.7, 33.14, 31.1, 29.03, 27.4, 26.32, 24.47, 24.93, 23.32, 24.63, 23.41, 23.05, 22.78, 22.59, 22.39, 22.3, 21.94, 22.48, 22.64, 23.24, 23.73, 23.93]",,,
2026-10-07T12:51:06.215714+00:00,Pasig,"OpenAQ (ground sensor) [fine-tuned, C regularised]",35,"[24.26, 23.74, 21.1, 19.7, 20.18, 19.59, 18.12, 17.28, 18.16, 20.18, 22.08, 22.07, 21.17, 21.08, 21.14, 21.14, 21.15, 20.93, 20.43, 19.64, 18.59, 17.3, 17.31, 17.88]","[25.75, 25.47, 26.4, 26.48, 24.59, 23.68, 22.04, 22.92, 28.65, 31.17, 28.46, 26.62, 24.36, 21.62, 22.1, 22.86, 22.75, 20.84, 18.01, 19.03, 25.75, 28.11, 24.7, 25.7]","[33.91, 33.09, 31.69, 30.1, 28.39, 26.67, 25.36, 24.7, 24.78, 25.12, 25.74, 26.26, 26.3, 26.23, 26.12, 26.24, 26.35, 26.72, 27.17, 27.2, 26.77, 26.45, 26.49, 26.54]","[34.2, 32.13, 31.41, 29.13, 28.0, 26.88, 25.53, 25.62, 24.74, 24.37, 23.9, 24.84, 24.97, 24.46, 24.62, 24.99, 24.81, 25.21, 24.55, 24.96, 25.86, 26.26, 26.79, 26.74]",,,
2026-10-07T12:51:21.358912+00:00,Makati,"OpenAQ (ground sensor) [fine-tuned, C regularised]",31,"[17.15, 17.04, 16.09, 15.3, 14.45, 12.9, 11.69, 11.63, 12.67, 13.52, 14.08, 13.37, 13.0, 13.84, 14.56, 14.54, 14.04, 13.42, 12.89, 12.61, 12.19, 11.5, 11.75, 12.0]","[16.49, 16.32, 17.18, 18.57, 18.43, 17.58, 16.55, 16.26, 17.68, 19.4, 18.77, 17.31, 16.2, 16.98, 17.82, 16.89, 17.66, 18.75, 17.66, 18.21, 20.09, 17.83, 14.87, 15.91]","[32.54, 30.62, 28.07, 26.18, 25.27, 24.51, 23.77, 23.28, 23.37, 23.41, 23.56, 23.76, 23.49, 23.26, 23.19, 23.56, 23.82, 24.56, 25.45, 26.02, 26.43, 27.24, 28.26, 28.73]","[22.7, 22.55, 22.49, 22.01, 22.14, 21.66, 21.59, 21.37, 21.16, 21.39, 20.85, 21.19, 20.96, 20.85, 20.63, 20.79, 20.38, 20.34, 20.21, 20.53, 20.66, 20.68, 20.98, 21.05]",,,
2026-10-07T12:51:37.101412+00:00,Manila,"OpenAQ (ground sensor) [fine-tuned, C regularised]",2,"[12.91, 13.41, 13.39, 13.55, 13.45, 12.95, 12.85, 13.05, 13.08, 12.83, 13.0, 12.49, 12.39, 13.04, 13.37, 13.34, 13.24, 13.11, 12.99, 12.82, 12.44, 11.79, 11.74, 11.52]","[12.56, 15.35, 17.98, 19.75, 20.16, 19.54, 17.92, 16.53, 16.8, 17.32, 17.02, 16.9, 15.57, 14.67, 15.48, 16.67, 17.35, 16.71, 14.54, 12.66, 11.24, 9.63, 8.78, 7.82]","[180.94, 140.26, 97.88, 72.67, 63.23, 42.19, 34.26, 46.43, 39.24, 18.16, 27.11, 41.92, 37.14, 30.03, 32.06, 35.32, 29.2, 21.89, 23.46, 37.51, 34.61, 21.11, 15.76, 28.8]","[101.37, 89.4, 75.52, 58.32, 42.06, 30.26, 22.67, 13.69, 5.4, 3.81, 3.21, 6.92, -1.83, 0.22, 0.71, 1.49, 4.07, 5.33, 4.73, 9.43, 10.17, 14.89, 17.02, 18.89]",,,
2026-10-07T12:51:43.434726+00:00,Mandaluyong,"OpenAQ (ground sensor) [fine-tuned, C regularised]",30,"[15.49, 16.8, 17.37, 17.19, 16.38, 14.99, 14.12, 14.13, 14.74, 15.39, 16.13, 15.59, 15.07, 15.56, 15.95, 15.89, 15.7, 15.07, 14.19, 13.99, 14.08, 13.72, 13.98, 14.21]","[21.08, 20.1, 21.1, 21.63, 20.75, 20.82, 19.86, 19.88, 22.03, 21.26, 17.74, 18.29, 19.08, 19.11, 20.36, 20.53, 20.24, 19.29, 18.01, 18.95, 21.87, 21.09, 17.26, 16.95]","[39.26, 34.0, 28.38, 24.08, 22.49, 22.91, 24.18, 25.74, 26.92, 27.23, 27.46, 27.86, 27.9, 27.6, 27.13, 26.97, 26.61, 27.14, 28.32, 29.17, 29.94, 31.06, 31.72, 31.41]","[30.75, 29.64, 28.67, 27.0, 25.38, 24.19, 23.18, 22.52, 21.55, 21.84, 21.16, 22.24, 21.81, 21.17, 21.47, 21.81, 21.39, 21.53, 20.92, 21.57, 21.82, 22.25, 22.72, 22.61]",,,
2026-10-07T12:52:03.618746+00:00,Navotas,"OpenAQ (ground sensor) [fine-tuned, C regularised]",27,"[21.27, 20.8, 20.14, 20.4, 20.83, 20.66, 20.48, 20.44, 20.46, 20.57, 20.79, 19.64, 19.0, 19.98, 20.77, 20.56, 20.36, 20.44, 20.6, 20.63, 20.57, 19.8, 19.09, 18.2]","[18.13, 18.56, 20.42, 21.86, 21.13, 19.64, 19.34, 20.88, 22.99, 22.6, 20.47, 19.8, 18.14, 17.65, 18.23, 17.47, 18.07, 19.51, 18.15, 18.47, 22.85, 22.3, 17.08, 14.37]","[67.24, 57.61, 45.64, 34.89, 31.27, 34.07, 36.67, 37.66, 37.19, 35.45, 35.4, 36.21, 36.6, 36.39, 35.26, 34.29, 33.02, 33.88, 37.54, 39.76, 39.82, 40.88, 41.27, 38.69]","[55.14, 51.34, 46.42, 39.47, 37.85, 34.13, 33.24, 31.19, 28.25, 29.25, 27.88, 28.2, 25.62, 26.02, 27.14, 27.29, 25.74, 25.53, 23.56, 24.64, 23.04, 24.91, 24.65, 23.45]",,,
2026-10-07T12:52:19.131031+00:00,Pasay,"OpenAQ (ground sensor) [fine-tuned, C regularised]",31,"[23.15, 23.19, 22.02, 20.69, 19.13, 16.83, 15.13, 14.73, 16.0, 17.21, 17.96, 17.32, 16.98, 18.03, 18.83, 18.59, 17.82, 17.08, 16.28, 15.63, 14.96, 14.18, 14.64, 15.55]","[25.7, 25.59, 26.69, 28.86, 29.02, 27.56, 24.27, 20.34, 19.83, 23.96, 25.94, 21.64, 18.55, 20.98, 23.47, 22.63, 22.83, 22.21, 20.43, 23.46, 28.12, 24.67, 19.49, 20.34]","[38.38, 35.14, 31.89, 29.57, 28.23, 27.25, 27.17, 28.16, 29.19, 29.39, 28.71, 27.8, 27.57, 28.71, 30.74, 31.44, 30.44, 29.28, 28.57, 28.76, 29.7, 30.29, 30.72, 31.19]","[49.55, 46.3, 43.77, 39.04, 36.98, 34.57, 32.61, 32.29, 30.06, 30.88, 30.39, 32.22, 31.94, 31.8, 32.14, 33.34, 32.62, 32.77, 31.86, 32.62, 33.25, 33.96, 34.33, 33.85]",,,
2026-10-07T12:52:29.701923+00:00,San_Juan,"OpenAQ (ground sensor) [fine-tuned, C regularised]",29,"[16.75, 16.66, 15.93, 15.68, 15.77, 15.22, 14.63, 14.61, 15.07, 15.42, 15.76, 14.81, 14.1, 14.73, 15.41, 15.45, 15.19, 14.81, 14.46, 14.35, 14.16, 13.52, 13.57, 13.47]","[16.0, 16.08, 18.48, 21.43, 21.3, 19.84, 18.35, 18.61, 19.4, 19.06, 18.81, 19.89, 19.03, 18.39, 18.82, 17.4, 17.86, 19.17, 17.32, 17.92, 22.63, 21.93, 16.5, 15.27]","[39.58, 35.78, 31.35, 27.62, 25.46, 24.55, 24.67, 25.39, 26.21, 25.98, 25.42, 25.34, 25.03, 25.02, 25.26, 25.91, 26.21, 26.98, 28.13, 28.61, 28.87, 29.23, 29.49, 29.1]","[37.41, 35.52, 33.78, 31.0, 28.75, 26.8, 25.32, 24.17, 22.51, 22.96, 21.66, 23.07, 22.15, 21.57, 21.65, 21.69, 21.36, 21.32, 21.06, 21.65, 21.67, 22.42, 23.08, 22.97]",,,
2026-10-07T13:01:00.789115+00:00,Manila,"NASA GEOS-CF v2 (S3, live)",28,"[13.92, 14.66, 14.68, 14.54, 14.28, 13.6, 13.3, 13.4, 13.48, 13.23, 13.54, 13.06, 12.87, 13.43, 13.54, 13.31, 13.25, 13.21, 13.03, 13.01, 12.69, 12.03, 12.01, 11.84]","[13.93, 12.12, 14.1, 16.0, 15.09, 14.58, 13.1, 10.63, 12.26, 14.69, 14.4, 13.99, 13.47, 13.75, 14.22, 13.46, 11.6, 9.12, 8.87, 13.28, 18.0, 16.89, 13.21, 9.9]","[19.89, 20.54, 20.61, 20.27, 19.7, 18.74, 17.08, 14.58, 12.95, 11.71, 11.06, 11.21, 11.24, 10.99, 10.28, 10.28, 10.79, 11.89, 13.32, 14.76, 16.24, 18.85, 22.14, 23.93]","[28.89, 26.79, 25.19, 21.24, 19.75, 18.73, 17.01, 18.0, 14.15, 14.18, 13.11, 13.18, 12.89, 12.69, 14.2, 13.28, 14.08, 13.93, 15.2, 15.23, 14.72, 15.35, 16.03, 15.56]",,,
2026-10-07T13:01:06.074918+00:00,Manila,"NASA GEOS-CF v2 (S3, live)",28,"[13.92, 14.66, 14.68, 14.54, 14.28, 13.6, 13.3, 13.4, 13.48, 13.23, 13.54, 13.06, 12.87, 13.43, 13.54, 13.31, 13.25, 13.21, 13.03, 13.01, 12.69, 12.03, 12.01, 11.84]","[13.93, 12.12, 14.1, 16.0, 15.09, 14.58, 13.1, 10.63, 12.26, 14.69, 14.4, 13.99, 13.47, 13.75, 14.22, 13.46, 11.6, 9.12, 8.87, 13.28, 18.0, 16.89, 13.21, 9.9]","[19.89, 20.54, 20.61, 20.27, 19.7, 18.74, 17.08, 14.58, 12.95, 11.71, 11.06, 11.21, 11.24, 10.99, 10.28, 10.28, 10.79, 11.89, 13.32, 14.76, 16.24, 18.85, 22.14, 23.93]","[28.89, 26.79, 25.19, 21.24, 19.75, 18.73, 17.01, 18.0, 14.15, 14.18, 13.11, 13.18, 12.89, 12.69, 14.2, 13.28, 14.08, 13.93, 15.2, 15.23, 14.72, 15.35, 16.03, 15.56]",,,
2026-10-07T13:31:20.669072+00:00,Manila,"NASA GEOS-CF v2 (S3, live)",29,"[13.84, 14.94, 15.21, 14.96, 14.42, 13.32, 12.61, 12.65, 13.11, 13.3, 13.85, 13.37, 12.99, 13.46, 13.63, 13.49, 13.42, 13.19, 12.72, 12.73, 12.59, 12.03, 12.06, 11.96]","[13.8, 12.43, 14.33, 15.98, 15.11, 14.72, 13.32, 10.79, 12.15, 14.53, 14.38, 14.01, 13.5, 13.73, 14.4, 13.76, 11.8, 9.34, 8.73, 13.0, 18.62, 17.96, 13.22, 9.16]","[20.24, 21.09, 21.12, 20.69, 19.96, 18.88, 17.31, 15.01, 13.44, 12.13, 11.32, 11.32, 11.36, 11.29, 10.66, 10.71, 11.33, 12.5, 13.95, 15.44, 16.9, 19.24, 22.26, 23.98]","[28.75, 26.69, 25.25, 21.4, 19.97, 19.01, 17.24, 18.27, 14.48, 14.4, 13.41, 13.42, 13.21, 12.96, 14.37, 13.49, 14.27, 14.13, 15.34, 15.33, 14.88, 15.47, 16.1, 15.7]",,,
2026-10-07T13:31:33.950531+00:00,Manila,"OpenAQ (ground sensor) [fine-tuned, C regularised]",2,"[12.91, 13.41, 13.39, 13.55, 13.45, 12.95, 12.85, 13.05, 13.08, 12.83, 13.0, 12.49, 12.39, 13.04, 13.37, 13.34, 13.24, 13.11, 12.99, 12.82, 12.44, 11.79, 11.74, 11.52]","[12.56, 15.35, 17.98, 19.75, 20.16, 19.54, 17.92, 16.53, 16.8, 17.32, 17.02, 16.9, 15.57, 14.67, 15.48, 16.67, 17.35, 16.71, 14.54, 12.66, 11.24, 9.63, 8.78, 7.82]","[180.94, 140.26, 97.88, 72.67, 63.23, 42.19, 34.26, 46.43, 39.24, 18.16, 27.11, 41.92, 37.14, 30.03, 32.06, 35.32, 29.2, 21.89, 23.46, 37.51, 34.61, 21.11, 15.76, 28.8]","[101.37, 89.4, 75.52, 58.32, 42.06, 30.26, 22.67, 13.69, 5.4, 3.81, 3.21, 6.92, -1.83, 0.22, 0.71, 1.49, 4.07, 5.33, 4.73, 9.43, 10.17, 14.89, 17.02, 18.89]",,,
2026-10-07T13:31:57.000911+00:00,Quezon_City,"OpenAQ (ground sensor) [fine-tuned, C regularised]",29,"[16.85, 18.13, 18.66, 18.74, 18.57, 18.03, 17.71, 17.58, 17.58, 17.73, 18.15, 17.33, 16.9, 17.56, 17.89, 17.71, 17.75, 17.51, 16.9, 16.65, 16.6, 15.92, 15.79, 15.64]","[18.82, 17.71, 17.9, 18.5, 20.13, 21.45, 19.74, 19.6, 21.79, 19.8, 15.18, 16.45, 17.69, 17.85, 18.66, 18.17, 18.27, 19.33, 19.26, 18.98, 20.13, 19.18, 15.82, 13.3]","[55.61, 49.72, 43.91, 38.23, 34.99, 33.46, 32.08, 31.2, 30.58, 29.37, 29.08, 29.47, 29.39, 28.28, 27.42, 27.6, 27.65, 28.04, 29.56, 30.32, 30.36, 29.74, 28.72, 27.65]","[55.13, 52.73, 49.57, 45.17, 42.82, 39.19, 37.06, 34.62, 31.22, 31.88, 29.57, 30.19, 27.39, 26.93, 26.32, 26.0, 24.96, 24.03, 22.68, 23.28, 23.28, 24.18, 24.25, 24.49]",,,
2026-10-07T13:36:47.865386+00:00,Quezon_City,"OpenAQ (ground sensor) [fine-tuned, C regularised]",29,"[16.85, 18.13, 18.66, 18.74, 18.57, 18.03, 17.71, 17.58, 17.58, 17.73, 18.15, 17.33, 16.9, 17.56, 17.89, 17.71, 17.75, 17.51, 16.9, 16.65, 16.6, 15.92, 15.79, 15.64]","[18.82, 17.71, 17.9, 18.5, 20.13, 21.45, 19.74, 19.6, 21.79, 19.8, 15.18, 16.45, 17.69, 17.85, 18.66, 18.17, 18.27, 19.33, 19.26, 18.98, 20.13, 19.18, 15.82, 13.3]","[55.61, 49.72, 43.91, 38.23, 34.99, 33.46, 32.08, 31.2, 30.58, 29.37, 29.08, 29.47, 29.39, 28.28, 27.42, 27.6, 27.65, 28.04, 29.56, 30.32, 30.36, 29.74, 28.72, 27.65]","[55.13, 52.73, 49.57, 45.17, 42.82, 39.19, 37.06, 34.62, 31.22, 31.88, 29.57, 30.19, 27.39, 26.93, 26.32, 26.0, 24.96, 24.03, 22.68, 23.28, 23.28, 24.18, 24.25, 24.49]",,,
2026-10-07T13:36:47.867681+00:00,Manila,"OpenAQ (ground sensor) [fine-tuned, C regularised]",2,"[12.91, 13.41, 13.39, 13.55, 13.45, 12.95, 12.85, 13.05, 13.08, 12.83, 13.0, 12.49, 12.39, 13.04, 13.37, 13.34, 13.24, 13.11, 12.99, 12.82, 12.44, 11.79, 11.74, 11.52]","[12.56, 15.35, 17.98, 19.75, 20.16, 19.54, 17.92, 16.53, 16.8, 17.32, 17.02, 16.9, 15.57, 14.67, 15.48, 16.67, 17.35, 16.71, 14.54, 12.66, 11.24, 9.63, 8.78, 7.82]","[180.94, 140.26, 97.88, 72.67, 63.23, 42.19, 34.26, 46.43, 39.24, 18.16, 27.11, 41.92, 37.14, 30.03, 32.06, 35.32, 29.2, 21.89, 23.46, 37.51, 34.61, 21.11, 15.76, 28.8]","[101.37, 89.4, 75.52, 58.32, 42.06, 30.26, 22.67, 13.69, 5.4, 3.81, 3.21, 6.92, -1.83, 0.22, 0.71, 1.49, 4.07, 5.33, 4.73, 9.43, 10.17, 14.89, 17.02, 18.89]",,,
2026-10-07T13:36:48.159416+00:00,Caloocan,"OpenAQ (ground sensor) [fine-tuned, C regularised]",31,"[27.49, 28.65, 28.71, 28.2, 28.04, 27.7, 27.58, 27.41, 27.9, 28.53, 28.69, 26.99, 25.92, 26.54, 26.93, 26.52, 26.6, 26.39, 25.3, 24.77, 24.85, 24.33, 24.34, 24.36]","[34.02, 31.49, 30.4, 30.74, 31.96, 32.21, 28.57, 27.82, 32.41, 32.74, 26.85, 24.92, 26.61, 28.52, 30.17, 28.88, 27.8, 28.54, 28.17, 27.79, 30.44, 30.42, 25.46, 23.88]","[58.29, 52.24, 44.82, 38.29, 35.39, 35.11, 35.26, 35.67, 35.84, 35.46, 35.93, 36.01, 35.27, 34.42, 33.63, 33.42, 33.57, 34.7, 36.53, 37.24, 37.14, 36.64, 35.97, 35.07]","[81.64, 74.48, 67.42, 56.01, 51.98, 46.76, 43.04, 40.36, 35.74, 36.94, 34.36, 36.08, 33.98, 34.09, 35.25, 36.41, 34.64, 34.64, 34.1, 36.62, 35.28, 38.44, 38.4, 36.98]",,,
2026-10-07T13:36:49.014168+00:00,Makati,"OpenAQ (ground sensor) [fine-tuned, C regularised]",31,"[15.95, 16.1, 15.39, 14.86, 14.35, 13.11, 11.98, 11.77, 12.43, 12.98, 13.51, 12.96, 12.75, 13.7, 14.47, 14.47, 14.03, 13.52, 13.11, 12.81, 12.23, 11.35, 11.42, 11.57]","[12.66, 12.63, 13.48, 14.91, 15.45, 15.54, 15.2, 15.69, 16.53, 16.41, 15.61, 16.25, 16.03, 16.2, 17.01, 16.45, 17.04, 18.14, 17.29, 17.86, 20.09, 18.33, 15.04, 15.32]","[30.58, 28.54, 26.62, 25.41, 24.82, 24.36, 23.91, 23.63, 23.78, 23.8, 23.65, 23.46, 22.92, 22.37, 22.02, 22.02, 21.97, 22.56, 23.51, 24.13, 24.69, 25.59, 26.35, 26.49]","[23.44, 22.89, 22.59, 21.93, 21.92, 21.27, 20.9, 20.34, 19.92, 20.2, 19.58, 19.84, 19.57, 19.42, 19.17, 19.54, 19.19, 19.07, 19.12, 19.79, 20.15, 20.17, 20.63, 20.77]",,,
2026-10-07T13:36:49.047519+00:00,Valenzuela,"OpenAQ (ground sensor) [fine-tuned, C regularised]",29,"[15.76, 16.66, 16.91, 17.02, 17.19, 16.7, 16.12, 15.97, 16.14, 16.4, 16.85, 15.95, 15.11, 15.61, 16.23, 16.3, 16.25, 15.86, 15.27, 15.2, 15.23, 14.59, 14.47, 14.18]","[15.11, 15.57, 17.53, 19.19, 18.45, 17.02, 16.74, 17.62, 16.58, 14.92, 15.75, 18.37, 17.45, 16.76, 18.32, 17.7, 16.32, 15.99, 16.07, 17.74, 19.8, 19.67, 16.86, 13.82]","[36.63, 34.61, 32.5, 30.75, 29.62, 28.92, 28.55, 28.31, 28.35, 27.97, 27.75, 27.54, 26.92, 26.5, 26.11, 26.04, 26.29, 27.24, 28.78, 29.79, 30.22, 30.26, 29.7, 28.75]","[38.87, 37.34, 35.65, 33.2, 31.23, 29.15, 27.72, 26.45, 24.55, 25.19, 23.57, 24.88, 23.36, 23.11, 22.65, 22.42, 22.14, 21.8, 21.33, 21.84, 21.88, 22.47, 22.84, 23.17]",,,
2026-10-07T13:36:49.058618+00:00,Pasig,"OpenAQ (ground sensor) [fine-tuned, C regularised]",35,"[25.37, 22.38, 18.81, 18.5, 20.31, 20.63, 19.57, 19.08, 20.39, 22.97, 24.76, 23.85, 21.75, 21.29, 21.92, 22.46, 22.57, 22.19, 21.8, 21.31, 20.51, 19.18, 18.93, 19.27]","[25.36, 26.13, 26.82, 26.71, 24.94, 24.34, 23.74, 23.51, 25.96, 28.12, 28.35, 26.3, 22.5, 20.1, 22.02, 22.88, 21.67, 19.15, 16.07, 19.36, 29.81, 32.24, 25.62, 25.22]","[35.63, 34.42, 32.52, 30.32, 28.0, 25.95, 24.88, 24.85, 25.44, 26.07, 26.85, 27.45, 27.48, 27.4, 27.26, 27.26, 27.3, 27.79, 28.35, 28.39, 27.91, 27.46, 27.41, 27.34]","[42.91, 39.54, 37.59, 33.87, 31.47, 29.06, 27.32, 27.47, 25.73, 26.18, 25.97, 27.72, 27.78, 26.97, 27.21, 27.96, 27.61, 27.99, 26.92, 27.3, 28.14, 28.58, 29.21, 29.15]",,,
2026-10-07T13:36:49.358206+00:00,Makati,"OpenAQ (ground sensor) [fine-tuned, C regularised]",31,"[15.95, 16.1, 15.39, 14.86, 14.35, 13.11, 11.98, 11.77, 12.43, 12.98, 13.51, 12.96, 12.75, 13.7, 14.47, 14.47, 14.03, 13.52, 13.11, 12.81, 12.23, 11.35, 11.42, 11.57]","[12.66, 12.63, 13.48, 14.91, 15.45, 15.54, 15.2, 15.69, 16.53, 16.41, 15.61, 16.25, 16.03, 16.2, 17.01, 16.45, 17.04, 18.14, 17.29, 17.86, 20.09, 18.33, 15.04, 15.32]","[30.58, 28.54, 26.62, 25.41, 24.82, 24.36, 23.91, 23.63, 23.78, 23.8, 23.65, 23.46, 22.92, 22.37, 22.02, 22.02, 21.97, 22.56, 23.51, 24.13, 24.69, 25.59, 26.35, 26.49]","[23.44, 22.89, 22.59, 21.93, 21.92, 21.27, 20.9, 20.34, 19.92, 20.2, 19.58, 19.84, 19.57, 19.42, 19.17, 19.54, 19.19, 19.07, 19.12, 19.79, 20.15, 20.17, 20.63, 20.77]",,,
2026-10-07T13:36:50.140321+00:00,Mandaluyong,"OpenAQ (ground sensor) [fine-tuned, C regularised]",29,"[15.65, 16.42, 16.62, 16.61, 16.15, 15.15, 14.61, 14.67, 15.01, 15.31, 15.8, 15.21, 14.92, 15.56, 15.92, 15.75, 15.6, 15.29, 14.82, 14.64, 14.56, 14.04, 14.17, 14.26]","[16.84, 16.25, 16.77, 18.66, 19.73, 18.77, 16.71, 16.7, 18.66, 19.24, 17.73, 17.35, 16.72, 16.56, 17.02, 17.05, 17.59, 17.36, 15.89, 16.77, 19.63, 18.76, 15.31, 13.51]","[41.92, 35.27, 28.62, 23.41, 21.25, 21.19, 21.85, 23.24, 24.7, 25.08, 25.27, 25.96, 26.21, 25.96, 25.71, 25.73, 25.37, 25.77, 27.18, 28.11, 28.79, 29.33, 29.16, 27.81]","[30.56, 29.51, 28.79, 27.29, 25.89, 24.98, 24.1, 23.13, 22.08, 22.25, 21.33, 21.74, 21.14, 20.48, 20.25, 20.27, 19.51, 19.02, 18.43, 18.73, 18.56, 18.93, 19.47, 19.45]",,,
2026-10-07T13:36:52.656388+00:00,Quezon_City,"OpenAQ (ground sensor) [fine-tuned, C regularised]",29,"[16.85, 18.13, 18.66, 18.74, 18.57, 18.03, 17.71, 17.58, 17.58, 17.73, 18.15, 17.33, 16.9, 17.56, 17.89, 17.71, 17.75, 17.51, 16.9, 16.65, 16.6, 15.92, 15.79, 15.64]","[18.82, 17.71, 17.9, 18.5, 20.13, 21.45, 19.74, 19.6, 21.79, 19.8, 15.18, 16.45, 17.69, 17.85, 18.66, 18.17, 18.27, 19.33, 19.26, 18.98, 20.13, 19.18, 15.82, 13.3]","[55.61, 49.72, 43.91, 38.23, 34.99, 33.46, 32.08, 31.2, 30.58, 29.37, 29.08, 29.47, 29.39, 28.28, 27.42, 27.6, 27.65, 28.04, 29.56, 30.32, 30.36, 29.74, 28.72, 27.65]","[55.13, 52.73, 49.57, 45.17, 42.82, 39.19, 37.06, 34.62, 31.22, 31.88, 29.57, 30.19, 27.39, 26.93, 26.32, 26.0, 24.96, 24.03, 22.68, 23.28, 23.28, 24.18, 24.25, 24.49]",,,
2026-10-07T13:36:52.803105+00:00,Manila,"OpenAQ (ground sensor) [fine-tuned, C regularised]",2,"[12.91, 13.41, 13.39, 13.55, 13.45, 12.95, 12.85, 13.05, 13.08, 12.83, 13.0, 12.49, 12.39, 13.04, 13.37, 13.34, 13.24, 13.11, 12.99, 12.82, 12.44, 11.79, 11.74, 11.52]","[12.56, 15.35, 17.98, 19.75, 20.16, 19.54, 17.92, 16.53, 16.8, 17.32, 17.02, 16.9, 15.57, 14.67, 15.48, 16.67, 17.35, 16.71, 14.54, 12.66, 11.24, 9.63, 8.78, 7.82]","[180.94, 140.26, 97.88, 72.67, 63.23, 42.19, 34.26, 46.43, 39.24, 18.16, 27.11, 41.92, 37.14, 30.03, 32.06, 35.32, 29.2, 21.89, 23.46, 37.51, 34.61, 21.11, 15.76, 28.8]","[101.37, 89.4, 75.52, 58.32, 42.06, 30.26, 22.67, 13.69, 5.4, 3.81, 3.21, 6.92, -1.83, 0.22, 0.71, 1.49, 4.07, 5.33, 4.73, 9.43, 10.17, 14.89, 17.02, 18.89]",,,
2026-10-07T13:36:52.966598+00:00,Makati,"OpenAQ (ground sensor) [fine-tuned, C regularised]",31,"[15.95, 16.1, 15.39, 14.86, 14.35, 13.11, 11.98, 11.77, 12.43, 12.98, 13.51, 12.96, 12.75, 13.7, 14.47, 14.47, 14.03, 13.52, 13.11, 12.81, 12.23, 11.35, 11.42, 11.57]","[12.66, 12.63, 13.48, 14.91, 15.45, 15.54, 15.2, 15.69, 16.53, 16.41, 15.61, 16.25, 16.03, 16.2, 17.01, 16.45, 17.04, 18.14, 17.29, 17.86, 20.09, 18.33, 15.04, 15.32]","[30.58, 28.54, 26.62, 25.41, 24.82, 24.36, 23.91, 23.63, 23.78, 23.8, 23.65, 23.46, 22.92, 22.37, 22.02, 22.02, 21.97, 22.56, 23.51, 24.13, 24.69, 25.59, 26.35, 26.49]","[23.44, 22.89, 22.59, 21.93, 21.92, 21.27, 20.9, 20.34, 19.92, 20.2, 19.58, 19.84, 19.57, 19.42, 19.17, 19.54, 19.19, 19.07, 19.12, 19.79, 20.15, 20.17, 20.63, 20.77]",,,
2026-10-07T13:36:53.094177+00:00,Valenzuela,"OpenAQ (ground sensor) [fine-tuned, C regularised]",29,"[15.76, 16.66, 16.91, 17.02, 17.19, 16.7, 16.12, 15.97, 16.14, 16.4, 16.85, 15.95, 15.11, 15.61, 16.23, 16.3, 16.25, 15.86, 15.27, 15.2, 15.23, 14.59, 14.47, 14.18]","[15.11, 15.57, 17.53, 19.19, 18.45, 17.02, 16.74, 17.62, 16.58, 14.92, 15.75, 18.37, 17.45, 16.76, 18.32, 17.7, 16.32, 15.99, 16.07, 17.74, 19.8, 19.67, 16.86, 13.82]","[36.63, 34.61, 32.5, 30.75, 29.62, 28.92, 28.55, 28.31, 28.35, 27.97, 27.75, 27.54, 26.92, 26.5, 26.11, 26.04, 26.29, 27.24, 28.78, 29.79, 30.22, 30.26, 29.7, 28.75]","[38.87, 37.34, 35.65, 33.2, 31.23, 29.15, 27.72, 26.45, 24.55, 25.19, 23.57, 24.88, 23.36, 23.11, 22.65, 22.42, 22.14, 21.8, 21.33, 21.84, 21.88, 22.47, 22.84, 23.17]",,,
2026-10-07T13:36:53.312410+00:00,Pasig,"OpenAQ (ground sensor) [fine-tuned, C regularised]",35,"[25.37, 22.38, 18.81, 18.5, 20.31, 20.63, 19.57, 19.08, 20.39, 22.97, 24.76, 23.85, 21.75, 21.29, 21.92, 22.46, 22.57, 22.19, 21.8, 21.31, 20.51, 19.18, 18.93, 19.27]","[25.36, 26.13, 26.82, 26.71, 24.94, 24.34, 23.74, 23.51, 25.96, 28.12, 28.35, 26.3, 22.5, 20.1, 22.02, 22.88, 21.67, 19.15, 16.07, 19.36, 29.81, 32.24, 25.62, 25.22]","[35.63, 34.42, 32.52, 30.32, 28.0, 25.95, 24.88, 24.85, 25.44, 26.07, 26.85, 27.45, 27.48, 27.4, 27.26, 27.26, 27.3, 27.79, 28.35, 28.39, 27.91, 27.46, 27.41, 27.34]","[42.91, 39.54, 37.59, 33.87, 31.47, 29.06, 27.32, 27.47, 25.73, 26.18, 25.97, 27.72, 27.78, 26.97, 27.21, 27.96, 27.61, 27.99, 26.92, 27.3, 28.14, 28.58, 29.21, 29.15]",,,
2026-10-07T13:36:53.425628+00:00,Caloocan,"OpenAQ (ground sensor) [fine-tuned, C regularised]",31,"[27.49, 28.65, 28.71, 28.2, 28.04, 27.7, 27.58, 27.41, 27.9, 28.53, 28.69, 26.99, 25.92, 26.54, 26.93, 26.52, 26.6, 26.39, 25.3, 24.77, 24.85, 24.33, 24.34, 24.36]","[34.02, 31.49, 30.4, 30.74, 31.96, 32.21, 28.57, 27.82, 32.41, 32.74, 26.85, 24.92, 26.61, 28.52, 30.17, 28.88, 27.8, 28.54, 28.17, 27.79, 30.44, 30.42, 25.46, 23.88]","[58.29, 52.24, 44.82, 38.29, 35.39, 35.11, 35.26, 35.67, 35.84, 35.46, 35.93, 36.01, 35.27, 34.42, 33.63, 33.42, 33.57, 34.7, 36.53, 37.24, 37.14, 36.64, 35.97, 35.07]","[81.64, 74.48, 67.42, 56.01, 51.98, 46.76, 43.04, 40.36, 35.74, 36.94, 34.36, 36.08, 33.98, 34.09, 35.25, 36.41, 34.64, 34.64, 34.1, 36.62, 35.28, 38.44, 38.4, 36.98]",,,
2026-10-07T13:36:54.621449+00:00,Mandaluyong,"OpenAQ (ground sensor) [fine-tuned, C regularised]",29,"[15.65, 16.42, 16.62, 16.61, 16.15, 15.15, 14.61, 14.67, 15.01, 15.31, 15.8, 15.21, 14.92, 15.56, 15.92, 15.75, 15.6, 15.29, 14.82, 14.64, 14.56, 14.04, 14.17, 14.26]","[16.84, 16.25, 16.77, 18.66, 19.73, 18.77, 16.71, 16.7, 18.66, 19.24, 17.73, 17.35, 16.72, 16.56, 17.02, 17.05, 17.59, 17.36, 15.89, 16.77, 19.63, 18.76, 15.31, 13.51]","[41.92, 35.27, 28.62, 23.41, 21.25, 21.19, 21.85, 23.24, 24.7, 25.08, 25.27, 25.96, 26.21, 25.96, 25.71, 25.73, 25.37, 25.77, 27.18, 28.11, 28.79, 29.33, 29.16, 27.81]","[30.56, 29.51, 28.79, 27.29, 25.89, 24.98, 24.1, 23.13, 22.08, 22.25, 21.33, 21.74, 21.14, 20.48, 20.25, 20.27, 19.51, 19.02, 18.43, 18.73, 18.56, 18.93, 19.47, 19.45]",,,
2026-10-07T13:36:54.813496+00:00,San_Juan,"OpenAQ (ground sensor) [fine-tuned, C regularised]",28,"[15.88, 15.52, 14.87, 14.95, 15.2, 14.91, 14.66, 14.68, 14.79, 14.75, 14.87, 13.99, 13.49, 14.24, 14.86, 14.79, 14.56, 14.49, 14.55, 14.46, 13.98, 13.16, 13.08, 12.83]","[17.08, 15.95, 17.27, 19.96, 20.62, 19.2, 16.99, 17.24, 19.37, 19.12, 16.85, 17.3, 17.04, 17.16, 17.43, 15.8, 16.55, 18.49, 17.06, 16.49, 19.72, 19.69, 15.98, 14.05]","[47.33, 41.69, 35.17, 29.03, 25.76, 24.91, 25.27, 26.03, 26.75, 25.96, 25.3, 25.58, 25.55, 25.36, 25.24, 25.78, 25.88, 26.36, 27.2, 27.5, 27.64, 27.91, 28.61, 28.93]","[37.25, 35.52, 33.96, 31.54, 29.43, 27.54, 26.19, 25.02, 23.59, 24.19, 22.91, 24.02, 22.96, 22.37, 22.28, 22.26, 21.65, 21.27, 20.89, 21.31, 20.99, 21.55, 22.04, 22.01]",,,
2026-10-07T13:36:55.202940+00:00,Pasay,"OpenAQ (ground sensor) [fine-tuned, C regularised]",31,"[24.66, 24.42, 23.06, 21.78, 20.75, 19.2, 18.08, 17.92, 19.2, 20.38, 20.86, 19.62, 18.96, 19.99, 20.89, 20.65, 20.04, 19.45, 18.7, 18.12, 17.65, 16.96, 17.26, 17.7]","[29.0, 29.19, 29.64, 30.22, 30.14, 29.52, 26.82, 24.77, 25.37, 26.57, 25.95, 24.92, 24.19, 24.32, 25.32, 24.74, 24.51, 24.39, 23.49, 24.82, 28.38, 27.74, 23.77, 23.26]","[46.16, 41.78, 36.56, 32.37, 30.19, 29.27, 29.17, 29.67, 30.38, 30.41, 30.35, 30.0, 29.32, 29.08, 29.35, 29.68, 29.44, 29.69, 30.43, 30.78, 31.14, 31.81, 32.43, 32.26]","[69.23, 63.85, 58.29, 50.11, 45.95, 40.78, 37.65, 34.7, 30.65, 31.69, 30.21, 31.61, 29.67, 29.64, 29.75, 30.98, 29.82, 29.77, 28.3, 30.12, 29.82, 31.42, 31.6, 31.41]",,,
2026-10-07T13:36:55.693753+00:00,Navotas,"OpenAQ (ground sensor) [fine-tuned, C regularised]",26,"[22.08, 22.19, 21.93, 22.21, 22.33, 21.97, 22.0, 22.09, 22.02, 22.06, 22.26, 21.13, 20.87, 22.01, 22.52, 22.03, 21.91, 22.16, 22.19, 22.08, 22.1, 21.34, 20.93, 20.8]","[21.66, 20.84, 21.9, 22.71, 21.72, 20.41, 18.76, 20.0, 24.16, 24.01, 20.49, 19.55, 18.24, 17.95, 19.76, 19.33, 19.76, 20.71, 18.53, 17.89, 22.5, 22.44, 17.1, 15.96]","[88.23, 71.5, 53.68, 42.02, 37.11, 34.61, 33.69, 34.62, 35.07, 33.9, 33.89, 34.47, 34.53, 33.81, 32.57, 31.73, 30.75, 30.91, 33.44, 35.55, 36.32, 36.19, 35.57, 34.15]","[76.71, 71.01, 63.4, 52.83, 49.24, 43.05, 40.82, 36.25, 31.22, 31.15, 29.07, 28.81, 24.45, 24.46, 25.2, 25.46, 23.32, 23.0, 20.29, 22.29, 20.7, 23.44, 23.11, 22.54]",,,
2026-10-07T13:36:59.365693+00:00,Manila,"NASA GEOS-CF v2 (S3, live)",29,"[13.84, 14.94, 15.21, 14.96, 14.42, 13.32, 12.61, 12.65, 13.11, 13.3, 13.85, 13.37, 12.99, 13.46, 13.63, 13.49, 13.42, 13.19, 12.72, 12.73, 12.59, 12.03, 12.06, 11.96]","[13.8, 12.43, 14.33, 15.98, 15.11, 14.72, 13.32, 10.79, 12.15, 14.53, 14.38, 14.01, 13.5, 13.73, 14.4, 13.76, 11.8, 9.34, 8.73, 13.0, 18.62, 17.96, 13.22, 9.16]","[20.24, 21.09, 21.12, 20.69, 19.96, 18.88, 17.31, 15.01, 13.44, 12.13, 11.32, 11.32, 11.36, 11.29, 10.66, 10.71, 11.33, 12.5, 13.95, 15.44, 16.9, 19.24, 22.26, 23.98]","[28.75, 26.69, 25.25, 21.4, 19.97, 19.01, 17.24, 18.27, 14.48, 14.4, 13.41, 13.42, 13.21, 12.96, 14.37, 13.49, 14.27, 14.13, 15.34, 15.33, 14.88, 15.47, 16.1, 15.7]",,,
2026-10-07T13:37:58.946857+00:00,Caloocan,"OpenAQ (ground sensor) [fine-tuned, C regularised]",31,"[27.49, 28.65, 28.71, 28.2, 28.04, 27.7, 27.58, 27.41, 27.9, 28.53, 28.69, 26.99, 25.92, 26.54, 26.93, 26.52, 26.6, 26.39, 25.3, 24.77, 24.85, 24.33, 24.34, 24.36]","[34.02, 31.49, 30.4, 30.74, 31.96, 32.21, 28.57, 27.82, 32.41, 32.74, 26.85, 24.92, 26.61, 28.52, 30.17, 28.88, 27.8, 28.54, 28.17, 27.79, 30.44, 30.42, 25.46, 23.88]","[58.29, 52.24, 44.82, 38.29, 35.39, 35.11, 35.26, 35.67, 35.84, 35.46, 35.93, 36.01, 35.27, 34.42, 33.63, 33.42, 33.57, 34.7, 36.53, 37.24, 37.14, 36.64, 35.97, 35.07]","[81.64, 74.48, 67.42, 56.01, 51.98, 46.76, 43.04, 40.36, 35.74, 36.94, 34.36, 36.08, 33.98, 34.09, 35.25, 36.41, 34.64, 34.64, 34.1, 36.62, 35.28, 38.44, 38.4, 36.98]",,,
2026-10-07T13:37:59.155891+00:00,Quezon_City,"OpenAQ (ground sensor) [fine-tuned, C regularised]",29,"[16.85, 18.13, 18.66, 18.74, 18.57, 18.03, 17.71, 17.58, 17.58, 17.73, 18.15, 17.33, 16.9, 17.56, 17.89, 17.71, 17.75, 17.51, 16.9, 16.65, 16.6, 15.92, 15.79, 15.64]","[18.82, 17.71, 17.9, 18.5, 20.13, 21.45, 19.74, 19.6, 21.79, 19.8, 15.18, 16.45, 17.69, 17.85, 18.66, 18.17, 18.27, 19.33, 19.26, 18.98, 20.13, 19.18, 15.82, 13.3]","[55.61, 49.72, 43.91, 38.23, 34.99, 33.46, 32.08, 31.2, 30.58, 29.37, 29.08, 29.47, 29.39, 28.28, 27.42, 27.6, 27.65, 28.04, 29.56, 30.32, 30.36, 29.74, 28.72, 27.65]","[55.13, 52.73, 49.57, 45.17, 42.82, 39.19, 37.06, 34.62, 31.22, 31.88, 29.57, 30.19, 27.39, 26.93, 26.32, 26.0, 24.96, 24.03, 22.68, 23.28, 23.28, 24.18, 24.25, 24.49]",,,
2026-10-07T13:37:59.263434+00:00,Manila,"OpenAQ (ground sensor) [fine-tuned, C regularised]",2,"[12.91, 13.41, 13.39, 13.55, 13.45, 12.95, 12.85, 13.05, 13.08, 12.83, 13.0, 12.49, 12.39, 13.04, 13.37, 13.34, 13.24, 13.11, 12.99, 12.82, 12.44, 11.79, 11.74, 11.52]","[12.56, 15.35, 17.98, 19.75, 20.16, 19.54, 17.92, 16.53, 16.8, 17.32, 17.02, 16.9, 15.57, 14.67, 15.48, 16.67, 17.35, 16.71, 14.54, 12.66, 11.24, 9.63, 8.78, 7.82]","[180.94, 140.26, 97.88, 72.67, 63.23, 42.19, 34.26, 46.43, 39.24, 18.16, 27.11, 41.92, 37.14, 30.03, 32.06, 35.32, 29.2, 21.89, 23.46, 37.51, 34.61, 21.11, 15.76, 28.8]","[101.37, 89.4, 75.52, 58.32, 42.06, 30.26, 22.67, 13.69, 5.4, 3.81, 3.21, 6.92, -1.83, 0.22, 0.71, 1.49, 4.07, 5.33, 4.73, 9.43, 10.17, 14.89, 17.02, 18.89]",,,
2026-10-07T13:37:59.665549+00:00,Makati,"OpenAQ (ground sensor) [fine-tuned, C regularised]",31,"[15.95, 16.1, 15.39, 14.86, 14.35, 13.11, 11.98, 11.77, 12.43, 12.98, 13.51, 12.96, 12.75, 13.7, 14.47, 14.47, 14.03, 13.52, 13.11, 12.81, 12.23, 11.35, 11.42, 11.57]","[12.66, 12.63, 13.48, 14.91, 15.45, 15.54, 15.2, 15.69, 16.53, 16.41, 15.61, 16.25, 16.03, 16.2, 17.01, 16.45, 17.04, 18.14, 17.29, 17.86, 20.09, 18.33, 15.04, 15.32]","[30.58, 28.54, 26.62, 25.41, 24.82, 24.36, 23.91, 23.63, 23.78, 23.8, 23.65, 23.46, 22.92, 22.37, 22.02, 22.02, 21.97, 22.56, 23.51, 24.13, 24.69, 25.59, 26.35, 26.49]","[23.44, 22.89, 22.59, 21.93, 21.92, 21.27, 20.9, 20.34, 19.92, 20.2, 19.58, 19.84, 19.57, 19.42, 19.17, 19.54, 19.19, 19.07, 19.12, 19.79, 20.15, 20.17, 20.63, 20.77]",,,
2026-10-07T13:37:59.960202+00:00,Pasig,"OpenAQ (ground sensor) [fine-tuned, C regularised]",35,"[25.37, 22.38, 18.81, 18.5, 20.31, 20.63, 19.57, 19.08, 20.39, 22.97, 24.76, 23.85, 21.75, 21.29, 21.92, 22.46, 22.57, 22.19, 21.8, 21.31, 20.51, 19.18, 18.93, 19.27]","[25.36, 26.13, 26.82, 26.71, 24.94, 24.34, 23.74, 23.51, 25.96, 28.12, 28.35, 26.3, 22.5, 20.1, 22.02, 22.88, 21.67, 19.15, 16.07, 19.36, 29.81, 32.24, 25.62, 25.22]","[35.63, 34.42, 32.52, 30.32, 28.0, 25.95, 24.88, 24.85, 25.44, 26.07, 26.85, 27.45, 27.48, 27.4, 27.26, 27.26, 27.3, 27.79, 28.35, 28.39, 27.91, 27.46, 27.41, 27.34]","[42.91, 39.54, 37.59, 33.87, 31.47, 29.06, 27.32, 27.47, 25.73, 26.18, 25.97, 27.72, 27.78, 26.97, 27.21, 27.96, 27.61, 27.99, 26.92, 27.3, 28.14, 28.58, 29.21, 29.15]",,,
2026-10-07T13:38:00.019208+00:00,Valenzuela,"OpenAQ (ground sensor) [fine-tuned, C regularised]",29,"[15.76, 16.66, 16.91, 17.02, 17.19, 16.7, 16.12, 15.97, 16.14, 16.4, 16.85, 15.95, 15.11, 15.61, 16.23, 16.3, 16.25, 15.86, 15.27, 15.2, 15.23, 14.59, 14.47, 14.18]","[15.11, 15.57, 17.53, 19.19, 18.45, 17.02, 16.74, 17.62, 16.58, 14.92, 15.75, 18.37, 17.45, 16.76, 18.32, 17.7, 16.32, 15.99, 16.07, 17.74, 19.8, 19.67, 16.86, 13.82]","[36.63, 34.61, 32.5, 30.75, 29.62, 28.92, 28.55, 28.31, 28.35, 27.97, 27.75, 27.54, 26.92, 26.5, 26.11, 26.04, 26.29, 27.24, 28.78, 29.79, 30.22, 30.26, 29.7, 28.75]","[38.87, 37.34, 35.65, 33.2, 31.23, 29.15, 27.72, 26.45, 24.55, 25.19, 23.57, 24.88, 23.36, 23.11, 22.65, 22.42, 22.14, 21.8, 21.33, 21.84, 21.88, 22.47, 22.84, 23.17]",,,
2026-10-07T13:38:01.374980+00:00,Pasay,"OpenAQ (ground sensor) [fine-tuned, C regularised]",31,"[24.66, 24.42, 23.06, 21.78, 20.75, 19.2, 18.08, 17.92, 19.2, 20.38, 20.86, 19.62, 18.96, 19.99, 20.89, 20.65, 20.04, 19.45, 18.7, 18.12, 17.65, 16.96, 17.26, 17.7]","[29.0, 29.19, 29.64, 30.22, 30.14, 29.52, 26.82, 24.77, 25.37, 26.57, 25.95, 24.92, 24.19, 24.32, 25.32, 24.74, 24.51, 24.39, 23.49, 24.82, 28.38, 27.74, 23.77, 23.26]","[46.16, 41.78, 36.56, 32.37, 30.19, 29.27, 29.17, 29.67, 30.38, 30.41, 30.35, 30.0, 29.32, 29.08, 29.35, 29.68, 29.44, 29.69, 30.43, 30.78, 31.14, 31.81, 32.43, 32.26]","[69.23, 63.85, 58.29, 50.11, 45.95, 40.78, 37.65, 34.7, 30.65, 31.69, 30.21, 31.61, 29.67, 29.64, 29.75, 30.98, 29.82, 29.77, 28.3, 30.12, 29.82, 31.42, 31.6, 31.41]",,,
2026-10-07T13:38:01.777388+00:00,Navotas,"OpenAQ (ground sensor) [fine-tuned, C regularised]",26,"[22.08, 22.19, 21.93, 22.21, 22.33, 21.97, 22.0, 22.09, 22.02, 22.06, 22.26, 21.13, 20.87, 22.01, 22.52, 22.03, 21.91, 22.16, 22.19, 22.08, 22.1, 21.34, 20.93, 20.8]","[21.66, 20.84, 21.9, 22.71, 21.72, 20.41, 18.76, 20.0, 24.16, 24.01, 20.49, 19.55, 18.24, 17.95, 19.76, 19.33, 19.76, 20.71, 18.53, 17.89, 22.5, 22.44, 17.1, 15.96]","[88.23, 71.5, 53.68, 42.02, 37.11, 34.61, 33.69, 34.62, 35.07, 33.9, 33.89, 34.47, 34.53, 33.81, 32.57, 31.73, 30.75, 30.91, 33.44, 35.55, 36.32, 36.19, 35.57, 34.15]","[76.71, 71.01, 63.4, 52.83, 49.24, 43.05, 40.82, 36.25, 31.22, 31.15, 29.07, 28.81, 24.45, 24.46, 25.2, 25.46, 23.32, 23.0, 20.29, 22.29, 20.7, 23.44, 23.11, 22.54]",,,
2026-10-07T13:38:01.903668+00:00,Mandaluyong,"OpenAQ (ground sensor) [fine-tuned, C regularised]",29,"[15.65, 16.42, 16.62, 16.61, 16.15, 15.15, 14.61, 14.67, 15.01, 15.31, 15.8, 15.21, 14.92, 15.56, 15.92, 15.75, 15.6, 15.29, 14.82, 14.64, 14.56, 14.04, 14.17, 14.26]","[16.84, 16.25, 16.77, 18.66, 19.73, 18.77, 16.71, 16.7, 18.66, 19.24, 17.73, 17.35, 16.72, 16.56, 17.02, 17.05, 17.59, 17.36, 15.89, 16.77, 19.63, 18.76, 15.31, 13.51]","[41.92, 35.27, 28.62, 23.41, 21.25, 21.19, 21.85, 23.24, 24.7, 25.08, 25.27, 25.96, 26.21, 25.96, 25.71, 25.73, 25.37, 25.77, 27.18, 28.11, 28.79, 29.33, 29.16, 27.81]","[30.56, 29.51, 28.79, 27.29, 25.89, 24.98, 24.1, 23.13, 22.08, 22.25, 21.33, 21.74, 21.14, 20.48, 20.25, 20.27, 19.51, 19.02, 18.43, 18.73, 18.56, 18.93, 19.47, 19.45]",,,
2026-10-07T13:38:02.564098+00:00,San_Juan,"OpenAQ (ground sensor) [fine-tuned, C regularised]",28,"[15.88, 15.52, 14.87, 14.95, 15.2, 14.91, 14.66, 14.68, 14.79, 14.75, 14.87, 13.99, 13.49, 14.24, 14.86, 14.79, 14.56, 14.49, 14.55, 14.46, 13.98, 13.16, 13.08, 12.83]","[17.08, 15.95, 17.27, 19.96, 20.62, 19.2, 16.99, 17.24, 19.37, 19.12, 16.85, 17.3, 17.04, 17.16, 17.43, 15.8, 16.55, 18.49, 17.06, 16.49, 19.72, 19.69, 15.98, 14.05]","[47.33, 41.69, 35.17, 29.03, 25.76, 24.91, 25.27, 26.03, 26.75, 25.96, 25.3, 25.58, 25.55, 25.36, 25.24, 25.78, 25.88, 26.36, 27.2, 27.5, 27.64, 27.91, 28.61, 28.93]","[37.25, 35.52, 33.96, 31.54, 29.43, 27.54, 26.19, 25.02, 23.59, 24.19, 22.91, 24.02, 22.96, 22.37, 22.28, 22.26, 21.65, 21.27, 20.89, 21.31, 20.99, 21.55, 22.04, 22.01]",,,
2026-10-07T13:38:05.657140+00:00,Manila,"NASA GEOS-CF v2 (S3, live)",29,"[13.84, 14.94, 15.21, 14.96, 14.42, 13.32, 12.61, 12.65, 13.11, 13.3, 13.85, 13.37, 12.99, 13.46, 13.63, 13.49, 13.42, 13.19, 12.72, 12.73, 12.59, 12.03, 12.06, 11.96]","[13.8, 12.43, 14.33, 15.98, 15.11, 14.72, 13.32, 10.79, 12.15, 14.53, 14.38, 14.01, 13.5, 13.73, 14.4, 13.76, 11.8, 9.34, 8.73, 13.0, 18.62, 17.96, 13.22, 9.16]","[20.24, 21.09, 21.12, 20.69, 19.96, 18.88, 17.31, 15.01, 13.44, 12.13, 11.32, 11.32, 11.36, 11.29, 10.66, 10.71, 11.33, 12.5, 13.95, 15.44, 16.9, 19.24, 22.26, 23.98]","[28.75, 26.69, 25.25, 21.4, 19.97, 19.01, 17.24, 18.27, 14.48, 14.4, 13.41, 13.42, 13.21, 12.96, 14.37, 13.49, 14.27, 14.13, 15.34, 15.33, 14.88, 15.47, 16.1, 15.7]",,,
2026-10-07T13:39:45.210875+00:00,Manila,"OpenAQ (ground sensor) [fine-tuned, C regularised]",2,"[12.91, 13.41, 13.39, 13.55, 13.45, 12.95, 12.85, 13.05, 13.08, 12.83, 13.0, 12.49, 12.39, 13.04, 13.37, 13.34, 13.24, 13.11, 12.99, 12.82, 12.44, 11.79, 11.74, 11.52]","[12.56, 15.35, 17.98, 19.75, 20.16, 19.54, 17.92, 16.53, 16.8, 17.32, 17.02, 16.9, 15.57, 14.67, 15.48, 16.67, 17.35, 16.71, 14.54, 12.66, 11.24, 9.63, 8.78, 7.82]","[180.94, 140.26, 97.88, 72.67, 63.23, 42.19, 34.26, 46.43, 39.24, 18.16, 27.11, 41.92, 37.14, 30.03, 32.06, 35.32, 29.2, 21.89, 23.46, 37.51, 34.61, 21.11, 15.76, 28.8]","[101.37, 89.4, 75.52, 58.32, 42.06, 30.26, 22.67, 13.69, 5.4, 3.81, 3.21, 6.92, -1.83, 0.22, 0.71, 1.49, 4.07, 5.33, 4.73, 9.43, 10.17, 14.89, 17.02, 18.89]",,,
2026-10-07T13:45:08.583799+00:00,Quezon_City,"OpenAQ (ground sensor) [fine-tuned, C regularised]",29,"[16.85, 18.13, 18.66, 18.74, 18.57, 18.03, 17.71, 17.58, 17.58, 17.73, 18.15, 17.33, 16.9, 17.56, 17.89, 17.71, 17.75, 17.51, 16.9, 16.65, 16.6, 15.92, 15.79, 15.64]","[18.82, 17.71, 17.9, 18.5, 20.13, 21.45, 19.74, 19.6, 21.79, 19.8, 15.18, 16.45, 17.69, 17.85, 18.66, 18.17, 18.27, 19.33, 19.26, 18.98, 20.13, 19.18, 15.82, 13.3]","[55.61, 49.72, 43.91, 38.23, 34.99, 33.46, 32.08, 31.2, 30.58, 29.37, 29.08, 29.47, 29.39, 28.28, 27.42, 27.6, 27.65, 28.04, 29.56, 30.32, 30.36, 29.74, 28.72, 27.65]","[55.13, 52.73, 49.57, 45.17, 42.82, 39.19, 37.06, 34.62, 31.22, 31.88, 29.57, 30.19, 27.39, 26.93, 26.32, 26.0, 24.96, 24.03, 22.68, 23.28, 23.28, 24.18, 24.25, 24.49]",,,
2026-10-07T13:45:16.537932+00:00,Caloocan,"OpenAQ (ground sensor) [fine-tuned, C regularised]",31,"[27.49, 28.65, 28.71, 28.2, 28.04, 27.7, 27.58, 27.41, 27.9, 28.53, 28.69, 26.99, 25.92, 26.54, 26.93, 26.52, 26.6, 26.39, 25.3, 24.77, 24.85, 24.33, 24.34, 24.36]","[34.02, 31.49, 30.4, 30.74, 31.96, 32.21, 28.57, 27.82, 32.41, 32.74, 26.85, 24.92, 26.61, 28.52, 30.17, 28.88, 27.8, 28.54, 28.17, 27.79, 30.44, 30.42, 25.46, 23.88]","[58.29, 52.24, 44.82, 38.29, 35.39, 35.11, 35.26, 35.67, 35.84, 35.46, 35.93, 36.01, 35.27, 34.42, 33.63, 33.42, 33.57, 34.7, 36.53, 37.24, 37.14, 36.64, 35.97, 35.07]","[81.64, 74.48, 67.42, 56.01, 51.98, 46.76, 43.04, 40.36, 35.74, 36.94, 34.36, 36.08, 33.98, 34.09, 35.25, 36.41, 34.64, 34.64, 34.1, 36.62, 35.28, 38.44, 38.4, 36.98]",,,
2026-10-07T13:45:29.115216+00:00,Valenzuela,"OpenAQ (ground sensor) [fine-tuned, C regularised]",29,"[15.76, 16.66, 16.91, 17.02, 17.19, 16.7, 16.12, 15.97, 16.14, 16.4, 16.85, 15.95, 15.11, 15.61, 16.23, 16.3, 16.25, 15.86, 15.27, 15.2, 15.23, 14.59, 14.47, 14.18]","[15.11, 15.57, 17.53, 19.19, 18.45, 17.02, 16.74, 17.62, 16.58, 14.92, 15.75, 18.37, 17.45, 16.76, 18.32, 17.7, 16.32, 15.99, 16.07, 17.74, 19.8, 19.67, 16.86, 13.82]","[36.63, 34.61, 32.5, 30.75, 29.62, 28.92, 28.55, 28.31, 28.35, 27.97, 27.75, 27.54, 26.92, 26.5, 26.11, 26.04, 26.29, 27.24, 28.78, 29.79, 30.22, 30.26, 29.7, 28.75]","[38.87, 37.34, 35.65, 33.2, 31.23, 29.15, 27.72, 26.45, 24.55, 25.19, 23.57, 24.88, 23.36, 23.11, 22.65, 22.42, 22.14, 21.8, 21.33, 21.84, 21.88, 22.47, 22.84, 23.17]",,,
2026-10-07T13:45:38.442486+00:00,Makati,"OpenAQ (ground sensor) [fine-tuned, C regularised]",31,"[15.95, 16.1, 15.39, 14.86, 14.35, 13.11, 11.98, 11.77, 12.43, 12.98, 13.51, 12.96, 12.75, 13.7, 14.47, 14.47, 14.03, 13.52, 13.11, 12.81, 12.23, 11.35, 11.42, 11.57]","[12.66, 12.63, 13.48, 14.91, 15.45, 15.54, 15.2, 15.69, 16.53, 16.41, 15.61, 16.25, 16.03, 16.2, 17.01, 16.45, 17.04, 18.14, 17.29, 17.86, 20.09, 18.33, 15.04, 15.32]","[30.58, 28.54, 26.62, 25.41, 24.82, 24.36, 23.91, 23.63, 23.78, 23.8, 23.65, 23.46, 22.92, 22.37, 22.02, 22.02, 21.97, 22.56, 23.51, 24.13, 24.69, 25.59, 26.35, 26.49]","[23.44, 22.89, 22.59, 21.93, 21.92, 21.27, 20.9, 20.34, 19.92, 20.2, 19.58, 19.84, 19.57, 19.42, 19.17, 19.54, 19.19, 19.07, 19.12, 19.79, 20.15, 20.17, 20.63, 20.77]",,,
2026-10-07T13:47:03.675710+00:00,Manila,"OpenAQ (ground sensor) [fine-tuned, C regularised]",35,"[27.5, 25.57, 22.34, 21.3, 22.01, 21.54, 20.42, 19.88, 20.58, 21.95, 23.39, 23.89, 23.88, 24.43, 24.72, 24.64, 24.65, 24.8, 24.46, 23.08, 21.34, 19.7, 19.47, 20.55]","[31.74, 31.05, 30.01, 30.18, 29.92, 30.05, 30.57, 29.08, 29.28, 33.36, 35.25, 29.12, 24.27, 24.25, 26.38, 28.09, 28.89, 26.75, 24.95, 27.59, 32.69, 34.36, 34.28, 34.84]","[44.42, 40.25, 34.67, 29.39, 26.04, 24.76, 25.1, 26.26, 27.34, 27.66, 28.17, 28.67, 28.74, 28.78, 28.71, 28.85, 28.71, 29.14, 29.84, 29.96, 29.72, 29.65, 30.02, 30.1]","[56.27, 50.69, 46.65, 38.97, 35.65, 32.81, 30.57, 28.58, 26.44, 26.35, 25.31, 27.04, 26.34, 26.38, 27.48, 28.91, 27.28, 27.75, 26.86, 28.61, 28.01, 29.92, 30.76, 29.59]",,,
2026-10-07T13:47:34.626015+00:00,Quezon_City,"OpenAQ (ground sensor) [fine-tuned, C regularised]",29,"[16.85, 18.13, 18.66, 18.74, 18.57, 18.03, 17.71, 17.58, 17.58, 17.73, 18.15, 17.33, 16.9, 17.56, 17.89, 17.71, 17.75, 17.51, 16.9, 16.65, 16.6, 15.92, 15.79, 15.64]","[18.82, 17.71, 17.9, 18.5, 20.13, 21.45, 19.74, 19.6, 21.79, 19.8, 15.18, 16.45, 17.69, 17.85, 18.66, 18.17, 18.27, 19.33, 19.26, 18.98, 20.13, 19.18, 15.82, 13.3]","[55.61, 49.72, 43.91, 38.23, 34.99, 33.46, 32.08, 31.2, 30.58, 29.37, 29.08, 29.47, 29.39, 28.28, 27.42, 27.6, 27.65, 28.04, 29.56, 30.32, 30.36, 29.74, 28.72, 27.65]","[55.13, 52.73, 49.57, 45.17, 42.82, 39.19, 37.06, 34.62, 31.22, 31.88, 29.57, 30.19, 27.39, 26.93, 26.32, 26.0, 24.96, 24.03, 22.68, 23.28, 23.28, 24.18, 24.25, 24.49]",,,
2026-10-07T13:47:45.315650+00:00,Caloocan,"OpenAQ (ground sensor) [fine-tuned, C regularised]",31,"[27.49, 28.65, 28.71, 28.2, 28.04, 27.7, 27.58, 27.41, 27.9, 28.53, 28.69, 26.99, 25.92, 26.54, 26.93, 26.52, 26.6, 26.39, 25.3, 24.77, 24.85, 24.33, 24.34, 24.36]","[34.02, 31.49, 30.4, 30.74, 31.96, 32.21, 28.57, 27.82, 32.41, 32.74, 26.85, 24.92, 26.61, 28.52, 30.17, 28.88, 27.8, 28.54, 28.17, 27.79, 30.44, 30.42, 25.46, 23.88]","[58.29, 52.24, 44.82, 38.29, 35.39, 35.11, 35.26, 35.67, 35.84, 35.46, 35.93, 36.01, 35.27, 34.42, 33.63, 33.42, 33.57, 34.7, 36.53, 37.24, 37.14, 36.64, 35.97, 35.07]","[81.64, 74.48, 67.42, 56.01, 51.98, 46.76, 43.04, 40.36, 35.74, 36.94, 34.36, 36.08, 33.98, 34.09, 35.25, 36.41, 34.64, 34.64, 34.1, 36.62, 35.28, 38.44, 38.4, 36.98]",,,
2026-10-07T13:47:52.691982+00:00,Valenzuela,"OpenAQ (ground sensor) [fine-tuned, C regularised]",29,"[15.76, 16.66, 16.91, 17.02, 17.19, 16.7, 16.12, 15.97, 16.14, 16.4, 16.85, 15.95, 15.11, 15.61, 16.23, 16.3, 16.25, 15.86, 15.27, 15.2, 15.23, 14.59, 14.47, 14.18]","[15.11, 15.57, 17.53, 19.19, 18.45, 17.02, 16.74, 17.62, 16.58, 14.92, 15.75, 18.37, 17.45, 16.76, 18.32, 17.7, 16.32, 15.99, 16.07, 17.74, 19.8, 19.67, 16.86, 13.82]","[36.63, 34.61, 32.5, 30.75, 29.62, 28.92, 28.55, 28.31, 28.35, 27.97, 27.75, 27.54, 26.92, 26.5, 26.11, 26.04, 26.29, 27.24, 28.78, 29.79, 30.22, 30.26, 29.7, 28.75]","[38.87, 37.34, 35.65, 33.2, 31.23, 29.15, 27.72, 26.45, 24.55, 25.19, 23.57, 24.88, 23.36, 23.11, 22.65, 22.42, 22.14, 21.8, 21.33, 21.84, 21.88, 22.47, 22.84, 23.17]",,,
2026-10-07T13:47:58.541752+00:00,Quezon_City,"OpenAQ (ground sensor) [fine-tuned, C regularised]",29,"[16.85, 18.13, 18.66, 18.74, 18.57, 18.03, 17.71, 17.58, 17.58, 17.73, 18.15, 17.33, 16.9, 17.56, 17.89, 17.71, 17.75, 17.51, 16.9, 16.65, 16.6, 15.92, 15.79, 15.64]","[18.82, 17.71, 17.9, 18.5, 20.13, 21.45, 19.74, 19.6, 21.79, 19.8, 15.18, 16.45, 17.69, 17.85, 18.66, 18.17, 18.27, 19.33, 19.26, 18.98, 20.13, 19.18, 15.82, 13.3]","[55.61, 49.72, 43.91, 38.23, 34.99, 33.46, 32.08, 31.2, 30.58, 29.37, 29.08, 29.47, 29.39, 28.28, 27.42, 27.6, 27.65, 28.04, 29.56, 30.32, 30.36, 29.74, 28.72, 27.65]","[55.13, 52.73, 49.57, 45.17, 42.82, 39.19, 37.06, 34.62, 31.22, 31.88, 29.57, 30.19, 27.39, 26.93, 26.32, 26.0, 24.96, 24.03, 22.68, 23.28, 23.28, 24.18, 24.25, 24.49]",,,
2026-10-07T13:47:58.738110+00:00,Manila,"OpenAQ (ground sensor) [fine-tuned, C regularised]",35,"[27.5, 25.57, 22.34, 21.3, 22.01, 21.54, 20.42, 19.88, 20.58, 21.95, 23.39, 23.89, 23.88, 24.43, 24.72, 24.64, 24.65, 24.8, 24.46, 23.08, 21.34, 19.7, 19.47, 20.55]","[31.74, 31.05, 30.01, 30.18, 29.92, 30.05, 30.57, 29.08, 29.28, 33.36, 35.25, 29.12, 24.27, 24.25, 26.38, 28.09, 28.89, 26.75, 24.95, 27.59, 32.69, 34.36, 34.28, 34.84]","[44.42, 40.25, 34.67, 29.39, 26.04, 24.76, 25.1, 26.26, 27.34, 27.66, 28.17, 28.67, 28.74, 28.78, 28.71, 28.85, 28.71, 29.14, 29.84, 29.96, 29.72, 29.65, 30.02, 30.1]","[56.27, 50.69, 46.65, 38.97, 35.65, 32.81, 30.57, 28.58, 26.44, 26.35, 25.31, 27.04, 26.34, 26.38, 27.48, 28.91, 27.28, 27.75, 26.86, 28.61, 28.01, 29.92, 30.76, 29.59]",,,
2026-10-07T13:47:58.755295+00:00,Pasig,"OpenAQ (ground sensor) [fine-tuned, C regularised]",35,"[25.37, 22.38, 18.81, 18.5, 20.31, 20.63, 19.57, 19.08, 20.39, 22.97, 24.76, 23.85, 21.75, 21.29, 21.92, 22.46, 22.57, 22.19, 21.8, 21.31, 20.51, 19.18, 18.93, 19.27]","[25.36, 26.13, 26.82, 26.71, 24.94, 24.34, 23.74, 23.51, 25.96, 28.12, 28.35, 26.3, 22.5, 20.1, 22.02, 22.88, 21.67, 19.15, 16.07, 19.36, 29.81, 32.24, 25.62, 25.22]","[35.63, 34.42, 32.52, 30.32, 28.0, 25.95, 24.88, 24.85, 25.44, 26.07, 26.85, 27.45, 27.48, 27.4, 27.26, 27.26, 27.3, 27.79, 28.35, 28.39, 27.91, 27.46, 27.41, 27.34]","[42.91, 39.54, 37.59, 33.87, 31.47, 29.06, 27.32, 27.47, 25.73, 26.18, 25.97, 27.72, 27.78, 26.97, 27.21, 27.96, 27.61, 27.99, 26.92, 27.3, 28.14, 28.58, 29.21, 29.15]",,,
2026-10-07T13:47:58.801269+00:00,Valenzuela,"OpenAQ (ground sensor) [fine-tuned, C regularised]",29,"[15.76, 16.66, 16.91, 17.02, 17.19, 16.7, 16.12, 15.97, 16.14, 16.4, 16.85, 15.95, 15.11, 15.61, 16.23, 16.3, 16.25, 15.86, 15.27, 15.2, 15.23, 14.59, 14.47, 14.18]","[15.11, 15.57, 17.53, 19.19, 18.45, 17.02, 16.74, 17.62, 16.58, 14.92, 15.75, 18.37, 17.45, 16.76, 18.32, 17.7, 16.32, 15.99, 16.07, 17.74, 19.8, 19.67, 16.86, 13.82]","[36.63, 34.61, 32.5, 30.75, 29.62, 28.92, 28.55, 28.31, 28.35, 27.97, 27.75, 27.54, 26.92, 26.5, 26.11, 26.04, 26.29, 27.24, 28.78, 29.79, 30.22, 30.26, 29.7, 28.75]","[38.87, 37.34, 35.65, 33.2, 31.23, 29.15, 27.72, 26.45, 24.55, 25.19, 23.57, 24.88, 23.36, 23.11, 22.65, 22.42, 22.14, 21.8, 21.33, 21.84, 21.88, 22.47, 22.84, 23.17]",,,
2026-10-07T13:47:58.871995+00:00,Caloocan,"OpenAQ (ground sensor) [fine-tuned, C regularised]",31,"[27.49, 28.65, 28.71, 28.2, 28.04, 27.7, 27.58, 27.41, 27.9, 28.53, 28.69, 26.99, 25.92, 26.54, 26.93, 26.52, 26.6, 26.39, 25.3, 24.77, 24.85, 24.33, 24.34, 24.36]","[34.02, 31.49, 30.4, 30.74, 31.96, 32.21, 28.57, 27.82, 32.41, 32.74, 26.85, 24.92, 26.61, 28.52, 30.17, 28.88, 27.8, 28.54, 28.17, 27.79, 30.44, 30.42, 25.46, 23.88]","[58.29, 52.24, 44.82, 38.29, 35.39, 35.11, 35.26, 35.67, 35.84, 35.46, 35.93, 36.01, 35.27, 34.42, 33.63, 33.42, 33.57, 34.7, 36.53, 37.24, 37.14, 36.64, 35.97, 35.07]","[81.64, 74.48, 67.42, 56.01, 51.98, 46.76, 43.04, 40.36, 35.74, 36.94, 34.36, 36.08, 33.98, 34.09, 35.25, 36.41, 34.64, 34.64, 34.1, 36.62, 35.28, 38.44, 38.4, 36.98]",,,
2026-10-07T13:47:58.982855+00:00,Makati,"OpenAQ (ground sensor) [fine-tuned, C regularised]",31,"[15.95, 16.1, 15.39, 14.86, 14.35, 13.11, 11.98, 11.77, 12.43, 12.98, 13.51, 12.96, 12.75, 13.7, 14.47, 14.47, 14.03, 13.52, 13.11, 12.81, 12.23, 11.35, 11.42, 11.57]","[12.66, 12.63, 13.48, 14.91, 15.45, 15.54, 15.2, 15.69, 16.53, 16.41, 15.61, 16.25, 16.03, 16.2, 17.01, 16.45, 17.04, 18.14, 17.29, 17.86, 20.09, 18.33, 15.04, 15.32]","[30.58, 28.54, 26.62, 25.41, 24.82, 24.36, 23.91, 23.63, 23.78, 23.8, 23.65, 23.46, 22.92, 22.37, 22.02, 22.02, 21.97, 22.56, 23.51, 24.13, 24.69, 25.59, 26.35, 26.49]","[23.44, 22.89, 22.59, 21.93, 21.92, 21.27, 20.9, 20.34, 19.92, 20.2, 19.58, 19.84, 19.57, 19.42, 19.17, 19.54, 19.19, 19.07, 19.12, 19.79, 20.15, 20.17, 20.63, 20.77]",,,
2026-10-07T13:48:00.610187+00:00,San_Juan,"OpenAQ (ground sensor) [fine-tuned, C regularised]",28,"[15.88, 15.52, 14.87, 14.95, 15.2, 14.91, 14.66, 14.68, 14.79, 14.75, 14.87, 13.99, 13.49, 14.24, 14.86, 14.79, 14.56, 14.49, 14.55, 14.46, 13.98, 13.16, 13.08, 12.83]","[17.08, 15.95, 17.27, 19.96, 20.62, 19.2, 16.99, 17.24, 19.37, 19.12, 16.85, 17.3, 17.04, 17.16, 17.43, 15.8, 16.55, 18.49, 17.06, 16.49, 19.72, 19.69, 15.98, 14.05]","[47.33, 41.69, 35.17, 29.03, 25.76, 24.91, 25.27, 26.03, 26.75, 25.96, 25.3, 25.58, 25.55, 25.36, 25.24, 25.78, 25.88, 26.36, 27.2, 27.5, 27.64, 27.91, 28.61, 28.93]","[37.25, 35.52, 33.96, 31.54, 29.43, 27.54, 26.19, 25.02, 23.59, 24.19, 22.91, 24.02, 22.96, 22.37, 22.28, 22.26, 21.65, 21.27, 20.89, 21.31, 20.99, 21.55, 22.04, 22.01]",,,
2026-10-07T13:48:01.087773+00:00,Pasay,"OpenAQ (ground sensor) [fine-tuned, C regularised]",31,"[24.66, 24.42, 23.06, 21.78, 20.75, 19.2, 18.08, 17.92, 19.2, 20.38, 20.86, 19.62, 18.96, 19.99, 20.89, 20.65, 20.04, 19.45, 18.7, 18.12, 17.65, 16.96, 17.26, 17.7]","[29.0, 29.19, 29.64, 30.22, 30.14, 29.52, 26.82, 24.77, 25.37, 26.57, 25.95, 24.92, 24.19, 24.32, 25.32, 24.74, 24.51, 24.39, 23.49, 24.82, 28.38, 27.74, 23.77, 23.26]","[46.16, 41.78, 36.56, 32.37, 30.19, 29.27, 29.17, 29.67, 30.38, 30.41, 30.35, 30.0, 29.32, 29.08, 29.35, 29.68, 29.44, 29.69, 30.43, 30.78, 31.14, 31.81, 32.43, 32.26]","[69.23, 63.85, 58.29, 50.11, 45.95, 40.78, 37.65, 34.7, 30.65, 31.69, 30.21, 31.61, 29.67, 29.64, 29.75, 30.98, 29.82, 29.77, 28.3, 30.12, 29.82, 31.42, 31.6, 31.41]",,,
2026-10-07T13:48:01.228085+00:00,Mandaluyong,"OpenAQ (ground sensor) [fine-tuned, C regularised]",29,"[15.65, 16.42, 16.62, 16.61, 16.15, 15.15, 14.61, 14.67, 15.01, 15.31, 15.8, 15.21, 14.92, 15.56, 15.92, 15.75, 15.6, 15.29, 14.82, 14.64, 14.56, 14.04, 14.17, 14.26]","[16.84, 16.25, 16.77, 18.66, 19.73, 18.77, 16.71, 16.7, 18.66, 19.24, 17.73, 17.35, 16.72, 16.56, 17.02, 17.05, 17.59, 17.36, 15.89, 16.77, 19.63, 18.76, 15.31, 13.51]","[41.92, 35.27, 28.62, 23.41, 21.25, 21.19, 21.85, 23.24, 24.7, 25.08, 25.27, 25.96, 26.21, 25.96, 25.71, 25.73, 25.37, 25.77, 27.18, 28.11, 28.79, 29.33, 29.16, 27.81]","[30.56, 29.51, 28.79, 27.29, 25.89, 24.98, 24.1, 23.13, 22.08, 22.25, 21.33, 21.74, 21.14, 20.48, 20.25, 20.27, 19.51, 19.02, 18.43, 18.73, 18.56, 18.93, 19.47, 19.45]",,,
2026-10-07T13:48:01.291022+00:00,Pasig,"OpenAQ (ground sensor) [fine-tuned, C regularised]",35,"[25.37, 22.38, 18.81, 18.5, 20.31, 20.63, 19.57, 19.08, 20.39, 22.97, 24.76, 23.85, 21.75, 21.29, 21.92, 22.46, 22.57, 22.19, 21.8, 21.31, 20.51, 19.18, 18.93, 19.27]","[25.36, 26.13, 26.82, 26.71, 24.94, 24.34, 23.74, 23.51, 25.96, 28.12, 28.35, 26.3, 22.5, 20.1, 22.02, 22.88, 21.67, 19.15, 16.07, 19.36, 29.81, 32.24, 25.62, 25.22]","[35.63, 34.42, 32.52, 30.32, 28.0, 25.95, 24.88, 24.85, 25.44, 26.07, 26.85, 27.45, 27.48, 27.4, 27.26, 27.26, 27.3, 27.79, 28.35, 28.39, 27.91, 27.46, 27.41, 27.34]","[42.91, 39.54, 37.59, 33.87, 31.47, 29.06, 27.32, 27.47, 25.73, 26.18, 25.97, 27.72, 27.78, 26.97, 27.21, 27.96, 27.61, 27.99, 26.92, 27.3, 28.14, 28.58, 29.21, 29.15]",,,
2026-10-07T13:48:01.297286+00:00,Navotas,"OpenAQ (ground sensor) [fine-tuned, C regularised]",26,"[22.08, 22.19, 21.93, 22.21, 22.33, 21.97, 22.0, 22.09, 22.02, 22.06, 22.26, 21.13, 20.87, 22.01, 22.52, 22.03, 21.91, 22.16, 22.19, 22.08, 22.1, 21.34, 20.93, 20.8]","[21.66, 20.84, 21.9, 22.71, 21.72, 20.41, 18.76, 20.0, 24.16, 24.01, 20.49, 19.55, 18.24, 17.95, 19.76, 19.33, 19.76, 20.71, 18.53, 17.89, 22.5, 22.44, 17.1, 15.96]","[88.23, 71.5, 53.68, 42.02, 37.11, 34.61, 33.69, 34.62, 35.07, 33.9, 33.89, 34.47, 34.53, 33.81, 32.57, 31.73, 30.75, 30.91, 33.44, 35.55, 36.32, 36.19, 35.57, 34.15]","[76.71, 71.01, 63.4, 52.83, 49.24, 43.05, 40.82, 36.25, 31.22, 31.15, 29.07, 28.81, 24.45, 24.46, 25.2, 25.46, 23.32, 23.0, 20.29, 22.29, 20.7, 23.44, 23.11, 22.54]",,,
2026-10-07T13:48:07.734764+00:00,Makati,"OpenAQ (ground sensor) [fine-tuned, C regularised]",31,"[15.95, 16.1, 15.39, 14.86, 14.35, 13.11, 11.98, 11.77, 12.43, 12.98, 13.51, 12.96, 12.75, 13.7, 14.47, 14.47, 14.03, 13.52, 13.11, 12.81, 12.23, 11.35, 11.42, 11.57]","[12.66, 12.63, 13.48, 14.91, 15.45, 15.54, 15.2, 15.69, 16.53, 16.41, 15.61, 16.25, 16.03, 16.2, 17.01, 16.45, 17.04, 18.14, 17.29, 17.86, 20.09, 18.33, 15.04, 15.32]","[30.58, 28.54, 26.62, 25.41, 24.82, 24.36, 23.91, 23.63, 23.78, 23.8, 23.65, 23.46, 22.92, 22.37, 22.02, 22.02, 21.97, 22.56, 23.51, 24.13, 24.69, 25.59, 26.35, 26.49]","[23.44, 22.89, 22.59, 21.93, 21.92, 21.27, 20.9, 20.34, 19.92, 20.2, 19.58, 19.84, 19.57, 19.42, 19.17, 19.54, 19.19, 19.07, 19.12, 19.79, 20.15, 20.17, 20.63, 20.77]",,,
2026-10-07T13:48:17.052323+00:00,Mandaluyong,"OpenAQ (ground sensor) [fine-tuned, C regularised]",29,"[15.65, 16.42, 16.62, 16.61, 16.15, 15.15, 14.61, 14.67, 15.01, 15.31, 15.8, 15.21, 14.92, 15.56, 15.92, 15.75, 15.6, 15.29, 14.82, 14.64, 14.56, 14.04, 14.17, 14.26]","[16.84, 16.25, 16.77, 18.66, 19.73, 18.77, 16.71, 16.7, 18.66, 19.24, 17.73, 17.35, 16.72, 16.56, 17.02, 17.05, 17.59, 17.36, 15.89, 16.77, 19.63, 18.76, 15.31, 13.51]","[41.92, 35.27, 28.62, 23.41, 21.25, 21.19, 21.85, 23.24, 24.7, 25.08, 25.27, 25.96, 26.21, 25.96, 25.71, 25.73, 25.37, 25.77, 27.18, 28.11, 28.79, 29.33, 29.16, 27.81]","[30.56, 29.51, 28.79, 27.29, 25.89, 24.98, 24.1, 23.13, 22.08, 22.25, 21.33, 21.74, 21.14, 20.48, 20.25, 20.27, 19.51, 19.02, 18.43, 18.73, 18.56, 18.93, 19.47, 19.45]",,,
2026-10-07T13:48:22.527167+00:00,Navotas,"OpenAQ (ground sensor) [fine-tuned, C regularised]",26,"[22.08, 22.19, 21.93, 22.21, 22.33, 21.97, 22.0, 22.09, 22.02, 22.06, 22.26, 21.13, 20.87, 22.01, 22.52, 22.03, 21.91, 22.16, 22.19, 22.08, 22.1, 21.34, 20.93, 20.8]","[21.66, 20.84, 21.9, 22.71, 21.72, 20.41, 18.76, 20.0, 24.16, 24.01, 20.49, 19.55, 18.24, 17.95, 19.76, 19.33, 19.76, 20.71, 18.53, 17.89, 22.5, 22.44, 17.1, 15.96]","[88.23, 71.5, 53.68, 42.02, 37.11, 34.61, 33.69, 34.62, 35.07, 33.9, 33.89, 34.47, 34.53, 33.81, 32.57, 31.73, 30.75, 30.91, 33.44, 35.55, 36.32, 36.19, 35.57, 34.15]","[76.71, 71.01, 63.4, 52.83, 49.24, 43.05, 40.82, 36.25, 31.22, 31.15, 29.07, 28.81, 24.45, 24.46, 25.2, 25.46, 23.32, 23.0, 20.29, 22.29, 20.7, 23.44, 23.11, 22.54]",,,
2026-10-07T13:48:26.814008+00:00,Pasay,"OpenAQ (ground sensor) [fine-tuned, C regularised]",31,"[24.66, 24.42, 23.06, 21.78, 20.75, 19.2, 18.08, 17.92, 19.2, 20.38, 20.86, 19.62, 18.96, 19.99, 20.89, 20.65, 20.04, 19.45, 18.7, 18.12, 17.65, 16.96, 17.26, 17.7]","[29.0, 29.19, 29.64, 30.22, 30.14, 29.52, 26.82, 24.77, 25.37, 26.57, 25.95, 24.92, 24.19, 24.32, 25.32, 24.74, 24.51, 24.39, 23.49, 24.82, 28.38, 27.74, 23.77, 23.26]","[46.16, 41.78, 36.56, 32.37, 30.19, 29.27, 29.17, 29.67, 30.38, 30.41, 30.35, 30.0, 29.32, 29.08, 29.35, 29.68, 29.44, 29.69, 30.43, 30.78, 31.14, 31.81, 32.43, 32.26]","[69.23, 63.85, 58.29, 50.11, 45.95, 40.78, 37.65, 34.7, 30.65, 31.69, 30.21, 31.61, 29.67, 29.64, 29.75, 30.98, 29.82, 29.77, 28.3, 30.12, 29.82, 31.42, 31.6, 31.41]",,,
2026-10-07T13:48:44.111691+00:00,San_Juan,"OpenAQ (ground sensor) [fine-tuned, C regularised]",28,"[15.88, 15.52, 14.87, 14.95, 15.2, 14.91, 14.66, 14.68, 14.79, 14.75, 14.87, 13.99, 13.49, 14.24, 14.86, 14.79, 14.56, 14.49, 14.55, 14.46, 13.98, 13.16, 13.08, 12.83]","[17.08, 15.95, 17.27, 19.96, 20.62, 19.2, 16.99, 17.24, 19.37, 19.12, 16.85, 17.3, 17.04, 17.16, 17.43, 15.8, 16.55, 18.49, 17.06, 16.49, 19.72, 19.69, 15.98, 14.05]","[47.33, 41.69, 35.17, 29.03, 25.76, 24.91, 25.27, 26.03, 26.75, 25.96, 25.3, 25.58, 25.55, 25.36, 25.24, 25.78, 25.88, 26.36, 27.2, 27.5, 27.64, 27.91, 28.61, 28.93]","[37.25, 35.52, 33.96, 31.54, 29.43, 27.54, 26.19, 25.02, 23.59, 24.19, 22.91, 24.02, 22.96, 22.37, 22.28, 22.26, 21.65, 21.27, 20.89, 21.31, 20.99, 21.55, 22.04, 22.01]",,,
2026-10-07T13:49:28.147215+00:00,San_Juan,"NASA GEOS-CF v2 (S3, live)",29,"[13.85, 14.95, 15.2, 14.94, 14.4, 13.29, 12.59, 12.63, 13.09, 13.28, 13.83, 13.34, 12.95, 13.43, 13.59, 13.46, 13.38, 13.14, 12.68, 12.69, 12.54, 11.97, 12.0, 11.9]","[13.91, 12.55, 14.38, 15.95, 15.08, 14.7, 13.29, 10.77, 12.14, 14.54, 14.43, 14.08, 13.52, 13.7, 14.36, 13.77, 11.86, 9.42, 8.77, 12.96, 18.51, 17.83, 13.15, 9.19]","[20.46, 21.27, 21.25, 20.77, 20.0, 18.88, 17.26, 14.97, 13.43, 12.16, 11.33, 11.29, 11.31, 11.28, 10.67, 10.71, 11.3, 12.46, 13.93, 15.48, 16.97, 19.29, 22.28, 24.02]","[28.75, 26.69, 25.25, 21.4, 19.97, 19.01, 17.24, 18.27, 14.48, 14.4, 13.41, 13.42, 13.21, 12.96, 14.37, 13.49, 14.27, 14.13, 15.34, 15.33, 14.88, 15.47, 16.1, 15.7]",,,
2026-10-07T13:49:36.974482+00:00,Manila,"NASA GEOS-CF v2 (S3, live)",29,"[13.84, 14.94, 15.21, 14.96, 14.42, 13.32, 12.61, 12.65, 13.11, 13.3, 13.85, 13.37, 12.99, 13.46, 13.63, 13.49, 13.42, 13.19, 12.72, 12.73, 12.59, 12.03, 12.06, 11.96]","[13.8, 12.43, 14.33, 15.98, 15.11, 14.72, 13.32, 10.79, 12.15, 14.53, 14.38, 14.01, 13.5, 13.73, 14.4, 13.76, 11.8, 9.34, 8.73, 13.0, 18.62, 17.96, 13.22, 9.16]","[20.24, 21.09, 21.12, 20.69, 19.96, 18.88, 17.31, 15.01, 13.44, 12.13, 11.32, 11.32, 11.36, 11.29, 10.66, 10.71, 11.33, 12.5, 13.95, 15.44, 16.9, 19.24, 22.26, 23.98]","[28.75, 26.69, 25.25, 21.4, 19.97, 19.01, 17.24, 18.27, 14.48, 14.4, 13.41, 13.42, 13.21, 12.96, 14.37, 13.49, 14.27, 14.13, 15.34, 15.33, 14.88, 15.47, 16.1, 15.7]",,,
2026-10-07T13:50:07.696866+00:00,Quezon_City,"NASA GEOS-CF v2 (S3, live)",29,"[16.12, 16.96, 16.69, 16.1, 15.52, 14.39, 13.71, 13.68, 14.09, 14.25, 14.72, 14.06, 13.61, 14.02, 14.15, 14.01, 13.96, 13.62, 13.04, 12.94, 12.72, 12.09, 12.11, 12.01]","[12.34, 12.66, 15.43, 16.63, 14.94, 14.22, 13.47, 12.32, 12.61, 12.89, 13.44, 15.44, 15.27, 14.04, 14.0, 13.42, 11.35, 8.65, 7.78, 12.43, 18.87, 18.98, 13.75, 8.92]","[21.49, 21.69, 21.23, 20.25, 18.86, 17.14, 15.45, 13.71, 12.93, 12.41, 11.88, 11.46, 11.19, 11.19, 10.88, 11.16, 11.75, 12.76, 13.98, 15.42, 16.79, 18.73, 21.12, 22.84]","[20.48, 19.56, 18.87, 16.47, 15.96, 15.53, 14.66, 15.43, 13.29, 13.19, 12.82, 12.6, 12.58, 12.3, 13.43, 12.12, 12.86, 12.9, 14.26, 14.16, 13.82, 14.33, 14.84, 14.82]",,,
2026-10-07T13:50:25.776515+00:00,Caloocan,"NASA GEOS-CF v2 (S3, live)",29,"[14.68, 15.57, 15.36, 14.8, 14.22, 13.04, 12.25, 12.25, 12.86, 13.23, 13.8, 13.13, 12.63, 13.09, 13.28, 13.17, 13.05, 12.69, 12.13, 12.09, 11.9, 11.27, 11.26, 11.09]","[12.16, 12.77, 15.8, 17.14, 15.48, 14.73, 14.11, 12.96, 13.12, 13.58, 14.37, 16.08, 15.66, 14.52, 14.61, 14.04, 11.89, 9.08, 8.15, 12.92, 19.55, 19.63, 14.48, 9.93]","[20.33, 20.03, 19.7, 19.55, 19.09, 17.76, 15.75, 13.67, 12.86, 12.21, 11.36, 10.68, 10.17, 10.07, 9.8, 9.94, 10.38, 11.41, 12.9, 14.86, 16.92, 19.6, 22.62, 24.09]","[20.48, 19.56, 18.87, 16.47, 15.96, 15.53, 14.66, 15.43, 13.29, 13.19, 12.82, 12.6, 12.58, 12.3, 13.43, 12.12, 12.86, 12.9, 14.26, 14.16, 13.82, 14.33, 14.84, 14.82]",,,
2026-10-07T13:50:34.738333+00:00,Valenzuela,"NASA GEOS-CF v2 (S3, live)",29,"[14.77, 15.67, 15.46, 14.89, 14.32, 13.13, 12.34, 12.33, 12.92, 13.29, 13.87, 13.2, 12.7, 13.15, 13.33, 13.22, 13.11, 12.73, 12.16, 12.12, 11.94, 11.31, 11.3, 11.13]","[12.23, 12.92, 15.94, 17.15, 15.41, 14.64, 14.01, 12.86, 13.04, 13.5, 14.29, 16.04, 15.65, 14.49, 14.58, 14.02, 11.86, 9.05, 8.15, 12.94, 19.48, 19.49, 14.33, 9.82]","[20.3, 20.11, 19.89, 19.75, 19.21, 17.78, 15.7, 13.58, 12.79, 12.19, 11.38, 10.71, 10.22, 10.15, 9.87, 10.02, 10.49, 11.51, 12.9, 14.74, 16.72, 19.41, 22.54, 24.18]","[20.48, 19.56, 18.87, 16.47, 15.96, 15.53, 14.66, 15.43, 13.29, 13.19, 12.82, 12.6, 12.58, 12.3, 13.43, 12.12, 12.86, 12.9, 14.26, 14.16, 13.82, 14.33, 14.84, 14.82]",,,
2026-10-07T13:50:44.806664+00:00,Pasig,"NASA GEOS-CF v2 (S3, live)",29,"[13.68, 15.04, 15.44, 15.12, 14.6, 13.51, 12.77, 12.78, 13.24, 13.5, 14.1, 13.56, 13.1, 13.57, 13.74, 13.6, 13.56, 13.27, 12.67, 12.71, 12.69, 12.12, 12.1, 11.95]","[13.29, 12.07, 14.27, 16.05, 15.14, 14.81, 13.42, 10.97, 12.53, 15.02, 14.76, 14.34, 13.78, 14.03, 14.7, 13.96, 11.75, 9.16, 8.72, 13.25, 18.87, 18.11, 13.34, 9.06]","[21.16, 21.96, 21.72, 20.91, 19.87, 18.54, 16.81, 14.51, 13.06, 11.92, 11.16, 11.08, 11.02, 10.94, 10.37, 10.44, 10.97, 12.04, 13.47, 14.9, 16.32, 18.78, 21.91, 23.59]","[28.75, 26.69, 25.25, 21.4, 19.97, 19.01, 17.24, 18.27, 14.48, 14.4, 13.41, 13.42, 13.21, 12.96, 14.37, 13.49, 14.27, 14.13, 15.34, 15.33, 14.88, 15.47, 16.1, 15.7]",,,
2026-10-07T13:50:51.842634+00:00,Makati,"NASA GEOS-CF v2 (S3, live)",29,"[13.84, 14.94, 15.21, 14.96, 14.42, 13.32, 12.61, 12.65, 13.11, 13.3, 13.85, 13.37, 12.99, 13.46, 13.63, 13.49, 13.42, 13.19, 12.72, 12.73, 12.59, 12.03, 12.06, 11.96]","[13.8, 12.43, 14.33, 15.98, 15.11, 14.72, 13.32, 10.79, 12.15, 14.53, 14.38, 14.01, 13.5, 13.73, 14.4, 13.76, 11.8, 9.34, 8.73, 13.0, 18.62, 17.96, 13.22, 9.16]","[20.24, 21.09, 21.12, 20.69, 19.96, 18.88, 17.31, 15.01, 13.44, 12.13, 11.32, 11.32, 11.36, 11.29, 10.66, 10.71, 11.33, 12.5, 13.95, 15.44, 16.9, 19.24, 22.26, 23.98]","[28.75, 26.69, 25.25, 21.4, 19.97, 19.01, 17.24, 18.27, 14.48, 14.4, 13.41, 13.42, 13.21, 12.96, 14.37, 13.49, 14.27, 14.13, 15.34, 15.33, 14.88, 15.47, 16.1, 15.7]",,,
2026-10-07T13:50:58.707663+00:00,Mandaluyong,"NASA GEOS-CF v2 (S3, live)",29,"[13.85, 14.95, 15.2, 14.95, 14.41, 13.3, 12.6, 12.64, 13.1, 13.29, 13.84, 13.35, 12.96, 13.44, 13.6, 13.47, 13.39, 13.15, 12.69, 12.7, 12.55, 11.99, 12.02, 11.91]","[13.87, 12.51, 14.37, 15.97, 15.1, 14.7, 13.3, 10.79, 12.15, 14.54, 14.42, 14.07, 13.51, 13.71, 14.38, 13.77, 11.85, 9.4, 8.76, 12.97, 18.55, 17.87, 13.17, 9.18]","[20.39, 21.21, 21.21, 20.75, 19.99, 18.88, 17.28, 14.98, 13.44, 12.15, 11.32, 11.29, 11.32, 11.28, 10.66, 10.71, 11.3, 12.47, 13.93, 15.46, 16.95, 19.27, 22.27, 24.01]","[28.75, 26.69, 25.25, 21.4, 19.97, 19.01, 17.24, 18.27, 14.48, 14.4, 13.41, 13.42, 13.21, 12.96, 14.37, 13.49, 14.27, 14.13, 15.34, 15.33, 14.88, 15.47, 16.1, 15.7]",,,
2026-10-07T13:51:10.810319+00:00,Navotas,"NASA GEOS-CF v2 (S3, live)",29,"[14.73, 15.61, 15.39, 14.83, 14.26, 13.07, 12.28, 12.28, 12.88, 13.25, 13.82, 13.15, 12.66, 13.11, 13.3, 13.19, 13.07, 12.7, 12.14, 12.1, 11.92, 11.28, 11.27, 11.1]","[12.16, 12.8, 15.84, 17.16, 15.47, 14.7, 14.09, 12.94, 13.11, 13.57, 14.36, 16.07, 15.66, 14.52, 14.62, 14.04, 11.88, 9.06, 8.15, 12.93, 19.54, 19.6, 14.44, 9.88]","[20.29, 20.06, 19.8, 19.66, 19.17, 17.79, 15.74, 13.63, 12.82, 12.19, 11.36, 10.68, 10.18, 10.09, 9.82, 9.96, 10.43, 11.45, 12.88, 14.76, 16.78, 19.47, 22.58, 24.16]","[20.48, 19.56, 18.87, 16.47, 15.96, 15.53, 14.66, 15.43, 13.29, 13.19, 12.82, 12.6, 12.58, 12.3, 13.43, 12.12, 12.86, 12.9, 14.26, 14.16, 13.82, 14.33, 14.84, 14.82]",,,
2026-10-07T13:51:44.706010+00:00,Pasay,"NASA GEOS-CF v2 (S3, live)",29,"[13.86, 14.96, 15.23, 14.99, 14.45, 13.34, 12.63, 12.68, 13.13, 13.32, 13.88, 13.4, 13.02, 13.49, 13.66, 13.52, 13.45, 13.22, 12.75, 12.76, 12.62, 12.06, 12.1, 12.0]","[13.79, 12.42, 14.33, 15.98, 15.11, 14.72, 13.31, 10.77, 12.12, 14.5, 14.34, 13.97, 13.47, 13.72, 14.38, 13.73, 11.78, 9.32, 8.71, 12.99, 18.62, 17.96, 13.21, 9.15]","[20.21, 21.05, 21.07, 20.63, 19.9, 18.84, 17.29, 15.01, 13.44, 12.13, 11.32, 11.32, 11.35, 11.28, 10.64, 10.7, 11.32, 12.5, 13.94, 15.42, 16.88, 19.24, 22.27, 24.0]","[28.75, 26.69, 25.25, 21.4, 19.97, 19.01, 17.24, 18.27, 14.48, 14.4, 13.41, 13.42, 13.21, 12.96, 14.37, 13.49, 14.27, 14.13, 15.34, 15.33, 14.88, 15.47, 16.1, 15.7]",,,
2026-10-07T13:55:44.489768+00:00,Pasay,"OpenAQ (ground sensor) [fine-tuned, C regularised]",31,"[24.66, 24.42, 23.06, 21.78, 20.75, 19.2, 18.08, 17.92, 19.2, 20.38, 20.86, 19.62, 18.96, 19.99, 20.89, 20.65, 20.04, 19.45, 18.7, 18.12, 17.65, 16.96, 17.26, 17.7]","[29.0, 29.19, 29.64, 30.22, 30.14, 29.52, 26.82, 24.77, 25.37, 26.57, 25.95, 24.92, 24.19, 24.32, 25.32, 24.74, 24.51, 24.39, 23.49, 24.82, 28.38, 27.74, 23.77, 23.26]","[46.16, 41.78, 36.56, 32.37, 30.19, 29.27, 29.17, 29.67, 30.38, 30.41, 30.35, 30.0, 29.32, 29.08, 29.35, 29.68, 29.44, 29.69, 30.43, 30.78, 31.14, 31.81, 32.43, 32.26]","[69.23, 63.85, 58.29, 50.11, 45.95, 40.78, 37.65, 34.7, 30.65, 31.69, 30.21, 31.61, 29.67, 29.64, 29.75, 30.98, 29.82, 29.77, 28.3, 30.12, 29.82, 31.42, 31.6, 31.41]",,,
2026-10-07T13:56:23.510651+00:00,Manila,"OpenAQ (ground sensor) [fine-tuned, C regularised]",35,"[27.5, 25.57, 22.34, 21.3, 22.01, 21.54, 20.42, 19.88, 20.58, 21.95, 23.39, 23.89, 23.88, 24.43, 24.72, 24.64, 24.65, 24.8, 24.46, 23.08, 21.34, 19.7, 19.47, 20.55]","[31.74, 31.05, 30.01, 30.18, 29.92, 30.05, 30.57, 29.08, 29.28, 33.36, 35.25, 29.12, 24.27, 24.25, 26.38, 28.09, 28.89, 26.75, 24.95, 27.59, 32.69, 34.36, 34.28, 34.84]","[44.42, 40.25, 34.67, 29.39, 26.04, 24.76, 25.1, 26.26, 27.34, 27.66, 28.17, 28.67, 28.74, 28.78, 28.71, 28.85, 28.71, 29.14, 29.84, 29.96, 29.72, 29.65, 30.02, 30.1]","[56.27, 50.69, 46.65, 38.97, 35.65, 32.81, 30.57, 28.58, 26.44, 26.35, 25.31, 27.04, 26.34, 26.38, 27.48, 28.91, 27.28, 27.75, 26.86, 28.61, 28.01, 29.92, 30.76, 29.59]",,,
2026-10-07T13:57:58.600886+00:00,Pasig,"OpenAQ (ground sensor) [fine-tuned, C regularised]",35,"[25.37, 22.38, 18.81, 18.5, 20.31, 20.63, 19.57, 19.08, 20.39, 22.97, 24.76, 23.85, 21.75, 21.29, 21.92, 22.46, 22.57, 22.19, 21.8, 21.31, 20.51, 19.18, 18.93, 19.27]","[25.36, 26.13, 26.82, 26.71, 24.94, 24.34, 23.74, 23.51, 25.96, 28.12, 28.35, 26.3, 22.5, 20.1, 22.02, 22.88, 21.67, 19.15, 16.07, 19.36, 29.81, 32.24, 25.62, 25.22]","[35.63, 34.42, 32.52, 30.32, 28.0, 25.95, 24.88, 24.85, 25.44, 26.07, 26.85, 27.45, 27.48, 27.4, 27.26, 27.26, 27.3, 27.79, 28.35, 28.39, 27.91, 27.46, 27.41, 27.34]","[42.91, 39.54, 37.59, 33.87, 31.47, 29.06, 27.32, 27.47, 25.73, 26.18, 25.97, 27.72, 27.78, 26.97, 27.21, 27.96, 27.61, 27.99, 26.92, 27.3, 28.14, 28.58, 29.21, 29.15]",,,
2026-10-07T13:57:58.610467+00:00,Caloocan,"OpenAQ (ground sensor) [fine-tuned, C regularised]",31,"[27.49, 28.65, 28.71, 28.2, 28.04, 27.7, 27.58, 27.41, 27.9, 28.53, 28.69, 26.99, 25.92, 26.54, 26.93, 26.52, 26.6, 26.39, 25.3, 24.77, 24.85, 24.33, 24.34, 24.36]","[34.02, 31.49, 30.4, 30.74, 31.96, 32.21, 28.57, 27.82, 32.41, 32.74, 26.85, 24.92, 26.61, 28.52, 30.17, 28.88, 27.8, 28.54, 28.17, 27.79, 30.44, 30.42, 25.46, 23.88]","[58.29, 52.24, 44.82, 38.29, 35.39, 35.11, 35.26, 35.67, 35.84, 35.46, 35.93, 36.01, 35.27, 34.42, 33.63, 33.42, 33.57, 34.7, 36.53, 37.24, 37.14, 36.64, 35.97, 35.07]","[81.64, 74.48, 67.42, 56.01, 51.98, 46.76, 43.04, 40.36, 35.74, 36.94, 34.36, 36.08, 33.98, 34.09, 35.25, 36.41, 34.64, 34.64, 34.1, 36.62, 35.28, 38.44, 38.4, 36.98]",,,
2026-10-07T13:57:59.334688+00:00,Valenzuela,"OpenAQ (ground sensor) [fine-tuned, C regularised]",29,"[15.76, 16.66, 16.91, 17.02, 17.19, 16.7, 16.12, 15.97, 16.14, 16.4, 16.85, 15.95, 15.11, 15.61, 16.23, 16.3, 16.25, 15.86, 15.27, 15.2, 15.23, 14.59, 14.47, 14.18]","[15.11, 15.57, 17.53, 19.19, 18.45, 17.02, 16.74, 17.62, 16.58, 14.92, 15.75, 18.37, 17.45, 16.76, 18.32, 17.7, 16.32, 15.99, 16.07, 17.74, 19.8, 19.67, 16.86, 13.82]","[36.63, 34.61, 32.5, 30.75, 29.62, 28.92, 28.55, 28.31, 28.35, 27.97, 27.75, 27.54, 26.92, 26.5, 26.11, 26.04, 26.29, 27.24, 28.78, 29.79, 30.22, 30.26, 29.7, 28.75]","[38.87, 37.34, 35.65, 33.2, 31.23, 29.15, 27.72, 26.45, 24.55, 25.19, 23.57, 24.88, 23.36, 23.11, 22.65, 22.42, 22.14, 21.8, 21.33, 21.84, 21.88, 22.47, 22.84, 23.17]",,,
2026-10-07T13:57:59.337251+00:00,Quezon_City,"OpenAQ (ground sensor) [fine-tuned, C regularised]",29,"[16.85, 18.13, 18.66, 18.74, 18.57, 18.03, 17.71, 17.58, 17.58, 17.73, 18.15, 17.33, 16.9, 17.56, 17.89, 17.71, 17.75, 17.51, 16.9, 16.65, 16.6, 15.92, 15.79, 15.64]","[18.82, 17.71, 17.9, 18.5, 20.13, 21.45, 19.74, 19.6, 21.79, 19.8, 15.18, 16.45, 17.69, 17.85, 18.66, 18.17, 18.27, 19.33, 19.26, 18.98, 20.13, 19.18, 15.82, 13.3]","[55.61, 49.72, 43.91, 38.23, 34.99, 33.46, 32.08, 31.2, 30.58, 29.37, 29.08, 29.47, 29.39, 28.28, 27.42, 27.6, 27.65, 28.04, 29.56, 30.32, 30.36, 29.74, 28.72, 27.65]","[55.13, 52.73, 49.57, 45.17, 42.82, 39.19, 37.06, 34.62, 31.22, 31.88, 29.57, 30.19, 27.39, 26.93, 26.32, 26.0, 24.96, 24.03, 22.68, 23.28, 23.28, 24.18, 24.25, 24.49]",,,
2026-10-07T13:57:59.346659+00:00,Manila,"OpenAQ (ground sensor) [fine-tuned, C regularised]",35,"[27.5, 25.57, 22.34, 21.3, 22.01, 21.54, 20.42, 19.88, 20.58, 21.95, 23.39, 23.89, 23.88, 24.43, 24.72, 24.64, 24.65, 24.8, 24.46, 23.08, 21.34, 19.7, 19.47, 20.55]","[31.74, 31.05, 30.01, 30.18, 29.92, 30.05, 30.57, 29.08, 29.28, 33.36, 35.25, 29.12, 24.27, 24.25, 26.38, 28.09, 28.89, 26.75, 24.95, 27.59, 32.69, 34.36, 34.28, 34.84]","[44.42, 40.25, 34.67, 29.39, 26.04, 24.76, 25.1, 26.26, 27.34, 27.66, 28.17, 28.67, 28.74, 28.78, 28.71, 28.85, 28.71, 29.14, 29.84, 29.96, 29.72, 29.65, 30.02, 30.1]","[56.27, 50.69, 46.65, 38.97, 35.65, 32.81, 30.57, 28.58, 26.44, 26.35, 25.31, 27.04, 26.34, 26.38, 27.48, 28.91, 27.28, 27.75, 26.86, 28.61, 28.01, 29.92, 30.76, 29.59]",,,
2026-10-07T13:57:59.371429+00:00,Makati,"OpenAQ (ground sensor) [fine-tuned, C regularised]",31,"[15.95, 16.1, 15.39, 14.86, 14.35, 13.11, 11.98, 11.77, 12.43, 12.98, 13.51, 12.96, 12.75, 13.7, 14.47, 14.47, 14.03, 13.52, 13.11, 12.81, 12.23, 11.35, 11.42, 11.57]","[12.66, 12.63, 13.48, 14.91, 15.45, 15.54, 15.2, 15.69, 16.53, 16.41, 15.61, 16.25, 16.03, 16.2, 17.01, 16.45, 17.04, 18.14, 17.29, 17.86, 20.09, 18.33, 15.04, 15.32]","[30.58, 28.54, 26.62, 25.41, 24.82, 24.36, 23.91, 23.63, 23.78, 23.8, 23.65, 23.46, 22.92, 22.37, 22.02, 22.02, 21.97, 22.56, 23.51, 24.13, 24.69, 25.59, 26.35, 26.49]","[23.44, 22.89, 22.59, 21.93, 21.92, 21.27, 20.9, 20.34, 19.92, 20.2, 19.58, 19.84, 19.57, 19.42, 19.17, 19.54, 19.19, 19.07, 19.12, 19.79, 20.15, 20.17, 20.63, 20.77]",,,
2026-10-07T13:58:00.280670+00:00,Mandaluyong,"OpenAQ (ground sensor) [fine-tuned, C regularised]",29,"[15.65, 16.42, 16.62, 16.61, 16.15, 15.15, 14.61, 14.67, 15.01, 15.31, 15.8, 15.21, 14.92, 15.56, 15.92, 15.75, 15.6, 15.29, 14.82, 14.64, 14.56, 14.04, 14.17, 14.26]","[16.84, 16.25, 16.77, 18.66, 19.73, 18.77, 16.71, 16.7, 18.66, 19.24, 17.73, 17.35, 16.72, 16.56, 17.02, 17.05, 17.59, 17.36, 15.89, 16.77, 19.63, 18.76, 15.31, 13.51]","[41.92, 35.27, 28.62, 23.41, 21.25, 21.19, 21.85, 23.24, 24.7, 25.08, 25.27, 25.96, 26.21, 25.96, 25.71, 25.73, 25.37, 25.77, 27.18, 28.11, 28.79, 29.33, 29.16, 27.81]","[30.56, 29.51, 28.79, 27.29, 25.89, 24.98, 24.1, 23.13, 22.08, 22.25, 21.33, 21.74, 21.14, 20.48, 20.25, 20.27, 19.51, 19.02, 18.43, 18.73, 18.56, 18.93, 19.47, 19.45]",,,
2026-10-07T13:58:01.114408+00:00,Pasay,"OpenAQ (ground sensor) [fine-tuned, C regularised]",31,"[24.66, 24.42, 23.06, 21.78, 20.75, 19.2, 18.08, 17.92, 19.2, 20.38, 20.86, 19.62, 18.96, 19.99, 20.89, 20.65, 20.04, 19.45, 18.7, 18.12, 17.65, 16.96, 17.26, 17.7]","[29.0, 29.19, 29.64, 30.22, 30.14, 29.52, 26.82, 24.77, 25.37, 26.57, 25.95, 24.92, 24.19, 24.32, 25.32, 24.74, 24.51, 24.39, 23.49, 24.82, 28.38, 27.74, 23.77, 23.26]","[46.16, 41.78, 36.56, 32.37, 30.19, 29.27, 29.17, 29.67, 30.38, 30.41, 30.35, 30.0, 29.32, 29.08, 29.35, 29.68, 29.44, 29.69, 30.43, 30.78, 31.14, 31.81, 32.43, 32.26]","[69.23, 63.85, 58.29, 50.11, 45.95, 40.78, 37.65, 34.7, 30.65, 31.69, 30.21, 31.61, 29.67, 29.64, 29.75, 30.98, 29.82, 29.77, 28.3, 30.12, 29.82, 31.42, 31.6, 31.41]",,,
2026-10-07T13:58:01.224853+00:00,Navotas,"OpenAQ (ground sensor) [fine-tuned, C regularised]",26,"[22.08, 22.19, 21.93, 22.21, 22.33, 21.97, 22.0, 22.09, 22.02, 22.06, 22.26, 21.13, 20.87, 22.01, 22.52, 22.03, 21.91, 22.16, 22.19, 22.08, 22.1, 21.34, 20.93, 20.8]","[21.66, 20.84, 21.9, 22.71, 21.72, 20.41, 18.76, 20.0, 24.16, 24.01, 20.49, 19.55, 18.24, 17.95, 19.76, 19.33, 19.76, 20.71, 18.53, 17.89, 22.5, 22.44, 17.1, 15.96]","[88.23, 71.5, 53.68, 42.02, 37.11, 34.61, 33.69, 34.62, 35.07, 33.9, 33.89, 34.47, 34.53, 33.81, 32.57, 31.73, 30.75, 30.91, 33.44, 35.55, 36.32, 36.19, 35.57, 34.15]","[76.71, 71.01, 63.4, 52.83, 49.24, 43.05, 40.82, 36.25, 31.22, 31.15, 29.07, 28.81, 24.45, 24.46, 25.2, 25.46, 23.32, 23.0, 20.29, 22.29, 20.7, 23.44, 23.11, 22.54]",,,
2026-10-07T13:58:01.811413+00:00,San_Juan,"OpenAQ (ground sensor) [fine-tuned, C regularised]",28,"[15.88, 15.52, 14.87, 14.95, 15.2, 14.91, 14.66, 14.68, 14.79, 14.75, 14.87, 13.99, 13.49, 14.24, 14.86, 14.79, 14.56, 14.49, 14.55, 14.46, 13.98, 13.16, 13.08, 12.83]","[17.08, 15.95, 17.27, 19.96, 20.62, 19.2, 16.99, 17.24, 19.37, 19.12, 16.85, 17.3, 17.04, 17.16, 17.43, 15.8, 16.55, 18.49, 17.06, 16.49, 19.72, 19.69, 15.98, 14.05]","[47.33, 41.69, 35.17, 29.03, 25.76, 24.91, 25.27, 26.03, 26.75, 25.96, 25.3, 25.58, 25.55, 25.36, 25.24, 25.78, 25.88, 26.36, 27.2, 27.5, 27.64, 27.91, 28.61, 28.93]","[37.25, 35.52, 33.96, 31.54, 29.43, 27.54, 26.19, 25.02, 23.59, 24.19, 22.91, 24.02, 22.96, 22.37, 22.28, 22.26, 21.65, 21.27, 20.89, 21.31, 20.99, 21.55, 22.04, 22.01]",,,
2026-10-07T14:07:58.534570+00:00,Manila,"OpenAQ (ground sensor) [fine-tuned, C regularised]",34,"[24.83, 23.3, 21.15, 20.44, 20.56, 20.25, 20.26, 20.48, 20.66, 20.44, 20.61, 20.9, 21.56, 22.7, 23.44, 23.54, 23.2, 22.59, 22.06, 21.31, 20.16, 18.77, 18.5, 19.16]","[31.44, 30.06, 29.31, 29.41, 29.36, 30.4, 30.02, 27.58, 27.42, 29.75, 32.18, 30.32, 24.23, 21.1, 24.05, 26.6, 26.81, 25.1, 22.9, 24.55, 31.62, 32.77, 28.33, 28.68]","[45.61, 39.45, 32.81, 27.86, 25.49, 24.98, 25.47, 26.62, 27.71, 27.92, 28.22, 28.75, 28.98, 29.29, 29.61, 29.94, 30.12, 30.87, 32.09, 32.7, 32.8, 32.34, 31.52, 29.94]","[59.99, 54.67, 49.56, 41.91, 38.21, 34.51, 32.12, 29.13, 26.05, 26.36, 24.68, 26.16, 24.67, 24.8, 25.59, 27.0, 25.65, 26.09, 25.12, 27.06, 26.47, 28.69, 29.2, 28.28]",,,
2026-10-07T14:07:58.543721+00:00,Quezon_City,"OpenAQ (ground sensor) [fine-tuned, C regularised]",28,"[18.3, 18.8, 18.83, 19.13, 19.16, 18.71, 18.58, 18.51, 18.41, 18.42, 18.61, 17.57, 17.36, 18.34, 18.94, 18.79, 18.73, 18.64, 18.37, 18.03, 17.8, 17.1, 16.87, 16.61]","[18.05, 17.37, 17.16, 18.23, 20.8, 21.67, 18.51, 17.0, 19.4, 19.91, 17.33, 17.13, 16.76, 16.96, 18.76, 19.34, 19.01, 18.38, 17.36, 17.61, 19.64, 19.46, 16.42, 14.15]","[55.35, 49.47, 43.63, 37.45, 33.74, 32.14, 30.89, 29.97, 29.26, 27.52, 26.63, 26.93, 27.02, 26.36, 25.99, 26.54, 26.59, 26.9, 28.44, 29.38, 29.6, 29.26, 28.58, 27.64]","[54.05, 52.52, 49.8, 46.12, 44.22, 40.73, 38.85, 36.68, 32.72, 33.06, 30.64, 30.67, 27.35, 26.53, 25.43, 24.45, 23.37, 22.15, 20.39, 20.68, 20.98, 21.77, 21.9, 22.29]",,,
2026-10-07T14:07:58.605947+00:00,Makati,"OpenAQ (ground sensor) [fine-tuned, C regularised]",30,"[13.92, 14.41, 14.45, 14.48, 14.32, 13.65, 13.19, 13.25, 13.53, 13.65, 14.01, 13.44, 13.05, 13.65, 14.12, 14.13, 14.0, 13.7, 13.34, 13.22, 13.0, 12.48, 12.56, 12.36]","[10.53, 11.13, 11.91, 13.87, 16.06, 16.25, 14.47, 13.66, 14.6, 15.15, 13.82, 13.39, 13.33, 14.47, 15.92, 16.31, 16.62, 17.44, 16.86, 17.16, 19.43, 18.72, 15.44, 13.61]","[29.08, 27.3, 25.7, 24.5, 23.59, 22.86, 22.08, 21.53, 21.38, 21.09, 20.96, 21.13, 20.96, 20.72, 20.56, 20.36, 20.25, 20.88, 22.09, 23.06, 23.74, 24.04, 23.77, 22.91]","[22.96, 22.67, 22.75, 22.25, 22.8, 22.2, 22.01, 21.42, 20.82, 21.13, 20.43, 20.21, 19.67, 19.51, 18.85, 19.16, 18.61, 18.08, 18.08, 18.58, 18.95, 18.82, 19.21, 19.38]",,,
2026-10-07T14:07:59.328833+00:00,Valenzuela,"OpenAQ (ground sensor) [fine-tuned, C regularised]",28,"[16.14, 16.57, 16.47, 16.56, 16.57, 16.21, 16.09, 16.05, 15.97, 15.85, 15.96, 15.02, 14.77, 15.66, 16.17, 16.03, 15.96, 15.93, 15.78, 15.59, 15.27, 14.46, 14.2, 13.82]","[14.8, 15.48, 17.1, 18.58, 18.24, 16.74, 16.6, 17.99, 17.42, 15.11, 14.62, 17.01, 15.79, 14.64, 16.24, 17.28, 17.16, 16.6, 15.38, 15.91, 18.35, 18.91, 16.16, 12.21]","[36.44, 33.78, 30.72, 28.0, 26.45, 25.81, 25.52, 25.25, 25.1, 24.19, 23.76, 23.94, 23.87, 24.11, 24.35, 24.63, 24.95, 25.79, 27.07, 27.84, 27.91, 27.38, 26.49, 25.34]","[35.31, 34.23, 33.0, 31.07, 29.63, 27.89, 26.74, 25.66, 24.09, 24.86, 23.37, 24.44, 22.79, 22.63, 22.05, 21.74, 21.23, 20.67, 20.17, 20.49, 20.29, 20.64, 21.01, 21.39]",,,
2026-10-07T14:07:59.340273+00:00,Pasig,"OpenAQ (ground sensor) [fine-tuned, C regularised]",34,"[23.31, 19.98, 17.16, 17.19, 18.6, 19.64, 20.25, 20.63, 20.99, 20.84, 20.49, 19.79, 19.07, 19.42, 20.46, 21.05, 20.9, 20.72, 20.99, 20.64, 19.48, 18.13, 18.04, 18.27]","[22.44, 23.13, 24.34, 25.08, 24.18, 24.69, 24.73, 24.08, 25.18, 26.29, 27.12, 26.25, 22.03, 18.44, 20.32, 22.29, 21.76, 19.71, 18.0, 21.46, 29.62, 30.81, 25.27, 25.21]","[36.91, 34.68, 31.39, 28.23, 25.99, 24.75, 24.39, 24.33, 24.49, 24.43, 24.62, 24.83, 24.63, 24.57, 24.61, 24.86, 25.03, 25.64, 26.45, 26.89, 27.03, 27.13, 27.24, 27.0]","[40.17, 37.01, 34.93, 31.12, 29.03, 26.86, 25.26, 24.57, 23.29, 23.62, 22.99, 24.48, 24.25, 23.75, 23.87, 24.62, 24.15, 24.31, 23.66, 24.54, 24.62, 25.32, 25.92, 25.79]",,,
2026-10-07T14:07:59.342916+00:00,Caloocan,"OpenAQ (ground sensor) [fine-tuned, C regularised]",30,"[23.01, 24.76, 25.95, 26.39, 26.4, 26.19, 26.45, 26.38, 26.24, 26.45, 26.79, 25.46, 24.82, 25.67, 26.14, 25.67, 25.72, 25.71, 25.11, 25.02, 25.29, 24.37, 23.5, 22.94]","[31.42, 29.63, 31.71, 33.91, 35.15, 34.01, 29.45, 31.42, 36.96, 31.69, 21.47, 24.41, 29.1, 29.61, 29.64, 26.83, 25.05, 27.77, 30.6, 31.72, 33.85, 32.41, 25.62, 21.49]","[61.84, 54.08, 44.8, 37.33, 34.27, 34.16, 34.67, 35.35, 35.57, 34.94, 35.42, 35.9, 35.53, 34.84, 33.86, 33.12, 32.52, 33.18, 35.4, 37.07, 37.54, 36.92, 35.78, 34.22]","[81.43, 75.24, 67.8, 57.61, 53.52, 47.4, 44.21, 40.36, 35.4, 36.96, 34.16, 34.97, 32.0, 32.28, 32.3, 33.25, 31.66, 31.28, 29.91, 31.98, 30.54, 33.38, 32.68, 32.35]",,,
2026-10-07T14:08:00.340321+00:00,Navotas,"OpenAQ (ground sensor) [fine-tuned, C regularised]",25,"[20.79, 20.92, 20.7, 21.14, 21.5, 21.21, 21.15, 21.19, 21.16, 21.34, 21.59, 20.33, 19.98, 21.19, 21.89, 21.49, 21.35, 21.55, 21.53, 21.44, 21.47, 20.72, 20.41, 20.46]","[20.23, 19.11, 20.5, 22.45, 21.96, 20.87, 19.66, 20.68, 23.57, 23.05, 21.17, 20.77, 18.42, 17.5, 19.87, 20.46, 21.09, 22.03, 20.03, 19.56, 23.89, 22.69, 16.77, 16.14]","[85.88, 70.51, 55.16, 46.44, 42.31, 38.0, 34.85, 33.67, 33.09, 32.31, 32.43, 32.28, 31.46, 30.31, 29.51, 29.46, 29.4, 29.48, 30.85, 31.85, 32.48, 32.02, 31.09, 30.6]","[77.61, 73.26, 66.38, 56.46, 53.99, 47.21, 45.62, 40.74, 34.55, 33.79, 30.82, 29.6, 24.01, 23.03, 22.34, 21.32, 18.93, 17.82, 14.54, 15.89, 14.99, 17.43, 17.36, 17.33]",,,
2026-10-07T14:08:00.385763+00:00,Mandaluyong,"OpenAQ (ground sensor) [fine-tuned, C regularised]",28,"[15.11, 15.49, 15.46, 15.61, 15.48, 14.98, 14.87, 14.95, 14.92, 14.79, 15.05, 14.48, 14.37, 15.12, 15.43, 15.18, 15.08, 15.07, 14.96, 14.78, 14.48, 13.85, 13.88, 13.86]","[14.69, 15.02, 16.2, 17.92, 18.31, 16.99, 15.47, 16.03, 17.59, 17.66, 16.7, 16.78, 15.65, 15.4, 16.52, 16.75, 16.59, 16.12, 15.35, 16.84, 19.27, 18.02, 15.19, 14.11]","[34.86, 30.25, 25.54, 21.05, 18.85, 18.62, 19.1, 20.1, 21.08, 20.89, 20.32, 20.54, 20.58, 20.41, 20.46, 20.98, 21.06, 21.37, 22.6, 23.62, 24.39, 24.69, 24.3, 23.02]","[31.55, 30.82, 30.43, 29.51, 28.14, 27.68, 26.97, 26.4, 25.22, 25.54, 24.62, 24.83, 23.84, 23.26, 22.02, 21.6, 20.24, 18.96, 18.03, 17.7, 16.79, 17.08, 17.23, 17.34]",,,
2026-10-07T14:08:00.579598+00:00,Pasay,"OpenAQ (ground sensor) [fine-tuned, C regularised]",30,"[19.97, 20.63, 20.47, 19.95, 19.33, 18.53, 18.12, 18.0, 18.54, 19.11, 19.53, 18.5, 17.89, 18.67, 19.23, 19.01, 18.81, 18.47, 17.79, 17.35, 17.17, 16.7, 16.86, 16.88]","[22.98, 24.03, 25.25, 26.41, 27.31, 27.24, 24.2, 21.79, 21.98, 22.16, 21.87, 22.84, 22.53, 21.66, 22.18, 21.71, 21.9, 22.73, 22.41, 23.06, 25.77, 25.6, 22.29, 21.41]","[44.3, 39.76, 34.61, 30.2, 27.67, 26.91, 26.96, 27.25, 27.77, 27.45, 27.19, 27.09, 26.65, 26.3, 26.01, 25.89, 25.78, 26.57, 28.06, 28.94, 29.35, 29.54, 29.39, 28.6]","[77.97, 72.41, 66.05, 57.27, 52.28, 46.03, 41.99, 38.11, 32.95, 33.55, 31.86, 32.54, 29.67, 29.29, 28.47, 29.74, 28.45, 28.03, 26.43, 28.1, 27.99, 29.69, 29.85, 30.45]",,,
2026-10-07T14:08:01.050132+00:00,San_Juan,"OpenAQ (ground sensor) [fine-tuned, C regularised]",27,"[15.11, 15.22, 14.96, 15.02, 14.99, 14.54, 14.39, 14.49, 14.54, 14.42, 14.61, 13.97, 13.77, 14.5, 14.9, 14.76, 14.66, 14.6, 14.5, 14.33, 13.97, 13.29, 13.25, 13.03]","[15.43, 14.98, 16.2, 17.99, 18.12, 16.73, 15.54, 16.71, 18.57, 17.52, 14.7, 15.7, 15.74, 15.47, 16.05, 16.07, 16.55, 17.4, 16.56, 16.25, 18.38, 18.69, 15.8, 12.8]","[43.87, 39.73, 34.94, 29.77, 26.57, 25.48, 25.24, 25.08, 25.12, 24.03, 23.31, 23.64, 23.86, 24.08, 24.28, 24.81, 24.97, 25.16, 25.89, 26.23, 26.06, 25.32, 24.42, 23.36]","[35.75, 34.38, 33.15, 31.22, 29.53, 28.11, 26.86, 25.61, 24.29, 24.86, 23.65, 24.22, 22.91, 22.4, 21.74, 21.62, 20.6, 19.64, 19.26, 19.47, 18.84, 19.11, 19.55, 19.64]",,,
2026-10-07T14:17:58.613550+00:00,Quezon_City,"OpenAQ (ground sensor) [fine-tuned, C regularised]",29,"[18.89, 20.32, 21.03, 21.44, 21.45, 20.87, 20.56, 20.41, 20.34, 20.61, 21.14, 20.18, 19.76, 20.58, 21.15, 21.05, 21.1, 20.8, 19.98, 19.6, 19.86, 19.48, 19.4, 19.44]","[19.89, 19.3, 19.53, 20.75, 22.99, 23.56, 20.02, 18.41, 20.61, 20.68, 18.28, 18.89, 18.84, 18.62, 20.09, 20.34, 20.12, 19.46, 18.12, 18.44, 21.11, 21.09, 17.57, 15.29]","[50.49, 46.02, 41.23, 36.3, 33.02, 31.26, 29.99, 29.14, 28.6, 27.27, 26.64, 26.75, 26.54, 25.72, 25.2, 25.55, 25.79, 26.46, 27.96, 28.54, 28.5, 28.18, 27.66, 26.98]","[57.91, 56.37, 53.65, 49.94, 47.64, 43.9, 41.71, 39.32, 34.91, 34.93, 32.33, 32.26, 28.68, 27.67, 26.29, 25.03, 23.88, 22.44, 20.47, 20.58, 20.97, 21.83, 21.95, 22.42]",,,
2026-10-07T14:17:58.701817+00:00,Pasig,"OpenAQ (ground sensor) [fine-tuned, C regularised]",35,"[23.21, 19.14, 15.41, 15.22, 17.0, 18.53, 19.45, 19.96, 20.74, 21.51, 21.55, 20.58, 19.37, 19.03, 19.24, 19.72, 20.45, 21.04, 21.17, 20.22, 18.84, 17.58, 17.73, 18.2]","[22.51, 23.45, 24.06, 24.63, 24.01, 24.34, 24.58, 23.9, 24.26, 25.53, 26.21, 23.88, 20.66, 19.14, 21.0, 22.29, 22.02, 19.93, 18.28, 22.23, 29.43, 30.45, 26.68, 26.89]","[37.08, 34.91, 31.54, 28.21, 25.87, 24.72, 24.55, 24.67, 24.92, 24.88, 25.08, 25.25, 25.05, 24.97, 24.92, 25.1, 25.21, 25.75, 26.57, 27.01, 27.1, 27.1, 27.03, 26.66]","[40.02, 36.88, 34.85, 31.1, 29.0, 26.82, 25.24, 24.54, 23.24, 23.58, 22.96, 24.43, 24.2, 23.69, 23.76, 24.5, 24.05, 24.18, 23.53, 24.38, 24.48, 25.16, 25.73, 25.65]",,,
2026-10-07T14:17:58.730918+00:00,Makati,"OpenAQ (ground sensor) [fine-tuned, C regularised]",31,"[14.24, 14.96, 15.03, 14.93, 14.55, 13.53, 12.77, 12.71, 13.06, 13.17, 13.47, 13.03, 12.99, 13.87, 14.39, 14.3, 14.09, 13.88, 13.62, 13.35, 12.76, 11.89, 11.95, 11.97]","[10.38, 11.24, 12.03, 14.44, 17.31, 17.65, 15.28, 13.6, 14.51, 15.34, 13.69, 12.09, 12.09, 13.9, 15.67, 16.53, 17.85, 19.0, 17.42, 17.37, 21.07, 20.81, 16.79, 14.5]","[28.0, 26.39, 24.95, 23.89, 23.06, 22.32, 21.49, 20.85, 20.61, 20.29, 20.11, 20.25, 20.14, 19.98, 19.92, 19.85, 19.82, 20.44, 21.59, 22.5, 23.17, 23.49, 23.27, 22.46]","[19.69, 19.78, 20.09, 20.04, 20.79, 20.47, 20.59, 20.27, 19.9, 20.28, 19.82, 19.56, 19.13, 18.95, 18.26, 18.46, 17.9, 17.34, 17.3, 17.61, 17.88, 17.65, 17.93, 18.15]",,,
2026-10-07T14:17:59.374944+00:00,Manila,"OpenAQ (ground sensor) [fine-tuned, C regularised]",35,"[25.23, 23.31, 20.35, 19.41, 20.15, 20.38, 20.36, 20.47, 21.12, 21.91, 22.56, 22.67, 22.8, 23.3, 23.49, 23.57, 23.77, 23.63, 22.88, 21.56, 20.3, 19.15, 19.17, 19.97]","[33.47, 31.85, 29.88, 29.3, 29.38, 30.66, 31.59, 29.51, 28.09, 30.25, 32.91, 29.36, 23.42, 21.82, 24.75, 27.07, 27.92, 26.03, 23.41, 24.74, 30.41, 31.99, 30.02, 30.31]","[47.72, 41.21, 34.03, 28.55, 25.92, 25.35, 25.78, 26.82, 27.74, 27.72, 27.89, 28.31, 28.47, 28.8, 29.22, 29.66, 29.96, 30.77, 32.1, 32.8, 32.91, 32.24, 31.13, 29.37]","[61.07, 55.53, 50.12, 42.26, 38.17, 34.36, 31.85, 28.76, 25.49, 25.69, 24.1, 25.66, 24.09, 24.17, 25.04, 26.35, 25.11, 25.59, 24.58, 26.58, 25.94, 28.3, 28.82, 27.94]",,,
2026-10-07T14:17:59.564571+00:00,Caloocan,"OpenAQ (ground sensor) [fine-tuned, C regularised]",31,"[26.37, 28.3, 29.66, 30.13, 29.98, 29.56, 29.73, 29.6, 29.44, 29.46, 29.5, 28.19, 28.14, 29.42, 29.87, 29.16, 29.27, 29.63, 29.22, 28.85, 28.57, 27.18, 26.26, 25.85]","[32.23, 30.79, 33.75, 35.65, 35.85, 35.24, 31.49, 33.56, 39.34, 34.19, 23.72, 26.44, 31.31, 31.51, 31.25, 28.73, 27.32, 29.61, 32.36, 34.05, 36.9, 36.0, 29.13, 24.36]","[63.38, 55.54, 46.25, 38.74, 35.75, 35.83, 36.39, 36.9, 36.83, 36.01, 36.45, 36.94, 36.61, 35.82, 34.75, 34.12, 33.68, 34.33, 36.37, 37.86, 38.25, 37.7, 36.68, 35.28]","[90.1, 83.55, 75.49, 64.51, 59.46, 52.33, 48.53, 44.11, 37.96, 39.19, 36.31, 36.88, 33.27, 33.14, 32.69, 33.47, 31.9, 31.21, 29.4, 31.37, 30.19, 33.19, 32.47, 32.55]",,,
2026-10-07T14:17:59.571052+00:00,Valenzuela,"OpenAQ (ground sensor) [fine-tuned, C regularised]",29,"[16.73, 17.9, 18.32, 18.35, 18.23, 17.69, 17.33, 17.19, 17.22, 17.37, 17.74, 16.84, 16.39, 17.13, 17.65, 17.58, 17.62, 17.36, 16.74, 16.49, 16.49, 15.87, 15.72, 15.47]","[18.05, 18.51, 19.64, 20.2, 19.8, 18.9, 17.59, 17.51, 17.44, 16.4, 16.39, 18.65, 17.39, 15.96, 17.98, 19.47, 19.1, 17.07, 15.55, 17.0, 19.71, 19.48, 16.29, 13.95]","[38.22, 35.42, 32.1, 29.11, 27.35, 26.55, 26.17, 25.86, 25.73, 24.92, 24.62, 24.88, 24.8, 24.89, 24.99, 25.21, 25.45, 26.24, 27.44, 28.1, 28.16, 27.75, 27.1, 26.22]","[43.12, 41.69, 40.08, 37.78, 35.64, 33.45, 31.77, 30.21, 27.96, 28.6, 26.86, 27.9, 25.74, 25.46, 24.47, 24.04, 23.32, 22.47, 21.53, 21.81, 21.78, 22.26, 22.41, 22.9]",,,
2026-10-07T14:18:00.416600+00:00,Mandaluyong,"OpenAQ (ground sensor) [fine-tuned, C regularised]",29,"[14.63, 15.53, 15.86, 15.92, 15.56, 14.71, 14.25, 14.29, 14.53, 14.76, 15.26, 14.73, 14.44, 15.07, 15.41, 15.26, 15.15, 14.87, 14.4, 14.22, 14.14, 13.67, 13.8, 13.85]","[14.95, 14.95, 15.53, 16.88, 17.65, 17.01, 15.32, 15.41, 16.89, 16.99, 16.18, 16.44, 15.45, 15.24, 16.51, 16.63, 16.47, 16.29, 15.77, 17.22, 19.33, 17.4, 14.17, 13.92]","[33.69, 29.43, 24.98, 20.74, 18.55, 18.22, 18.71, 19.73, 20.82, 20.77, 20.3, 20.5, 20.53, 20.41, 20.39, 20.75, 20.77, 21.1, 22.13, 22.94, 23.72, 24.34, 24.46, 23.64]","[27.79, 27.18, 26.94, 26.25, 25.29, 25.03, 24.47, 24.05, 23.22, 23.59, 22.72, 22.91, 22.32, 21.76, 20.84, 20.61, 19.54, 18.55, 17.93, 17.75, 17.06, 17.28, 17.46, 17.58]",,,
2026-10-07T14:18:00.537782+00:00,Pasay,"OpenAQ (ground sensor) [fine-tuned, C regularised]",31,"[20.98, 21.82, 21.52, 20.8, 19.88, 18.47, 17.42, 16.95, 17.5, 18.29, 19.04, 18.33, 18.11, 19.31, 20.15, 19.84, 19.32, 18.84, 18.15, 17.57, 17.0, 16.08, 16.12, 16.52]","[22.92, 23.46, 24.96, 26.61, 27.62, 27.94, 25.42, 23.53, 24.37, 24.44, 23.33, 24.08, 23.93, 22.89, 23.28, 23.02, 23.26, 23.59, 23.12, 24.2, 27.54, 27.92, 24.75, 23.61]","[43.93, 39.75, 34.7, 30.23, 27.52, 26.62, 26.84, 27.63, 28.49, 28.46, 28.29, 27.98, 27.29, 26.69, 26.28, 26.15, 26.11, 27.13, 28.88, 29.82, 30.15, 30.26, 30.15, 29.45]","[70.17, 65.04, 59.4, 51.55, 47.54, 42.25, 38.82, 35.66, 31.31, 32.05, 30.48, 31.12, 28.8, 28.49, 27.98, 29.34, 28.08, 27.8, 26.38, 28.04, 27.89, 29.43, 29.5, 29.77]",,,
2026-10-07T14:18:00.804891+00:00,Navotas,"OpenAQ (ground sensor) [fine-tuned, C regularised]",26,"[22.83, 22.98, 22.67, 23.06, 23.42, 23.11, 23.08, 23.06, 22.9, 23.04, 23.28, 21.98, 21.69, 23.02, 23.75, 23.26, 23.15, 23.45, 23.41, 23.3, 23.45, 22.64, 22.25, 22.38]","[25.03, 23.55, 25.07, 26.74, 25.66, 24.18, 22.08, 22.83, 26.35, 25.89, 23.53, 23.43, 21.06, 19.73, 22.2, 22.87, 23.14, 23.37, 21.61, 21.8, 26.05, 24.35, 18.3, 17.96]","[83.92, 70.15, 55.93, 46.91, 42.14, 37.77, 34.82, 33.84, 33.36, 32.53, 32.61, 32.52, 31.71, 30.45, 29.62, 29.66, 29.51, 29.55, 30.97, 31.91, 32.41, 31.9, 30.98, 30.63]","[89.71, 85.76, 78.86, 68.54, 65.53, 57.39, 55.1, 49.65, 41.53, 39.66, 35.79, 34.14, 27.52, 25.51, 23.82, 21.67, 18.85, 16.85, 13.1, 13.81, 13.28, 15.71, 16.1, 16.27]",,,
2026-10-07T14:18:01.218568+00:00,San_Juan,"OpenAQ (ground sensor) [fine-tuned, C regularised]",28,"[14.88, 15.01, 14.77, 14.83, 14.78, 14.34, 14.19, 14.3, 14.35, 14.22, 14.41, 13.78, 13.58, 14.32, 14.72, 14.58, 14.47, 14.41, 14.32, 14.16, 13.8, 13.12, 13.08, 12.86]","[15.89, 15.67, 17.17, 18.88, 18.74, 17.24, 15.91, 17.11, 19.17, 18.16, 15.32, 16.44, 16.47, 16.1, 16.79, 16.81, 16.92, 17.52, 16.97, 16.98, 18.99, 19.3, 16.51, 13.37]","[41.34, 37.81, 33.42, 28.8, 25.94, 25.01, 24.96, 24.88, 24.82, 23.68, 22.97, 23.15, 23.21, 23.46, 23.71, 24.26, 24.62, 25.09, 25.9, 26.15, 25.89, 25.19, 24.38, 23.44]","[33.4, 32.2, 31.3, 29.66, 28.26, 27.08, 26.0, 24.96, 23.82, 24.46, 23.35, 23.89, 22.79, 22.28, 21.62, 21.48, 20.49, 19.51, 19.19, 19.33, 18.66, 18.86, 19.24, 19.35]",,,
2026-10-07T14:25:58.275036+00:00,Quezon_City,"OpenAQ (ground sensor) [fine-tuned, C regularised]",29,"[18.89, 20.32, 21.03, 21.44, 21.45, 20.87, 20.56, 20.41, 20.34, 20.61, 21.14, 20.18, 19.76, 20.58, 21.15, 21.05, 21.1, 20.8, 19.98, 19.6, 19.86, 19.48, 19.4, 19.44]","[19.89, 19.3, 19.53, 20.75, 22.99, 23.56, 20.02, 18.41, 20.61, 20.68, 18.28, 18.89, 18.84, 18.62, 20.09, 20.34, 20.12, 19.46, 18.12, 18.44, 21.11, 21.09, 17.57, 15.29]","[50.49, 46.02, 41.23, 36.3, 33.02, 31.26, 29.99, 29.14, 28.6, 27.27, 26.64, 26.75, 26.54, 25.72, 25.2, 25.55, 25.79, 26.46, 27.96, 28.54, 28.5, 28.18, 27.66, 26.98]","[57.91, 56.37, 53.65, 49.94, 47.64, 43.9, 41.71, 39.32, 34.91, 34.93, 32.33, 32.26, 28.68, 27.67, 26.29, 25.03, 23.88, 22.44, 20.47, 20.58, 20.97, 21.83, 21.95, 22.42]",,,
2026-10-07T14:27:58.577936+00:00,Manila,"OpenAQ (ground sensor) [fine-tuned, C regularised]",35,"[25.23, 23.31, 20.35, 19.41, 20.15, 20.38, 20.36, 20.47, 21.12, 21.91, 22.56, 22.67, 22.8, 23.3, 23.49, 23.57, 23.77, 23.63, 22.88, 21.56, 20.3, 19.15, 19.17, 19.97]","[33.47, 31.85, 29.88, 29.3, 29.38, 30.66, 31.59, 29.51, 28.09, 30.25, 32.91, 29.36, 23.42, 21.82, 24.75, 27.07, 27.92, 26.03, 23.41, 24.74, 30.41, 31.99, 30.02, 30.31]","[47.72, 41.21, 34.03, 28.55, 25.92, 25.35, 25.78, 26.82, 27.74, 27.72, 27.89, 28.31, 28.47, 28.8, 29.22, 29.66, 29.96, 30.77, 32.1, 32.8, 32.91, 32.24, 31.13, 29.37]","[61.07, 55.53, 50.12, 42.26, 38.17, 34.36, 31.85, 28.76, 25.49, 25.69, 24.1, 25.66, 24.09, 24.17, 25.04, 26.35, 25.11, 25.59, 24.58, 26.58, 25.94, 28.3, 28.82, 27.94]",,,
2026-10-07T14:27:58.944391+00:00,Makati,"OpenAQ (ground sensor) [fine-tuned, C regularised]",31,"[14.24, 14.96, 15.03, 14.93, 14.55, 13.53, 12.77, 12.71, 13.06, 13.17, 13.47, 13.03, 12.99, 13.87, 14.39, 14.3, 14.09, 13.88, 13.62, 13.35, 12.76, 11.89, 11.95, 11.97]","[10.38, 11.24, 12.03, 14.44, 17.31, 17.65, 15.28, 13.6, 14.51, 15.34, 13.69, 12.09, 12.09, 13.9, 15.67, 16.53, 17.85, 19.0, 17.42, 17.37, 21.07, 20.81, 16.79, 14.5]","[28.0, 26.39, 24.95, 23.89, 23.06, 22.32, 21.49, 20.85, 20.61, 20.29, 20.11, 20.25, 20.14, 19.98, 19.92, 19.85, 19.82, 20.44, 21.59, 22.5, 23.17, 23.49, 23.27, 22.46]","[19.69, 19.78, 20.09, 20.04, 20.79, 20.47, 20.59, 20.27, 19.9, 20.28, 19.82, 19.56, 19.13, 18.95, 18.26, 18.46, 17.9, 17.34, 17.3, 17.61, 17.88, 17.65, 17.93, 18.15]",,,
2026-10-07T14:27:59.320755+00:00,Caloocan,"OpenAQ (ground sensor) [fine-tuned, C regularised]",31,"[26.37, 28.3, 29.66, 30.13, 29.98, 29.56, 29.73, 29.6, 29.44, 29.46, 29.5, 28.19, 28.14, 29.42, 29.87, 29.16, 29.27, 29.63, 29.22, 28.85, 28.57, 27.18, 26.26, 25.85]","[32.23, 30.79, 33.75, 35.65, 35.85, 35.24, 31.49, 33.56, 39.34, 34.19, 23.72, 26.44, 31.31, 31.51, 31.25, 28.73, 27.32, 29.61, 32.36, 34.05, 36.9, 36.0, 29.13, 24.36]","[63.38, 55.54, 46.25, 38.74, 35.75, 35.83, 36.39, 36.9, 36.83, 36.01, 36.45, 36.94, 36.61, 35.82, 34.75, 34.12, 33.68, 34.33, 36.37, 37.86, 38.25, 37.7, 36.68, 35.28]","[90.1, 83.55, 75.49, 64.51, 59.46, 52.33, 48.53, 44.11, 37.96, 39.19, 36.31, 36.88, 33.27, 33.14, 32.69, 33.47, 31.9, 31.21, 29.4, 31.37, 30.19, 33.19, 32.47, 32.55]",,,
2026-10-07T14:27:59.382567+00:00,Quezon_City,"OpenAQ (ground sensor) [fine-tuned, C regularised]",29,"[18.89, 20.32, 21.03, 21.44, 21.45, 20.87, 20.56, 20.41, 20.34, 20.61, 21.14, 20.18, 19.76, 20.58, 21.15, 21.05, 21.1, 20.8, 19.98, 19.6, 19.86, 19.48, 19.4, 19.44]","[19.89, 19.3, 19.53, 20.75, 22.99, 23.56, 20.02, 18.41, 20.61, 20.68, 18.28, 18.89, 18.84, 18.62, 20.09, 20.34, 20.12, 19.46, 18.12, 18.44, 21.11, 21.09, 17.57, 15.29]","[50.49, 46.02, 41.23, 36.3, 33.02, 31.26, 29.99, 29.14, 28.6, 27.27, 26.64, 26.75, 26.54, 25.72, 25.2, 25.55, 25.79, 26.46, 27.96, 28.54, 28.5, 28.18, 27.66, 26.98]","[57.91, 56.37, 53.65, 49.94, 47.64, 43.9, 41.71, 39.32, 34.91, 34.93, 32.33, 32.26, 28.68, 27.67, 26.29, 25.03, 23.88, 22.44, 20.47, 20.58, 20.97, 21.83, 21.95, 22.42]",,,
2026-10-07T14:27:59.426400+00:00,Pasig,"OpenAQ (ground sensor) [fine-tuned, C regularised]",35,"[23.21, 19.14, 15.41, 15.22, 17.0, 18.53, 19.45, 19.96, 20.74, 21.51, 21.55, 20.58, 19.37, 19.03, 19.24, 19.72, 20.45, 21.04, 21.17, 20.22, 18.84, 17.58, 17.73, 18.2]","[22.51, 23.45, 24.06, 24.63, 24.01, 24.34, 24.58, 23.9, 24.26, 25.53, 26.21, 23.88, 20.66, 19.14, 21.0, 22.29, 22.02, 19.93, 18.28, 22.23, 29.43, 30.45, 26.68, 26.89]","[37.08, 34.91, 31.54, 28.21, 25.87, 24.72, 24.55, 24.67, 24.92, 24.88, 25.08, 25.25, 25.05, 24.97, 24.92, 25.1, 25.21, 25.75, 26.57, 27.01, 27.1, 27.1, 27.03, 26.66]","[40.02, 36.88, 34.85, 31.1, 29.0, 26.82, 25.24, 24.54, 23.24, 23.58, 22.96, 24.43, 24.2, 23.69, 23.76, 24.5, 24.05, 24.18, 23.53, 24.38, 24.48, 25.16, 25.73, 25.65]",,,
2026-10-07T14:27:59.489740+00:00,Valenzuela,"OpenAQ (ground sensor) [fine-tuned, C regularised]",29,"[16.73, 17.9, 18.32, 18.35, 18.23, 17.69, 17.33, 17.19, 17.22, 17.37, 17.74, 16.84, 16.39, 17.13, 17.65, 17.58, 17.62, 17.36, 16.74, 16.49, 16.49, 15.87, 15.72, 15.47]","[18.05, 18.51, 19.64, 20.2, 19.8, 18.9, 17.59, 17.51, 17.44, 16.4, 16.39, 18.65, 17.39, 15.96, 17.98, 19.47, 19.1, 17.07, 15.55, 17.0, 19.71, 19.48, 16.29, 13.95]","[38.22, 35.42, 32.1, 29.11, 27.35, 26.55, 26.17, 25.86, 25.73, 24.92, 24.62, 24.88, 24.8, 24.89, 24.99, 25.21, 25.45, 26.24, 27.44, 28.1, 28.16, 27.75, 27.1, 26.22]","[43.12, 41.69, 40.08, 37.78, 35.64, 33.45, 31.77, 30.21, 27.96, 28.6, 26.86, 27.9, 25.74, 25.46, 24.47, 24.04, 23.32, 22.47, 21.53, 21.81, 21.78, 22.26, 22.41, 22.9]",,,
2026-10-07T14:28:00.407264+00:00,Mandaluyong,"OpenAQ (ground sensor) [fine-tuned, C regularised]",29,"[14.63, 15.53, 15.86, 15.92, 15.56, 14.71, 14.25, 14.29, 14.53, 14.76, 15.26, 14.73, 14.44, 15.07, 15.41, 15.26, 15.15, 14.87, 14.4, 14.22, 14.14, 13.67, 13.8, 13.85]","[14.95, 14.95, 15.53, 16.88, 17.65, 17.01, 15.32, 15.41, 16.89, 16.99, 16.18, 16.44, 15.45, 15.24, 16.51, 16.63, 16.47, 16.29, 15.77, 17.22, 19.33, 17.4, 14.17, 13.92]","[33.69, 29.43, 24.98, 20.74, 18.55, 18.22, 18.71, 19.73, 20.82, 20.77, 20.3, 20.5, 20.53, 20.41, 20.39, 20.75, 20.77, 21.1, 22.13, 22.94, 23.72, 24.34, 24.46, 23.64]","[27.79, 27.18, 26.94, 26.25, 25.29, 25.03, 24.47, 24.05, 23.22, 23.59, 22.72, 22.91, 22.32, 21.76, 20.84, 20.61, 19.54, 18.55, 17.93, 17.75, 17.06, 17.28, 17.46, 17.58]",,,
2026-10-07T14:28:00.718375+00:00,Navotas,"OpenAQ (ground sensor) [fine-tuned, C regularised]",26,"[22.83, 22.98, 22.67, 23.06, 23.42, 23.11, 23.08, 23.06, 22.9, 23.04, 23.28, 21.98, 21.69, 23.02, 23.75, 23.26, 23.15, 23.45, 23.41, 23.3, 23.45, 22.64, 22.25, 22.38]","[25.03, 23.55, 25.07, 26.74, 25.66, 24.18, 22.08, 22.83, 26.35, 25.89, 23.53, 23.43, 21.06, 19.73, 22.2, 22.87, 23.14, 23.37, 21.61, 21.8, 26.05, 24.35, 18.3, 17.96]","[83.92, 70.15, 55.93, 46.91, 42.14, 37.77, 34.82, 33.84, 33.36, 32.53, 32.61, 32.52, 31.71, 30.45, 29.62, 29.66, 29.51, 29.55, 30.97, 31.91, 32.41, 31.9, 30.98, 30.63]","[89.71, 85.76, 78.86, 68.54, 65.53, 57.39, 55.1, 49.65, 41.53, 39.66, 35.79, 34.14, 27.52, 25.51, 23.82, 21.67, 18.85, 16.85, 13.1, 13.81, 13.28, 15.71, 16.1, 16.27]",,,
2026-10-07T14:28:01.160207+00:00,San_Juan,"OpenAQ (ground sensor) [fine-tuned, C regularised]",28,"[14.88, 15.01, 14.77, 14.83, 14.78, 14.34, 14.19, 14.3, 14.35, 14.22, 14.41, 13.78, 13.58, 14.32, 14.72, 14.58, 14.47, 14.41, 14.32, 14.16, 13.8, 13.12, 13.08, 12.86]","[15.89, 15.67, 17.17, 18.88, 18.74, 17.24, 15.91, 17.11, 19.17, 18.16, 15.32, 16.44, 16.47, 16.1, 16.79, 16.81, 16.92, 17.52, 16.97, 16.98, 18.99, 19.3, 16.51, 13.37]","[41.34, 37.81, 33.42, 28.8, 25.94, 25.01, 24.96, 24.88, 24.82, 23.68, 22.97, 23.15, 23.21, 23.46, 23.71, 24.26, 24.62, 25.09, 25.9, 26.15, 25.89, 25.19, 24.38, 23.44]","[33.4, 32.2, 31.3, 29.66, 28.26, 27.08, 26.0, 24.96, 23.82, 24.46, 23.35, 23.89, 22.79, 22.28, 21.62, 21.48, 20.49, 19.51, 19.19, 19.33, 18.66, 18.86, 19.24, 19.35]",,,
2026-10-07T14:28:01.383711+00:00,Pasay,"OpenAQ (ground sensor) [fine-tuned, C regularised]",31,"[20.98, 21.82, 21.52, 20.8, 19.88, 18.47, 17.42, 16.95, 17.5, 18.29, 19.04, 18.33, 18.11, 19.31, 20.15, 19.84, 19.32, 18.84, 18.15, 17.57, 17.0, 16.08, 16.12, 16.52]","[22.92, 23.46, 24.96, 26.61, 27.62, 27.94, 25.42, 23.53, 24.37, 24.44, 23.33, 24.08, 23.93, 22.89, 23.28, 23.02, 23.26, 23.59, 23.12, 24.2, 27.54, 27.92, 24.75, 23.61]","[43.93, 39.75, 34.7, 30.23, 27.52, 26.62, 26.84, 27.63, 28.49, 28.46, 28.29, 27.98, 27.29, 26.69, 26.28, 26.15, 26.11, 27.13, 28.88, 29.82, 30.15, 30.26, 30.15, 29.45]","[70.17, 65.04, 59.4, 51.55, 47.54, 42.25, 38.82, 35.66, 31.31, 32.05, 30.48, 31.12, 28.8, 28.49, 27.98, 29.34, 28.08, 27.8, 26.38, 28.04, 27.89, 29.43, 29.5, 29.77]",,,
2026-10-07T14:37:58.615208+00:00,Makati,"OpenAQ (ground sensor) [fine-tuned, C regularised]",31,"[14.24, 14.96, 15.03, 14.93, 14.55, 13.53, 12.77, 12.71, 13.06, 13.17, 13.47, 13.03, 12.99, 13.87, 14.39, 14.3, 14.09, 13.88, 13.62, 13.35, 12.76, 11.89, 11.95, 11.97]","[10.38, 11.24, 12.03, 14.44, 17.31, 17.65, 15.28, 13.6, 14.51, 15.34, 13.69, 12.09, 12.09, 13.9, 15.67, 16.53, 17.85, 19.0, 17.42, 17.37, 21.07, 20.81, 16.79, 14.5]","[28.0, 26.39, 24.95, 23.89, 23.06, 22.32, 21.49, 20.85, 20.61, 20.29, 20.11, 20.25, 20.14, 19.98, 19.92, 19.85, 19.82, 20.44, 21.59, 22.5, 23.17, 23.49, 23.27, 22.46]","[19.69, 19.78, 20.09, 20.04, 20.79, 20.47, 20.59, 20.27, 19.9, 20.28, 19.82, 19.56, 19.13, 18.95, 18.26, 18.46, 17.9, 17.34, 17.3, 17.61, 17.88, 17.65, 17.93, 18.15]",,,
2026-10-07T14:37:58.643175+00:00,Manila,"OpenAQ (ground sensor) [fine-tuned, C regularised]",35,"[25.23, 23.31, 20.35, 19.41, 20.15, 20.38, 20.36, 20.47, 21.12, 21.91, 22.56, 22.67, 22.8, 23.3, 23.49, 23.57, 23.77, 23.63, 22.88, 21.56, 20.3, 19.15, 19.17, 19.97]","[33.47, 31.85, 29.88, 29.3, 29.38, 30.66, 31.59, 29.51, 28.09, 30.25, 32.91, 29.36, 23.42, 21.82, 24.75, 27.07, 27.92, 26.03, 23.41, 24.74, 30.41, 31.99, 30.02, 30.31]","[47.72, 41.21, 34.03, 28.55, 25.92, 25.35, 25.78, 26.82, 27.74, 27.72, 27.89, 28.31, 28.47, 28.8, 29.22, 29.66, 29.96, 30.77, 32.1, 32.8, 32.91, 32.24, 31.13, 29.37]","[61.07, 55.53, 50.12, 42.26, 38.17, 34.36, 31.85, 28.76, 25.49, 25.69, 24.1, 25.66, 24.09, 24.17, 25.04, 26.35, 25.11, 25.59, 24.58, 26.58, 25.94, 28.3, 28.82, 27.94]",,,
2026-10-07T14:37:58.682619+00:00,Quezon_City,"OpenAQ (ground sensor) [fine-tuned, C regularised]",29,"[18.89, 20.32, 21.03, 21.44, 21.45, 20.87, 20.56, 20.41, 20.34, 20.61, 21.14, 20.18, 19.76, 20.58, 21.15, 21.05, 21.1, 20.8, 19.98, 19.6, 19.86, 19.48, 19.4, 19.44]","[19.89, 19.3, 19.53, 20.75, 22.99, 23.56, 20.02, 18.41, 20.61, 20.68, 18.28, 18.89, 18.84, 18.62, 20.09, 20.34, 20.12, 19.46, 18.12, 18.44, 21.11, 21.09, 17.57, 15.29]","[50.49, 46.02, 41.23, 36.3, 33.02, 31.26, 29.99, 29.14, 28.6, 27.27, 26.64, 26.75, 26.54, 25.72, 25.2, 25.55, 25.79, 26.46, 27.96, 28.54, 28.5, 28.18, 27.66, 26.98]","[57.91, 56.37, 53.65, 49.94, 47.64, 43.9, 41.71, 39.32, 34.91, 34.93, 32.33, 32.26, 28.68, 27.67, 26.29, 25.03, 23.88, 22.44, 20.47, 20.58, 20.97, 21.83, 21.95, 22.42]",,,
2026-10-07T14:37:58.899162+00:00,Valenzuela,"OpenAQ (ground sensor) [fine-tuned, C regularised]",29,"[16.73, 17.9, 18.32, 18.35, 18.23, 17.69, 17.33, 17.19, 17.22, 17.37, 17.74, 16.84, 16.39, 17.13, 17.65, 17.58, 17.62, 17.36, 16.74, 16.49, 16.49, 15.87, 15.72, 15.47]","[18.05, 18.51, 19.64, 20.2, 19.8, 18.9, 17.59, 17.51, 17.44, 16.4, 16.39, 18.65, 17.39, 15.96, 17.98, 19.47, 19.1, 17.07, 15.55, 17.0, 19.71, 19.48, 16.29, 13.95]","[38.22, 35.42, 32.1, 29.11, 27.35, 26.55, 26.17, 25.86, 25.73, 24.92, 24.62, 24.88, 24.8, 24.89, 24.99, 25.21, 25.45, 26.24, 27.44, 28.1, 28.16, 27.75, 27.1, 26.22]","[43.12, 41.69, 40.08, 37.78, 35.64, 33.45, 31.77, 30.21, 27.96, 28.6, 26.86, 27.9, 25.74, 25.46, 24.47, 24.04, 23.32, 22.47, 21.53, 21.81, 21.78, 22.26, 22.41, 22.9]",,,
2026-10-07T14:37:59.361363+00:00,Pasig,"OpenAQ (ground sensor) [fine-tuned, C regularised]",35,"[23.21, 19.14, 15.41, 15.22, 17.0, 18.53, 19.45, 19.96, 20.74, 21.51, 21.55, 20.58, 19.37, 19.03, 19.24, 19.72, 20.45, 21.04, 21.17, 20.22, 18.84, 17.58, 17.73, 18.2]","[22.51, 23.45, 24.06, 24.63, 24.01, 24.34, 24.58, 23.9, 24.26, 25.53, 26.21, 23.88, 20.66, 19.14, 21.0, 22.29, 22.02, 19.93, 18.28, 22.23, 29.43, 30.45, 26.68, 26.89]","[37.08, 34.91, 31.54, 28.21, 25.87, 24.72, 24.55, 24.67, 24.92, 24.88, 25.08, 25.25, 25.05, 24.97, 24.92, 25.1, 25.21, 25.75, 26.57, 27.01, 27.1, 27.1, 27.03, 26.66]","[40.02, 36.88, 34.85, 31.1, 29.0, 26.82, 25.24, 24.54, 23.24, 23.58, 22.96, 24.43, 24.2, 23.69, 23.76, 24.5, 24.05, 24.18, 23.53, 24.38, 24.48, 25.16, 25.73, 25.65]",,,
2026-10-07T14:37:59.395386+00:00,Caloocan,"OpenAQ (ground sensor) [fine-tuned, C regularised]",31,"[26.37, 28.3, 29.66, 30.13, 29.98, 29.56, 29.73, 29.6, 29.44, 29.46, 29.5, 28.19, 28.14, 29.42, 29.87, 29.16, 29.27, 29.63, 29.22, 28.85, 28.57, 27.18, 26.26, 25.85]","[32.23, 30.79, 33.75, 35.65, 35.85, 35.24, 31.49, 33.56, 39.34, 34.19, 23.72, 26.44, 31.31, 31.51, 31.25, 28.73, 27.32, 29.61, 32.36, 34.05, 36.9, 36.0, 29.13, 24.36]","[63.38, 55.54, 46.25, 38.74, 35.75, 35.83, 36.39, 36.9, 36.83, 36.01, 36.45, 36.94, 36.61, 35.82, 34.75, 34.12, 33.68, 34.33, 36.37, 37.86, 38.25, 37.7, 36.68, 35.28]","[90.1, 83.55, 75.49, 64.51, 59.46, 52.33, 48.53, 44.11, 37.96, 39.19, 36.31, 36.88, 33.27, 33.14, 32.69, 33.47, 31.9, 31.21, 29.4, 31.37, 30.19, 33.19, 32.47, 32.55]",,,
2026-10-07T14:38:00.415961+00:00,Mandaluyong,"OpenAQ (ground sensor) [fine-tuned, C regularised]",29,"[14.63, 15.53, 15.86, 15.92, 15.56, 14.71, 14.25, 14.29, 14.53, 14.76, 15.26, 14.73, 14.44, 15.07, 15.41, 15.26, 15.15, 14.87, 14.4, 14.22, 14.14, 13.67, 13.8, 13.85]","[14.95, 14.95, 15.53, 16.88, 17.65, 17.01, 15.32, 15.41, 16.89, 16.99, 16.18, 16.44, 15.45, 15.24, 16.51, 16.63, 16.47, 16.29, 15.77, 17.22, 19.33, 17.4, 14.17, 13.92]","[33.69, 29.43, 24.98, 20.74, 18.55, 18.22, 18.71, 19.73, 20.82, 20.77, 20.3, 20.5, 20.53, 20.41, 20.39, 20.75, 20.77, 21.1, 22.13, 22.94, 23.72, 24.34, 24.46, 23.64]","[27.79, 27.18, 26.94, 26.25, 25.29, 25.03, 24.47, 24.05, 23.22, 23.59, 22.72, 22.91, 22.32, 21.76, 20.84, 20.61, 19.54, 18.55, 17.93, 17.75, 17.06, 17.28, 17.46, 17.58]",,,
2026-10-07T14:38:00.670653+00:00,Pasay,"OpenAQ (ground sensor) [fine-tuned, C regularised]",31,"[20.98, 21.82, 21.52, 20.8, 19.88, 18.47, 17.42, 16.95, 17.5, 18.29, 19.04, 18.33, 18.11, 19.31, 20.15, 19.84, 19.32, 18.84, 18.15, 17.57, 17.0, 16.08, 16.12, 16.52]","[22.92, 23.46, 24.96, 26.61, 27.62, 27.94, 25.42, 23.53, 24.37, 24.44, 23.33, 24.08, 23.93, 22.89, 23.28, 23.02, 23.26, 23.59, 23.12, 24.2, 27.54, 27.92, 24.75, 23.61]","[43.93, 39.75, 34.7, 30.23, 27.52, 26.62, 26.84, 27.63, 28.49, 28.46, 28.29, 27.98, 27.29, 26.69, 26.28, 26.15, 26.11, 27.13, 28.88, 29.82, 30.15, 30.26, 30.15, 29.45]","[70.17, 65.04, 59.4, 51.55, 47.54, 42.25, 38.82, 35.66, 31.31, 32.05, 30.48, 31.12, 28.8, 28.49, 27.98, 29.34, 28.08, 27.8, 26.38, 28.04, 27.89, 29.43, 29.5, 29.77]",,,
2026-10-07T14:38:00.675045+00:00,San_Juan,"OpenAQ (ground sensor) [fine-tuned, C regularised]",28,"[14.88, 15.01, 14.77, 14.83, 14.78, 14.34, 14.19, 14.3, 14.35, 14.22, 14.41, 13.78, 13.58, 14.32, 14.72, 14.58, 14.47, 14.41, 14.32, 14.16, 13.8, 13.12, 13.08, 12.86]","[15.89, 15.67, 17.17, 18.88, 18.74, 17.24, 15.91, 17.11, 19.17, 18.16, 15.32, 16.44, 16.47, 16.1, 16.79, 16.81, 16.92, 17.52, 16.97, 16.98, 18.99, 19.3, 16.51, 13.37]","[41.34, 37.81, 33.42, 28.8, 25.94, 25.01, 24.96, 24.88, 24.82, 23.68, 22.97, 23.15, 23.21, 23.46, 23.71, 24.26, 24.62, 25.09, 25.9, 26.15, 25.89, 25.19, 24.38, 23.44]","[33.4, 32.2, 31.3, 29.66, 28.26, 27.08, 26.0, 24.96, 23.82, 24.46, 23.35, 23.89, 22.79, 22.28, 21.62, 21.48, 20.49, 19.51, 19.19, 19.33, 18.66, 18.86, 19.24, 19.35]",,,
2026-10-07T14:38:00.676691+00:00,Navotas,"OpenAQ (ground sensor) [fine-tuned, C regularised]",26,"[22.83, 22.98, 22.67, 23.06, 23.42, 23.11, 23.08, 23.06, 22.9, 23.04, 23.28, 21.98, 21.69, 23.02, 23.75, 23.26, 23.15, 23.45, 23.41, 23.3, 23.45, 22.64, 22.25, 22.38]","[25.03, 23.55, 25.07, 26.74, 25.66, 24.18, 22.08, 22.83, 26.35, 25.89, 23.53, 23.43, 21.06, 19.73, 22.2, 22.87, 23.14, 23.37, 21.61, 21.8, 26.05, 24.35, 18.3, 17.96]","[83.92, 70.15, 55.93, 46.91, 42.14, 37.77, 34.82, 33.84, 33.36, 32.53, 32.61, 32.52, 31.71, 30.45, 29.62, 29.66, 29.51, 29.55, 30.97, 31.91, 32.41, 31.9, 30.98, 30.63]","[89.71, 85.76, 78.86, 68.54, 65.53, 57.39, 55.1, 49.65, 41.53, 39.66, 35.79, 34.14, 27.52, 25.51, 23.82, 21.67, 18.85, 16.85, 13.1, 13.81, 13.28, 15.71, 16.1, 16.27]",,,
2026-10-07T14:47:58.522680+00:00,Caloocan,"OpenAQ (ground sensor) [fine-tuned, C regularised]",31,"[26.37, 28.3, 29.66, 30.13, 29.98, 29.56, 29.73, 29.6, 29.44, 29.46, 29.5, 28.19, 28.14, 29.42, 29.87, 29.16, 29.27, 29.63, 29.22, 28.85, 28.57, 27.18, 26.26, 25.85]","[32.23, 30.79, 33.75, 35.65, 35.85, 35.24, 31.49, 33.56, 39.34, 34.19, 23.72, 26.44, 31.31, 31.51, 31.25, 28.73, 27.32, 29.61, 32.36, 34.05, 36.9, 36.0, 29.13, 24.36]","[63.38, 55.54, 46.25, 38.74, 35.75, 35.83, 36.39, 36.9, 36.83, 36.01, 36.45, 36.94, 36.61, 35.82, 34.75, 34.12, 33.68, 34.33, 36.37, 37.86, 38.25, 37.7, 36.68, 35.28]","[90.1, 83.55, 75.49, 64.51, 59.46, 52.33, 48.53, 44.11, 37.96, 39.19, 36.31, 36.88, 33.27, 33.14, 32.69, 33.47, 31.9, 31.21, 29.4, 31.37, 30.19, 33.19, 32.47, 32.55]",,,
2026-10-07T14:47:58.565869+00:00,Makati,"OpenAQ (ground sensor) [fine-tuned, C regularised]",31,"[14.24, 14.96, 15.03, 14.93, 14.55, 13.53, 12.77, 12.71, 13.06, 13.17, 13.47, 13.03, 12.99, 13.87, 14.39, 14.3, 14.09, 13.88, 13.62, 13.35, 12.76, 11.89, 11.95, 11.97]","[10.38, 11.24, 12.03, 14.44, 17.31, 17.65, 15.28, 13.6, 14.51, 15.34, 13.69, 12.09, 12.09, 13.9, 15.67, 16.53, 17.85, 19.0, 17.42, 17.37, 21.07, 20.81, 16.79, 14.5]","[28.0, 26.39, 24.95, 23.89, 23.06, 22.32, 21.49, 20.85, 20.61, 20.29, 20.11, 20.25, 20.14, 19.98, 19.92, 19.85, 19.82, 20.44, 21.59, 22.5, 23.17, 23.49, 23.27, 22.46]","[19.69, 19.78, 20.09, 20.04, 20.79, 20.47, 20.59, 20.27, 19.9, 20.28, 19.82, 19.56, 19.13, 18.95, 18.26, 18.46, 17.9, 17.34, 17.3, 17.61, 17.88, 17.65, 17.93, 18.15]",,,
2026-10-07T14:47:59.322167+00:00,Quezon_City,"OpenAQ (ground sensor) [fine-tuned, C regularised]",29,"[18.89, 20.32, 21.03, 21.44, 21.45, 20.87, 20.56, 20.41, 20.34, 20.61, 21.14, 20.18, 19.76, 20.58, 21.15, 21.05, 21.1, 20.8, 19.98, 19.6, 19.86, 19.48, 19.4, 19.44]","[19.89, 19.3, 19.53, 20.75, 22.99, 23.56, 20.02, 18.41, 20.61, 20.68, 18.28, 18.89, 18.84, 18.62, 20.09, 20.34, 20.12, 19.46, 18.12, 18.44, 21.11, 21.09, 17.57, 15.29]","[50.49, 46.02, 41.23, 36.3, 33.02, 31.26, 29.99, 29.14, 28.6, 27.27, 26.64, 26.75, 26.54, 25.72, 25.2, 25.55, 25.79, 26.46, 27.96, 28.54, 28.5, 28.18, 27.66, 26.98]","[57.91, 56.37, 53.65, 49.94, 47.64, 43.9, 41.71, 39.32, 34.91, 34.93, 32.33, 32.26, 28.68, 27.67, 26.29, 25.03, 23.88, 22.44, 20.47, 20.58, 20.97, 21.83, 21.95, 22.42]",,,
2026-10-07T14:47:59.324414+00:00,Manila,"OpenAQ (ground sensor) [fine-tuned, C regularised]",35,"[25.23, 23.31, 20.35, 19.41, 20.15, 20.38, 20.36, 20.47, 21.12, 21.91, 22.56, 22.67, 22.8, 23.3, 23.49, 23.57, 23.77, 23.63, 22.88, 21.56, 20.3, 19.15, 19.17, 19.97]","[33.47, 31.85, 29.88, 29.3, 29.38, 30.66, 31.59, 29.51, 28.09, 30.25, 32.91, 29.36, 23.42, 21.82, 24.75, 27.07, 27.92, 26.03, 23.41, 24.74, 30.41, 31.99, 30.02, 30.31]","[47.72, 41.21, 34.03, 28.55, 25.92, 25.35, 25.78, 26.82, 27.74, 27.72, 27.89, 28.31, 28.47, 28.8, 29.22, 29.66, 29.96, 30.77, 32.1, 32.8, 32.91, 32.24, 31.13, 29.37]","[61.07, 55.53, 50.12, 42.26, 38.17, 34.36, 31.85, 28.76, 25.49, 25.69, 24.1, 25.66, 24.09, 24.17, 25.04, 26.35, 25.11, 25.59, 24.58, 26.58, 25.94, 28.3, 28.82, 27.94]",,,
2026-10-07T14:47:59.329042+00:00,Valenzuela,"OpenAQ (ground sensor) [fine-tuned, C regularised]",29,"[16.73, 17.9, 18.32, 18.35, 18.23, 17.69, 17.33, 17.19, 17.22, 17.37, 17.74, 16.84, 16.39, 17.13, 17.65, 17.58, 17.62, 17.36, 16.74, 16.49, 16.49, 15.87, 15.72, 15.47]","[18.05, 18.51, 19.64, 20.2, 19.8, 18.9, 17.59, 17.51, 17.44, 16.4, 16.39, 18.65, 17.39, 15.96, 17.98, 19.47, 19.1, 17.07, 15.55, 17.0, 19.71, 19.48, 16.29, 13.95]","[38.22, 35.42, 32.1, 29.11, 27.35, 26.55, 26.17, 25.86, 25.73, 24.92, 24.62, 24.88, 24.8, 24.89, 24.99, 25.21, 25.45, 26.24, 27.44, 28.1, 28.16, 27.75, 27.1, 26.22]","[43.12, 41.69, 40.08, 37.78, 35.64, 33.45, 31.77, 30.21, 27.96, 28.6, 26.86, 27.9, 25.74, 25.46, 24.47, 24.04, 23.32, 22.47, 21.53, 21.81, 21.78, 22.26, 22.41, 22.9]",,,
2026-10-07T14:47:59.340733+00:00,Pasig,"OpenAQ (ground sensor) [fine-tuned, C regularised]",35,"[23.21, 19.14, 15.41, 15.22, 17.0, 18.53, 19.45, 19.96, 20.74, 21.51, 21.55, 20.58, 19.37, 19.03, 19.24, 19.72, 20.45, 21.04, 21.17, 20.22, 18.84, 17.58, 17.73, 18.2]","[22.51, 23.45, 24.06, 24.63, 24.01, 24.34, 24.58, 23.9, 24.26, 25.53, 26.21, 23.88, 20.66, 19.14, 21.0, 22.29, 22.02, 19.93, 18.28, 22.23, 29.43, 30.45, 26.68, 26.89]","[37.08, 34.91, 31.54, 28.21, 25.87, 24.72, 24.55, 24.67, 24.92, 24.88, 25.08, 25.25, 25.05, 24.97, 24.92, 25.1, 25.21, 25.75, 26.57, 27.01, 27.1, 27.1, 27.03, 26.66]","[40.02, 36.88, 34.85, 31.1, 29.0, 26.82, 25.24, 24.54, 23.24, 23.58, 22.96, 24.43, 24.2, 23.69, 23.76, 24.5, 24.05, 24.18, 23.53, 24.38, 24.48, 25.16, 25.73, 25.65]",,,
2026-10-07T14:48:00.214050+00:00,Mandaluyong,"OpenAQ (ground sensor) [fine-tuned, C regularised]",29,"[14.63, 15.53, 15.86, 15.92, 15.56, 14.71, 14.25, 14.29, 14.53, 14.76, 15.26, 14.73, 14.44, 15.07, 15.41, 15.26, 15.15, 14.87, 14.4, 14.22, 14.14, 13.67, 13.8, 13.85]","[14.95, 14.95, 15.53, 16.88, 17.65, 17.01, 15.32, 15.41, 16.89, 16.99, 16.18, 16.44, 15.45, 15.24, 16.51, 16.63, 16.47, 16.29, 15.77, 17.22, 19.33, 17.4, 14.17, 13.92]","[33.69, 29.43, 24.98, 20.74, 18.55, 18.22, 18.71, 19.73, 20.82, 20.77, 20.3, 20.5, 20.53, 20.41, 20.39, 20.75, 20.77, 21.1, 22.13, 22.94, 23.72, 24.34, 24.46, 23.64]","[27.79, 27.18, 26.94, 26.25, 25.29, 25.03, 24.47, 24.05, 23.22, 23.59, 22.72, 22.91, 22.32, 21.76, 20.84, 20.61, 19.54, 18.55, 17.93, 17.75, 17.06, 17.28, 17.46, 17.58]",,,
2026-10-07T14:48:00.576015+00:00,Navotas,"OpenAQ (ground sensor) [fine-tuned, C regularised]",26,"[22.83, 22.98, 22.67, 23.06, 23.42, 23.11, 23.08, 23.06, 22.9, 23.04, 23.28, 21.98, 21.69, 23.02, 23.75, 23.26, 23.15, 23.45, 23.41, 23.3, 23.45, 22.64, 22.25, 22.38]","[25.03, 23.55, 25.07, 26.74, 25.66, 24.18, 22.08, 22.83, 26.35, 25.89, 23.53, 23.43, 21.06, 19.73, 22.2, 22.87, 23.14, 23.37, 21.61, 21.8, 26.05, 24.35, 18.3, 17.96]","[83.92, 70.15, 55.93, 46.91, 42.14, 37.77, 34.82, 33.84, 33.36, 32.53, 32.61, 32.52, 31.71, 30.45, 29.62, 29.66, 29.51, 29.55, 30.97, 31.91, 32.41, 31.9, 30.98, 30.63]","[89.71, 85.76, 78.86, 68.54, 65.53, 57.39, 55.1, 49.65, 41.53, 39.66, 35.79, 34.14, 27.52, 25.51, 23.82, 21.67, 18.85, 16.85, 13.1, 13.81, 13.28, 15.71, 16.1, 16.27]",,,
2026-10-07T14:48:01.060806+00:00,San_Juan,"OpenAQ (ground sensor) [fine-tuned, C regularised]",28,"[14.88, 15.01, 14.77, 14.83, 14.78, 14.34, 14.19, 14.3, 14.35, 14.22, 14.41, 13.78, 13.58, 14.32, 14.72, 14.58, 14.47, 14.41, 14.32, 14.16, 13.8, 13.12, 13.08, 12.86]","[15.89, 15.67, 17.17, 18.88, 18.74, 17.24, 15.91, 17.11, 19.17, 18.16, 15.32, 16.44, 16.47, 16.1, 16.79, 16.81, 16.92, 17.52, 16.97, 16.98, 18.99, 19.3, 16.51, 13.37]","[41.34, 37.81, 33.42, 28.8, 25.94, 25.01, 24.96, 24.88, 24.82, 23.68, 22.97, 23.15, 23.21, 23.46, 23.71, 24.26, 24.62, 25.09, 25.9, 26.15, 25.89, 25.19, 24.38, 23.44]","[33.4, 32.2, 31.3, 29.66, 28.26, 27.08, 26.0, 24.96, 23.82, 24.46, 23.35, 23.89, 22.79, 22.28, 21.62, 21.48, 20.49, 19.51, 19.19, 19.33, 18.66, 18.86, 19.24, 19.35]",,,
2026-10-07T14:48:01.064187+00:00,Pasay,"OpenAQ (ground sensor) [fine-tuned, C regularised]",31,"[20.98, 21.82, 21.52, 20.8, 19.88, 18.47, 17.42, 16.95, 17.5, 18.29, 19.04, 18.33, 18.11, 19.31, 20.15, 19.84, 19.32, 18.84, 18.15, 17.57, 17.0, 16.08, 16.12, 16.52]","[22.92, 23.46, 24.96, 26.61, 27.62, 27.94, 25.42, 23.53, 24.37, 24.44, 23.33, 24.08, 23.93, 22.89, 23.28, 23.02, 23.26, 23.59, 23.12, 24.2, 27.54, 27.92, 24.75, 23.61]","[43.93, 39.75, 34.7, 30.23, 27.52, 26.62, 26.84, 27.63, 28.49, 28.46, 28.29, 27.98, 27.29, 26.69, 26.28, 26.15, 26.11, 27.13, 28.88, 29.82, 30.15, 30.26, 30.15, 29.45]","[70.17, 65.04, 59.4, 51.55, 47.54, 42.25, 38.82, 35.66, 31.31, 32.05, 30.48, 31.12, 28.8, 28.49, 27.98, 29.34, 28.08, 27.8, 26.38, 28.04, 27.89, 29.43, 29.5, 29.77]",,,
2026-10-07T14:57:58.581138+00:00,Quezon_City,"OpenAQ (ground sensor) [fine-tuned, C regularised]",29,"[18.89, 20.32, 21.03, 21.44, 21.45, 20.87, 20.56, 20.41, 20.34, 20.61, 21.14, 20.18, 19.76, 20.58, 21.15, 21.05, 21.1, 20.8, 19.98, 19.6, 19.86, 19.48, 19.4, 19.44]","[19.89, 19.3, 19.53, 20.75, 22.99, 23.56, 20.02, 18.41, 20.61, 20.68, 18.28, 18.89, 18.84, 18.62, 20.09, 20.34, 20.12, 19.46, 18.12, 18.44, 21.11, 21.09, 17.57, 15.29]","[50.49, 46.02, 41.23, 36.3, 33.02, 31.26, 29.99, 29.14, 28.6, 27.27, 26.64, 26.75, 26.54, 25.72, 25.2, 25.55, 25.79, 26.46, 27.96, 28.54, 28.5, 28.18, 27.66, 26.98]","[57.91, 56.37, 53.65, 49.94, 47.64, 43.9, 41.71, 39.32, 34.91, 34.93, 32.33, 32.26, 28.68, 27.67, 26.29, 25.03, 23.88, 22.44, 20.47, 20.58, 20.97, 21.83, 21.95, 22.42]",,,
2026-10-07T14:57:58.625378+00:00,Makati,"OpenAQ (ground sensor) [fine-tuned, C regularised]",31,"[14.24, 14.96, 15.03, 14.93, 14.55, 13.53, 12.77, 12.71, 13.06, 13.17, 13.47, 13.03, 12.99, 13.87, 14.39, 14.3, 14.09, 13.88, 13.62, 13.35, 12.76, 11.89, 11.95, 11.97]","[10.38, 11.24, 12.03, 14.44, 17.31, 17.65, 15.28, 13.6, 14.51, 15.34, 13.69, 12.09, 12.09, 13.9, 15.67, 16.53, 17.85, 19.0, 17.42, 17.37, 21.07, 20.81, 16.79, 14.5]","[28.0, 26.39, 24.95, 23.89, 23.06, 22.32, 21.49, 20.85, 20.61, 20.29, 20.11, 20.25, 20.14, 19.98, 19.92, 19.85, 19.82, 20.44, 21.59, 22.5, 23.17, 23.49, 23.27, 22.46]","[19.69, 19.78, 20.09, 20.04, 20.79, 20.47, 20.59, 20.27, 19.9, 20.28, 19.82, 19.56, 19.13, 18.95, 18.26, 18.46, 17.9, 17.34, 17.3, 17.61, 17.88, 17.65, 17.93, 18.15]",,,
2026-10-07T14:57:58.627308+00:00,Pasig,"OpenAQ (ground sensor) [fine-tuned, C regularised]",35,"[23.21, 19.14, 15.41, 15.22, 17.0, 18.53, 19.45, 19.96, 20.74, 21.51, 21.55, 20.58, 19.37, 19.03, 19.24, 19.72, 20.45, 21.04, 21.17, 20.22, 18.84, 17.58, 17.73, 18.2]","[22.51, 23.45, 24.06, 24.63, 24.01, 24.34, 24.58, 23.9, 24.26, 25.53, 26.21, 23.88, 20.66, 19.14, 21.0, 22.29, 22.02, 19.93, 18.28, 22.23, 29.43, 30.45, 26.68, 26.89]","[37.08, 34.91, 31.54, 28.21, 25.87, 24.72, 24.55, 24.67, 24.92, 24.88, 25.08, 25.25, 25.05, 24.97, 24.92, 25.1, 25.21, 25.75, 26.57, 27.01, 27.1, 27.1, 27.03, 26.66]","[40.02, 36.88, 34.85, 31.1, 29.0, 26.82, 25.24, 24.54, 23.24, 23.58, 22.96, 24.43, 24.2, 23.69, 23.76, 24.5, 24.05, 24.18, 23.53, 24.38, 24.48, 25.16, 25.73, 25.65]",,,
2026-10-07T14:57:58.669356+00:00,Valenzuela,"OpenAQ (ground sensor) [fine-tuned, C regularised]",29,"[16.73, 17.9, 18.32, 18.35, 18.23, 17.69, 17.33, 17.19, 17.22, 17.37, 17.74, 16.84, 16.39, 17.13, 17.65, 17.58, 17.62, 17.36, 16.74, 16.49, 16.49, 15.87, 15.72, 15.47]","[18.05, 18.51, 19.64, 20.2, 19.8, 18.9, 17.59, 17.51, 17.44, 16.4, 16.39, 18.65, 17.39, 15.96, 17.98, 19.47, 19.1, 17.07, 15.55, 17.0, 19.71, 19.48, 16.29, 13.95]","[38.22, 35.42, 32.1, 29.11, 27.35, 26.55, 26.17, 25.86, 25.73, 24.92, 24.62, 24.88, 24.8, 24.89, 24.99, 25.21, 25.45, 26.24, 27.44, 28.1, 28.16, 27.75, 27.1, 26.22]","[43.12, 41.69, 40.08, 37.78, 35.64, 33.45, 31.77, 30.21, 27.96, 28.6, 26.86, 27.9, 25.74, 25.46, 24.47, 24.04, 23.32, 22.47, 21.53, 21.81, 21.78, 22.26, 22.41, 22.9]",,,
2026-10-07T14:57:58.919139+00:00,Caloocan,"OpenAQ (ground sensor) [fine-tuned, C regularised]",31,"[26.37, 28.3, 29.66, 30.13, 29.98, 29.56, 29.73, 29.6, 29.44, 29.46, 29.5, 28.19, 28.14, 29.42, 29.87, 29.16, 29.27, 29.63, 29.22, 28.85, 28.57, 27.18, 26.26, 25.85]","[32.23, 30.79, 33.75, 35.65, 35.85, 35.24, 31.49, 33.56, 39.34, 34.19, 23.72, 26.44, 31.31, 31.51, 31.25, 28.73, 27.32, 29.61, 32.36, 34.05, 36.9, 36.0, 29.13, 24.36]","[63.38, 55.54, 46.25, 38.74, 35.75, 35.83, 36.39, 36.9, 36.83, 36.01, 36.45, 36.94, 36.61, 35.82, 34.75, 34.12, 33.68, 34.33, 36.37, 37.86, 38.25, 37.7, 36.68, 35.28]","[90.1, 83.55, 75.49, 64.51, 59.46, 52.33, 48.53, 44.11, 37.96, 39.19, 36.31, 36.88, 33.27, 33.14, 32.69, 33.47, 31.9, 31.21, 29.4, 31.37, 30.19, 33.19, 32.47, 32.55]",,,
2026-10-07T14:57:59.549448+00:00,Manila,"OpenAQ (ground sensor) [fine-tuned, C regularised]",35,"[25.23, 23.31, 20.35, 19.41, 20.15, 20.38, 20.36, 20.47, 21.12, 21.91, 22.56, 22.67, 22.8, 23.3, 23.49, 23.57, 23.77, 23.63, 22.88, 21.56, 20.3, 19.15, 19.17, 19.97]","[33.47, 31.85, 29.88, 29.3, 29.38, 30.66, 31.59, 29.51, 28.09, 30.25, 32.91, 29.36, 23.42, 21.82, 24.75, 27.07, 27.92, 26.03, 23.41, 24.74, 30.41, 31.99, 30.02, 30.31]","[47.72, 41.21, 34.03, 28.55, 25.92, 25.35, 25.78, 26.82, 27.74, 27.72, 27.89, 28.31, 28.47, 28.8, 29.22, 29.66, 29.96, 30.77, 32.1, 32.8, 32.91, 32.24, 31.13, 29.37]","[61.07, 55.53, 50.12, 42.26, 38.17, 34.36, 31.85, 28.76, 25.49, 25.69, 24.1, 25.66, 24.09, 24.17, 25.04, 26.35, 25.11, 25.59, 24.58, 26.58, 25.94, 28.3, 28.82, 27.94]",,,
2026-10-07T14:58:00.269832+00:00,Mandaluyong,"OpenAQ (ground sensor) [fine-tuned, C regularised]",29,"[14.63, 15.53, 15.86, 15.92, 15.56, 14.71, 14.25, 14.29, 14.53, 14.76, 15.26, 14.73, 14.44, 15.07, 15.41, 15.26, 15.15, 14.87, 14.4, 14.22, 14.14, 13.67, 13.8, 13.85]","[14.95, 14.95, 15.53, 16.88, 17.65, 17.01, 15.32, 15.41, 16.89, 16.99, 16.18, 16.44, 15.45, 15.24, 16.51, 16.63, 16.47, 16.29, 15.77, 17.22, 19.33, 17.4, 14.17, 13.92]","[33.69, 29.43, 24.98, 20.74, 18.55, 18.22, 18.71, 19.73, 20.82, 20.77, 20.3, 20.5, 20.53, 20.41, 20.39, 20.75, 20.77, 21.1, 22.13, 22.94, 23.72, 24.34, 24.46, 23.64]","[27.79, 27.18, 26.94, 26.25, 25.29, 25.03, 24.47, 24.05, 23.22, 23.59, 22.72, 22.91, 22.32, 21.76, 20.84, 20.61, 19.54, 18.55, 17.93, 17.75, 17.06, 17.28, 17.46, 17.58]",,,
2026-10-07T14:58:00.587729+00:00,Navotas,"OpenAQ (ground sensor) [fine-tuned, C regularised]",26,"[22.83, 22.98, 22.67, 23.06, 23.42, 23.11, 23.08, 23.06, 22.9, 23.04, 23.28, 21.98, 21.69, 23.02, 23.75, 23.26, 23.15, 23.45, 23.41, 23.3, 23.45, 22.64, 22.25, 22.38]","[25.03, 23.55, 25.07, 26.74, 25.66, 24.18, 22.08, 22.83, 26.35, 25.89, 23.53, 23.43, 21.06, 19.73, 22.2, 22.87, 23.14, 23.37, 21.61, 21.8, 26.05, 24.35, 18.3, 17.96]","[83.92, 70.15, 55.93, 46.91, 42.14, 37.77, 34.82, 33.84, 33.36, 32.53, 32.61, 32.52, 31.71, 30.45, 29.62, 29.66, 29.51, 29.55, 30.97, 31.91, 32.41, 31.9, 30.98, 30.63]","[89.71, 85.76, 78.86, 68.54, 65.53, 57.39, 55.1, 49.65, 41.53, 39.66, 35.79, 34.14, 27.52, 25.51, 23.82, 21.67, 18.85, 16.85, 13.1, 13.81, 13.28, 15.71, 16.1, 16.27]",,,
2026-10-07T14:58:00.672711+00:00,Pasay,"OpenAQ (ground sensor) [fine-tuned, C regularised]",31,"[20.98, 21.82, 21.52, 20.8, 19.88, 18.47, 17.42, 16.95, 17.5, 18.29, 19.04, 18.33, 18.11, 19.31, 20.15, 19.84, 19.32, 18.84, 18.15, 17.57, 17.0, 16.08, 16.12, 16.52]","[22.92, 23.46, 24.96, 26.61, 27.62, 27.94, 25.42, 23.53, 24.37, 24.44, 23.33, 24.08, 23.93, 22.89, 23.28, 23.02, 23.26, 23.59, 23.12, 24.2, 27.54, 27.92, 24.75, 23.61]","[43.93, 39.75, 34.7, 30.23, 27.52, 26.62, 26.84, 27.63, 28.49, 28.46, 28.29, 27.98, 27.29, 26.69, 26.28, 26.15, 26.11, 27.13, 28.88, 29.82, 30.15, 30.26, 30.15, 29.45]","[70.17, 65.04, 59.4, 51.55, 47.54, 42.25, 38.82, 35.66, 31.31, 32.05, 30.48, 31.12, 28.8, 28.49, 27.98, 29.34, 28.08, 27.8, 26.38, 28.04, 27.89, 29.43, 29.5, 29.77]",,,
2026-10-07T14:58:00.706199+00:00,San_Juan,"OpenAQ (ground sensor) [fine-tuned, C regularised]",28,"[14.88, 15.01, 14.77, 14.83, 14.78, 14.34, 14.19, 14.3, 14.35, 14.22, 14.41, 13.78, 13.58, 14.32, 14.72, 14.58, 14.47, 14.41, 14.32, 14.16, 13.8, 13.12, 13.08, 12.86]","[15.89, 15.67, 17.17, 18.88, 18.74, 17.24, 15.91, 17.11, 19.17, 18.16, 15.32, 16.44, 16.47, 16.1, 16.79, 16.81, 16.92, 17.52, 16.97, 16.98, 18.99, 19.3, 16.51, 13.37]","[41.34, 37.81, 33.42, 28.8, 25.94, 25.01, 24.96, 24.88, 24.82, 23.68, 22.97, 23.15, 23.21, 23.46, 23.71, 24.26, 24.62, 25.09, 25.9, 26.15, 25.89, 25.19, 24.38, 23.44]","[33.4, 32.2, 31.3, 29.66, 28.26, 27.08, 26.0, 24.96, 23.82, 24.46, 23.35, 23.89, 22.79, 22.28, 21.62, 21.48, 20.49, 19.51, 19.19, 19.33, 18.66, 18.86, 19.24, 19.35]",,,
2026-10-07T15:07:58.538111+00:00,Valenzuela,"OpenAQ (ground sensor) [fine-tuned, C regularised]",28,"[18.08, 18.31, 18.06, 18.09, 18.14, 17.83, 17.75, 17.69, 17.58, 17.47, 17.53, 16.49, 16.21, 17.16, 17.72, 17.54, 17.51, 17.54, 17.4, 17.18, 16.91, 16.08, 15.72, 15.22]","[19.13, 19.26, 20.54, 20.63, 20.2, 20.53, 19.36, 18.66, 20.57, 20.02, 16.79, 17.6, 16.32, 14.92, 17.28, 20.29, 21.03, 18.9, 16.44, 16.94, 20.57, 20.37, 15.81, 13.05]","[39.8, 35.67, 30.93, 26.46, 24.14, 23.69, 23.75, 23.7, 23.66, 22.36, 21.7, 22.29, 22.74, 23.46, 23.95, 24.19, 24.0, 24.28, 25.2, 25.95, 26.15, 25.85, 25.48, 24.77]","[40.25, 38.99, 37.57, 35.52, 33.77, 31.95, 30.53, 29.1, 27.12, 27.65, 26.02, 26.76, 24.71, 24.5, 23.37, 22.86, 21.9, 20.87, 19.94, 19.98, 19.56, 19.91, 20.15, 20.71]",,,
2026-10-07T15:07:58.589020+00:00,Makati,"OpenAQ (ground sensor) [fine-tuned, C regularised]",31,"[14.24, 14.96, 15.03, 14.93, 14.55, 13.53, 12.77, 12.71, 13.06, 13.17, 13.47, 13.03, 12.99, 13.87, 14.39, 14.3, 14.09, 13.88, 13.62, 13.35, 12.76, 11.89, 11.95, 11.97]","[10.38, 11.24, 12.03, 14.44, 17.31, 17.65, 15.28, 13.6, 14.51, 15.34, 13.69, 12.09, 12.09, 13.9, 15.67, 16.53, 17.85, 19.0, 17.42, 17.37, 21.07, 20.81, 16.79, 14.5]","[28.0, 26.39, 24.95, 23.89, 23.06, 22.32, 21.49, 20.85, 20.61, 20.29, 20.11, 20.25, 20.14, 19.98, 19.92, 19.85, 19.82, 20.44, 21.59, 22.5, 23.17, 23.49, 23.27, 22.46]","[19.69, 19.78, 20.09, 20.04, 20.79, 20.47, 20.59, 20.27, 19.9, 20.28, 19.82, 19.56, 19.13, 18.95, 18.26, 18.46, 17.9, 17.34, 17.3, 17.61, 17.88, 17.65, 17.93, 18.15]",,,
2026-10-07T15:07:58.665087+00:00,Quezon_City,"OpenAQ (ground sensor) [fine-tuned, C regularised]",29,"[18.89, 20.32, 21.03, 21.44, 21.45, 20.87, 20.56, 20.41, 20.34, 20.61, 21.14, 20.18, 19.76, 20.58, 21.15, 21.05, 21.1, 20.8, 19.98, 19.6, 19.86, 19.48, 19.4, 19.44]","[19.89, 19.3, 19.53, 20.75, 22.99, 23.56, 20.02, 18.41, 20.61, 20.68, 18.28, 18.89, 18.84, 18.62, 20.09, 20.34, 20.12, 19.46, 18.12, 18.44, 21.11, 21.09, 17.57, 15.29]","[50.49, 46.02, 41.23, 36.3, 33.02, 31.26, 29.99, 29.14, 28.6, 27.27, 26.64, 26.75, 26.54, 25.72, 25.2, 25.55, 25.79, 26.46, 27.96, 28.54, 28.5, 28.18, 27.66, 26.98]","[57.91, 56.37, 53.65, 49.94, 47.64, 43.9, 41.71, 39.32, 34.91, 34.93, 32.33, 32.26, 28.68, 27.67, 26.29, 25.03, 23.88, 22.44, 20.47, 20.58, 20.97, 21.83, 21.95, 22.42]",,,
2026-10-07T15:07:58.716423+00:00,Pasig,"OpenAQ (ground sensor) [fine-tuned, C regularised]",35,"[19.28, 17.34, 14.91, 14.67, 16.2, 18.08, 19.58, 20.19, 20.03, 19.15, 18.2, 17.69, 17.87, 18.75, 19.42, 19.65, 20.01, 20.49, 20.39, 18.92, 17.24, 16.13, 16.42, 16.97]","[18.84, 19.82, 21.16, 22.15, 21.79, 21.88, 20.9, 20.67, 22.23, 21.75, 20.2, 20.33, 19.75, 18.05, 18.59, 18.47, 17.83, 17.81, 16.76, 19.19, 27.13, 29.45, 23.5, 21.34]","[39.55, 35.87, 31.51, 27.95, 26.16, 25.74, 25.97, 26.31, 26.65, 26.23, 25.97, 26.05, 25.92, 25.83, 25.76, 25.82, 25.76, 26.29, 27.3, 27.82, 27.93, 27.87, 27.52, 26.7]","[37.35, 35.22, 33.56, 31.02, 29.53, 27.58, 26.33, 25.59, 24.34, 25.03, 24.23, 25.38, 24.8, 24.45, 24.05, 24.51, 23.81, 23.58, 22.87, 23.24, 23.17, 23.63, 23.69, 23.97]",,,
2026-10-07T15:07:59.354325+00:00,Caloocan,"OpenAQ (ground sensor) [fine-tuned, C regularised]",31,"[26.37, 28.3, 29.66, 30.13, 29.98, 29.56, 29.73, 29.6, 29.44, 29.46, 29.5, 28.19, 28.14, 29.42, 29.87, 29.16, 29.27, 29.63, 29.22, 28.85, 28.57, 27.18, 26.26, 25.85]","[32.23, 30.79, 33.75, 35.65, 35.85, 35.24, 31.49, 33.56, 39.34, 34.19, 23.72, 26.44, 31.31, 31.51, 31.25, 28.73, 27.32, 29.61, 32.36, 34.05, 36.9, 36.0, 29.13, 24.36]","[63.38, 55.54, 46.25, 38.74, 35.75, 35.83, 36.39, 36.9, 36.83, 36.01, 36.45, 36.94, 36.61, 35.82, 34.75, 34.12, 33.68, 34.33, 36.37, 37.86, 38.25, 37.7, 36.68, 35.28]","[90.1, 83.55, 75.49, 64.51, 59.46, 52.33, 48.53, 44.11, 37.96, 39.19, 36.31, 36.88, 33.27, 33.14, 32.69, 33.47, 31.9, 31.21, 29.4, 31.37, 30.19, 33.19, 32.47, 32.55]",,,
2026-10-07T15:07:59.355827+00:00,Manila,"OpenAQ (ground sensor) [fine-tuned, C regularised]",35,"[22.95, 21.51, 19.14, 18.37, 19.17, 20.14, 20.96, 21.33, 21.37, 20.9, 20.42, 20.28, 21.07, 22.34, 22.8, 22.63, 22.83, 23.15, 22.58, 20.79, 19.17, 18.15, 18.48, 19.32]","[26.52, 26.19, 26.49, 27.02, 27.11, 27.64, 26.55, 24.61, 23.98, 24.19, 25.27, 25.8, 24.11, 22.35, 23.04, 23.38, 23.99, 23.17, 21.46, 22.81, 27.92, 29.72, 27.74, 27.77]","[47.49, 40.8, 34.1, 29.36, 27.18, 26.68, 26.88, 27.56, 28.33, 28.29, 28.19, 28.15, 27.97, 27.9, 28.06, 28.28, 28.54, 29.45, 30.95, 31.59, 31.8, 31.32, 30.01, 27.88]","[49.03, 45.31, 41.57, 36.47, 34.61, 31.89, 30.48, 28.48, 26.3, 26.72, 25.08, 26.29, 24.94, 25.08, 25.88, 26.81, 25.31, 25.71, 24.81, 26.21, 25.88, 27.45, 27.66, 26.87]",,,
2026-10-07T15:08:00.325530+00:00,Mandaluyong,"OpenAQ (ground sensor) [fine-tuned, C regularised]",28,"[14.9, 15.26, 15.22, 15.39, 15.31, 14.8, 14.65, 14.73, 14.7, 14.58, 14.86, 14.3, 14.18, 14.93, 15.27, 15.05, 14.95, 14.94, 14.85, 14.71, 14.46, 13.84, 13.87, 13.87]","[14.71, 14.81, 16.26, 18.28, 18.39, 16.82, 15.14, 15.7, 17.86, 18.39, 17.48, 16.79, 14.67, 14.33, 16.0, 16.23, 16.32, 16.17, 15.06, 16.4, 19.25, 17.37, 13.86, 13.79]","[29.03, 26.36, 23.69, 21.38, 20.07, 19.54, 19.09, 18.76, 18.62, 18.02, 17.7, 18.06, 18.28, 18.64, 19.13, 19.68, 20.28, 21.12, 22.2, 22.78, 22.98, 22.73, 22.01, 20.73]","[25.52, 25.9, 26.68, 26.98, 26.85, 27.33, 27.05, 27.04, 26.13, 26.42, 25.38, 25.14, 24.08, 23.38, 21.81, 20.99, 19.58, 17.8, 16.95, 16.46, 15.59, 15.68, 15.71, 15.86]",,,
2026-10-07T15:08:00.333133+00:00,Navotas,"OpenAQ (ground sensor) [fine-tuned, C regularised]",26,"[22.83, 22.98, 22.67, 23.06, 23.42, 23.11, 23.08, 23.06, 22.9, 23.04, 23.28, 21.98, 21.69, 23.02, 23.75, 23.26, 23.15, 23.45, 23.41, 23.3, 23.45, 22.64, 22.25, 22.38]","[25.03, 23.55, 25.07, 26.74, 25.66, 24.18, 22.08, 22.83, 26.35, 25.89, 23.53, 23.43, 21.06, 19.73, 22.2, 22.87, 23.14, 23.37, 21.61, 21.8, 26.05, 24.35, 18.3, 17.96]","[83.92, 70.15, 55.93, 46.91, 42.14, 37.77, 34.82, 33.84, 33.36, 32.53, 32.61, 32.52, 31.71, 30.45, 29.62, 29.66, 29.51, 29.55, 30.97, 31.91, 32.41, 31.9, 30.98, 30.63]","[89.71, 85.76, 78.86, 68.54, 65.53, 57.39, 55.1, 49.65, 41.53, 39.66, 35.79, 34.14, 27.52, 25.51, 23.82, 21.67, 18.85, 16.85, 13.1, 13.81, 13.28, 15.71, 16.1, 16.27]",,,
2026-10-07T15:08:00.585547+00:00,Pasay,"OpenAQ (ground sensor) [fine-tuned, C regularised]",31,"[18.21, 19.1, 19.03, 18.67, 18.32, 17.54, 16.95, 16.74, 17.11, 17.44, 17.7, 16.8, 16.54, 17.67, 18.49, 18.31, 18.04, 17.82, 17.43, 17.1, 16.67, 15.73, 15.46, 15.25]","[21.6, 23.23, 25.55, 27.34, 28.0, 28.42, 26.79, 25.31, 26.21, 26.8, 25.81, 25.66, 25.77, 24.63, 24.04, 24.54, 25.82, 25.75, 25.99, 27.54, 28.96, 28.82, 27.02, 25.04]","[50.01, 43.74, 37.7, 31.42, 27.59, 26.62, 26.12, 26.28, 27.13, 27.02, 26.88, 27.22, 27.19, 25.98, 24.33, 23.07, 21.86, 22.42, 25.55, 28.25, 29.28, 28.89, 27.69, 26.22]","[49.85, 47.48, 44.9, 40.87, 40.17, 37.14, 35.84, 34.64, 31.19, 31.99, 30.49, 30.17, 28.27, 27.77, 27.05, 27.16, 25.44, 24.64, 22.93, 23.27, 23.54, 24.1, 23.88, 24.27]",,,
2026-10-07T15:08:00.660088+00:00,San_Juan,"OpenAQ (ground sensor) [fine-tuned, C regularised]",28,"[14.88, 15.01, 14.77, 14.83, 14.78, 14.34, 14.19, 14.3, 14.35, 14.22, 14.41, 13.78, 13.58, 14.32, 14.72, 14.58, 14.47, 14.41, 14.32, 14.16, 13.8, 13.12, 13.08, 12.86]","[15.89, 15.67, 17.17, 18.88, 18.74, 17.24, 15.91, 17.11, 19.17, 18.16, 15.32, 16.44, 16.47, 16.1, 16.79, 16.81, 16.92, 17.52, 16.97, 16.98, 18.99, 19.3, 16.51, 13.37]","[41.34, 37.81, 33.42, 28.8, 25.94, 25.01, 24.96, 24.88, 24.82, 23.68, 22.97, 23.15, 23.21, 23.46, 23.71, 24.26, 24.62, 25.09, 25.9, 26.15, 25.89, 25.19, 24.38, 23.44]","[33.4, 32.2, 31.3, 29.66, 28.26, 27.08, 26.0, 24.96, 23.82, 24.46, 23.35, 23.89, 22.79, 22.28, 21.62, 21.48, 20.49, 19.51, 19.19, 19.33, 18.66, 18.86, 19.24, 19.35]",,,
2026-10-07T15:17:59.452952+00:00,Caloocan,"OpenAQ (ground sensor) [fine-tuned, C regularised]",31,"[26.37, 28.3, 29.66, 30.13, 29.98, 29.56, 29.73, 29.6, 29.44, 29.46, 29.5, 28.19, 28.14, 29.42, 29.87, 29.16, 29.27, 29.63, 29.22, 28.85, 28.57, 27.18, 26.26, 25.85]","[32.23, 30.79, 33.75, 35.65, 35.85, 35.24, 31.49, 33.56, 39.34, 34.19, 23.72, 26.44, 31.31, 31.51, 31.25, 28.73, 27.32, 29.61, 32.36, 34.05, 36.9, 36.0, 29.13, 24.36]","[63.38, 55.54, 46.25, 38.74, 35.75, 35.83, 36.39, 36.9, 36.83, 36.01, 36.45, 36.94, 36.61, 35.82, 34.75, 34.12, 33.68, 34.33, 36.37, 37.86, 38.25, 37.7, 36.68, 35.28]","[90.1, 83.55, 75.49, 64.51, 59.46, 52.33, 48.53, 44.11, 37.96, 39.19, 36.31, 36.88, 33.27, 33.14, 32.69, 33.47, 31.9, 31.21, 29.4, 31.37, 30.19, 33.19, 32.47, 32.55]",,,
2026-10-07T15:17:59.487135+00:00,Pasig,"OpenAQ (ground sensor) [fine-tuned, C regularised]",35,"[19.28, 17.34, 14.91, 14.67, 16.2, 18.08, 19.58, 20.19, 20.03, 19.15, 18.2, 17.69, 17.87, 18.75, 19.42, 19.65, 20.01, 20.49, 20.39, 18.92, 17.24, 16.13, 16.42, 16.97]","[18.84, 19.82, 21.16, 22.15, 21.79, 21.88, 20.9, 20.67, 22.23, 21.75, 20.2, 20.33, 19.75, 18.05, 18.59, 18.47, 17.83, 17.81, 16.76, 19.19, 27.13, 29.45, 23.5, 21.34]","[39.55, 35.87, 31.51, 27.95, 26.16, 25.74, 25.97, 26.31, 26.65, 26.23, 25.97, 26.05, 25.92, 25.83, 25.76, 25.82, 25.76, 26.29, 27.3, 27.82, 27.93, 27.87, 27.52, 26.7]","[37.35, 35.22, 33.56, 31.02, 29.53, 27.58, 26.33, 25.59, 24.34, 25.03, 24.23, 25.38, 24.8, 24.45, 24.05, 24.51, 23.81, 23.58, 22.87, 23.24, 23.17, 23.63, 23.69, 23.97]",,,
2026-10-07T15:17:59.487676+00:00,Quezon_City,"OpenAQ (ground sensor) [fine-tuned, C regularised]",29,"[18.89, 20.32, 21.03, 21.44, 21.45, 20.87, 20.56, 20.41, 20.34, 20.61, 21.14, 20.18, 19.76, 20.58, 21.15, 21.05, 21.1, 20.8, 19.98, 19.6, 19.86, 19.48, 19.4, 19.44]","[19.89, 19.3, 19.53, 20.75, 22.99, 23.56, 20.02, 18.41, 20.61, 20.68, 18.28, 18.89, 18.84, 18.62, 20.09, 20.34, 20.12, 19.46, 18.12, 18.44, 21.11, 21.09, 17.57, 15.29]","[50.49, 46.02, 41.23, 36.3, 33.02, 31.26, 29.99, 29.14, 28.6, 27.27, 26.64, 26.75, 26.54, 25.72, 25.2, 25.55, 25.79, 26.46, 27.96, 28.54, 28.5, 28.18, 27.66, 26.98]","[57.91, 56.37, 53.65, 49.94, 47.64, 43.9, 41.71, 39.32, 34.91, 34.93, 32.33, 32.26, 28.68, 27.67, 26.29, 25.03, 23.88, 22.44, 20.47, 20.58, 20.97, 21.83, 21.95, 22.42]",,,
2026-10-07T15:17:59.489609+00:00,Manila,"OpenAQ (ground sensor) [fine-tuned, C regularised]",35,"[22.95, 21.51, 19.14, 18.37, 19.17, 20.14, 20.96, 21.33, 21.37, 20.9, 20.42, 20.28, 21.07, 22.34, 22.8, 22.63, 22.83, 23.15, 22.58, 20.79, 19.17, 18.15, 18.48, 19.32]","[26.52, 26.19, 26.49, 27.02, 27.11, 27.64, 26.55, 24.61, 23.98, 24.19, 25.27, 25.8, 24.11, 22.35, 23.04, 23.38, 23.99, 23.17, 21.46, 22.81, 27.92, 29.72, 27.74, 27.77]","[47.49, 40.8, 34.1, 29.36, 27.18, 26.68, 26.88, 27.56, 28.33, 28.29, 28.19, 28.15, 27.97, 27.9, 28.06, 28.28, 28.54, 29.45, 30.95, 31.59, 31.8, 31.32, 30.01, 27.88]","[49.03, 45.31, 41.57, 36.47, 34.61, 31.89, 30.48, 28.48, 26.3, 26.72, 25.08, 26.29, 24.94, 25.08, 25.88, 26.81, 25.31, 25.71, 24.81, 26.21, 25.88, 27.45, 27.66, 26.87]",,,
2026-10-07T15:17:59.565441+00:00,Makati,"OpenAQ (ground sensor) [fine-tuned, C regularised]",31,"[14.24, 14.96, 15.03, 14.93, 14.55, 13.53, 12.77, 12.71, 13.06, 13.17, 13.47, 13.03, 12.99, 13.87, 14.39, 14.3, 14.09, 13.88, 13.62, 13.35, 12.76, 11.89, 11.95, 11.97]","[10.38, 11.24, 12.03, 14.44, 17.31, 17.65, 15.28, 13.6, 14.51, 15.34, 13.69, 12.09, 12.09, 13.9, 15.67, 16.53, 17.85, 19.0, 17.42, 17.37, 21.07, 20.81, 16.79, 14.5]","[28.0, 26.39, 24.95, 23.89, 23.06, 22.32, 21.49, 20.85, 20.61, 20.29, 20.11, 20.25, 20.14, 19.98, 19.92, 19.85, 19.82, 20.44, 21.59, 22.5, 23.17, 23.49, 23.27, 22.46]","[19.69, 19.78, 20.09, 20.04, 20.79, 20.47, 20.59, 20.27, 19.9, 20.28, 19.82, 19.56, 19.13, 18.95, 18.26, 18.46, 17.9, 17.34, 17.3, 17.61, 17.88, 17.65, 17.93, 18.15]",,,
2026-10-07T15:17:59.804312+00:00,Valenzuela,"OpenAQ (ground sensor) [fine-tuned, C regularised]",28,"[18.08, 18.31, 18.06, 18.09, 18.14, 17.83, 17.75, 17.69, 17.58, 17.47, 17.53, 16.49, 16.21, 17.16, 17.72, 17.54, 17.51, 17.54, 17.4, 17.18, 16.91, 16.08, 15.72, 15.22]","[19.13, 19.26, 20.54, 20.63, 20.2, 20.53, 19.36, 18.66, 20.57, 20.02, 16.79, 17.6, 16.32, 14.92, 17.28, 20.29, 21.03, 18.9, 16.44, 16.94, 20.57, 20.37, 15.81, 13.05]","[39.8, 35.67, 30.93, 26.46, 24.14, 23.69, 23.75, 23.7, 23.66, 22.36, 21.7, 22.29, 22.74, 23.46, 23.95, 24.19, 24.0, 24.28, 25.2, 25.95, 26.15, 25.85, 25.48, 24.77]","[40.25, 38.99, 37.57, 35.52, 33.77, 31.95, 30.53, 29.1, 27.12, 27.65, 26.02, 26.76, 24.71, 24.5, 23.37, 22.86, 21.9, 20.87, 19.94, 19.98, 19.56, 19.91, 20.15, 20.71]",,,
2026-10-07T15:18:01.817444+00:00,Mandaluyong,"OpenAQ (ground sensor) [fine-tuned, C regularised]",28,"[14.9, 15.26, 15.22, 15.39, 15.31, 14.8, 14.65, 14.73, 14.7, 14.58, 14.86, 14.3, 14.18, 14.93, 15.27, 15.05, 14.95, 14.94, 14.85, 14.71, 14.46, 13.84, 13.87, 13.87]","[14.71, 14.81, 16.26, 18.28, 18.39, 16.82, 15.14, 15.7, 17.86, 18.39, 17.48, 16.79, 14.67, 14.33, 16.0, 16.23, 16.32, 16.17, 15.06, 16.4, 19.25, 17.37, 13.86, 13.79]","[29.03, 26.36, 23.69, 21.38, 20.07, 19.54, 19.09, 18.76, 18.62, 18.02, 17.7, 18.06, 18.28, 18.64, 19.13, 19.68, 20.28, 21.12, 22.2, 22.78, 22.98, 22.73, 22.01, 20.73]","[25.52, 25.9, 26.68, 26.98, 26.85, 27.33, 27.05, 27.04, 26.13, 26.42, 25.38, 25.14, 24.08, 23.38, 21.81, 20.99, 19.58, 17.8, 16.95, 16.46, 15.59, 15.68, 15.71, 15.86]",,,
2026-10-07T15:18:01.867531+00:00,San_Juan,"OpenAQ (ground sensor) [fine-tuned, C regularised]",28,"[14.88, 15.01, 14.77, 14.83, 14.78, 14.34, 14.19, 14.3, 14.35, 14.22, 14.41, 13.78, 13.58, 14.32, 14.72, 14.58, 14.47, 14.41, 14.32, 14.16, 13.8, 13.12, 13.08, 12.86]","[15.89, 15.67, 17.17, 18.88, 18.74, 17.24, 15.91, 17.11, 19.17, 18.16, 15.32, 16.44, 16.47, 16.1, 16.79, 16.81, 16.92, 17.52, 16.97, 16.98, 18.99, 19.3, 16.51, 13.37]","[41.34, 37.81, 33.42, 28.8, 25.94, 25.01, 24.96, 24.88, 24.82, 23.68, 22.97, 23.15, 23.21, 23.46, 23.71, 24.26, 24.62, 25.09, 25.9, 26.15, 25.89, 25.19, 24.38, 23.44]","[33.4, 32.2, 31.3, 29.66, 28.26, 27.08, 26.0, 24.96, 23.82, 24.46, 23.35, 23.89, 22.79, 22.28, 21.62, 21.48, 20.49, 19.51, 19.19, 19.33, 18.66, 18.86, 19.24, 19.35]",,,
2026-10-07T15:18:02.008865+00:00,Navotas,"OpenAQ (ground sensor) [fine-tuned, C regularised]",26,"[22.83, 22.98, 22.67, 23.06, 23.42, 23.11, 23.08, 23.06, 22.9, 23.04, 23.28, 21.98, 21.69, 23.02, 23.75, 23.26, 23.15, 23.45, 23.41, 23.3, 23.45, 22.64, 22.25, 22.38]","[25.03, 23.55, 25.07, 26.74, 25.66, 24.18, 22.08, 22.83, 26.35, 25.89, 23.53, 23.43, 21.06, 19.73, 22.2, 22.87, 23.14, 23.37, 21.61, 21.8, 26.05, 24.35, 18.3, 17.96]","[83.92, 70.15, 55.93, 46.91, 42.14, 37.77, 34.82, 33.84, 33.36, 32.53, 32.61, 32.52, 31.71, 30.45, 29.62, 29.66, 29.51, 29.55, 30.97, 31.91, 32.41, 31.9, 30.98, 30.63]","[89.71, 85.76, 78.86, 68.54, 65.53, 57.39, 55.1, 49.65, 41.53, 39.66, 35.79, 34.14, 27.52, 25.51, 23.82, 21.67, 18.85, 16.85, 13.1, 13.81, 13.28, 15.71, 16.1, 16.27]",,,
2026-10-07T15:18:02.086703+00:00,Pasay,"OpenAQ (ground sensor) [fine-tuned, C regularised]",31,"[18.21, 19.1, 19.03, 18.67, 18.32, 17.54, 16.95, 16.74, 17.11, 17.44, 17.7, 16.8, 16.54, 17.67, 18.49, 18.31, 18.04, 17.82, 17.43, 17.1, 16.67, 15.73, 15.46, 15.25]","[21.6, 23.23, 25.55, 27.34, 28.0, 28.42, 26.79, 25.31, 26.21, 26.8, 25.81, 25.66, 25.77, 24.63, 24.04, 24.54, 25.82, 25.75, 25.99, 27.54, 28.96, 28.82, 27.02, 25.04]","[50.01, 43.74, 37.7, 31.42, 27.59, 26.62, 26.12, 26.28, 27.13, 27.02, 26.88, 27.22, 27.19, 25.98, 24.33, 23.07, 21.86, 22.42, 25.55, 28.25, 29.28, 28.89, 27.69, 26.22]","[49.85, 47.48, 44.9, 40.87, 40.17, 37.14, 35.84, 34.64, 31.19, 31.99, 30.49, 30.17, 28.27, 27.77, 27.05, 27.16, 25.44, 24.64, 22.93, 23.27, 23.54, 24.1, 23.88, 24.27]",,,
2026-10-07T15:20:15.079471+00:00,Manila,"OpenAQ (ground sensor) [fine-tuned, C regularised]",35,"[22.95, 21.51, 19.14, 18.37, 19.17, 20.14, 20.96, 21.33, 21.37, 20.9, 20.42, 20.28, 21.07, 22.34, 22.8, 22.63, 22.83, 23.15, 22.58, 20.79, 19.17, 18.15, 18.48, 19.32]","[26.52, 26.19, 26.49, 27.02, 27.11, 27.64, 26.55, 24.61, 23.98, 24.19, 25.27, 25.8, 24.11, 22.35, 23.04, 23.38, 23.99, 23.17, 21.46, 22.81, 27.92, 29.72, 27.74, 27.77]","[47.49, 40.8, 34.1, 29.36, 27.18, 26.68, 26.88, 27.56, 28.33, 28.29, 28.19, 28.15, 27.97, 27.9, 28.06, 28.28, 28.54, 29.45, 30.95, 31.59, 31.8, 31.32, 30.01, 27.88]","[49.03, 45.31, 41.57, 36.47, 34.61, 31.89, 30.48, 28.48, 26.3, 26.72, 25.08, 26.29, 24.94, 25.08, 25.88, 26.81, 25.31, 25.71, 24.81, 26.21, 25.88, 27.45, 27.66, 26.87]",,,
2026-10-08T11:31:06.638148+00:00,Caloocan,"OpenAQ (ground sensor) [fine-tuned, C regularised]",33,"[33.16, 31.44, 27.84, 26.05, 27.0, 27.25, 26.56, 25.98, 26.63, 28.02, 29.0, 27.89, 26.31, 26.37, 26.99, 27.14, 27.06, 26.19, 25.0, 24.56, 24.23, 22.68, 22.12, 22.43]","[41.25, 41.25, 42.52, 38.17, 36.33, 43.3, 37.9, 24.65, 31.6, 39.85, 31.18, 26.64, 30.84, 32.33, 32.33, 34.19, 33.28, 29.75, 30.97, 33.36, 33.94, 33.43, 32.45, 31.04]","[49.55, 47.13, 43.83, 40.53, 38.35, 36.78, 35.12, 34.03, 34.0, 34.19, 34.46, 34.09, 33.6, 33.82, 33.86, 33.61, 33.08, 32.89, 33.2, 33.16, 33.6, 35.1, 35.7, 35.02]","[68.18, 62.41, 58.1, 50.07, 48.09, 44.36, 41.37, 41.54, 38.16, 38.7, 37.83, 39.62, 39.13, 38.72, 40.66, 41.39, 39.85, 39.13, 38.26, 38.84, 38.81, 40.03, 40.79, 38.85]",,,
2026-10-08T11:31:06.642627+00:00,Pasig,"OpenAQ (ground sensor) [fine-tuned, C regularised]",37,"[22.99, 22.32, 18.9, 17.05, 18.15, 18.69, 18.01, 17.24, 17.77, 19.59, 21.8, 22.45, 21.65, 21.02, 20.45, 20.31, 20.85, 21.37, 21.15, 19.85, 18.33, 17.14, 17.26, 18.03]","[21.9, 24.09, 23.7, 22.17, 21.27, 21.93, 22.24, 20.86, 20.9, 22.9, 22.94, 20.63, 19.53, 18.95, 18.71, 19.36, 20.1, 19.52, 18.31, 18.76, 19.61, 19.03, 18.66, 20.22]","[31.19, 29.56, 27.83, 26.55, 25.88, 25.63, 25.81, 26.16, 26.51, 26.25, 25.92, 25.76, 25.48, 25.04, 24.39, 24.12, 23.9, 24.28, 25.1, 25.48, 25.7, 26.66, 27.62, 27.79]","[31.84, 30.24, 29.48, 27.87, 26.95, 25.95, 24.9, 25.07, 24.57, 24.65, 24.19, 24.93, 24.99, 24.42, 24.21, 24.36, 24.29, 24.21, 23.84, 23.84, 24.05, 24.33, 24.65, 24.67]",,,
2026-10-08T11:31:06.647842+00:00,Makati,"OpenAQ (ground sensor) [fine-tuned, C regularised]",33,"[14.47, 15.93, 15.65, 14.8, 13.98, 12.64, 11.38, 10.7, 10.43, 9.95, 10.12, 10.48, 11.65, 13.58, 14.6, 14.31, 13.53, 12.94, 12.56, 11.96, 10.63, 8.88, 8.47, 9.04]","[20.51, 21.45, 23.11, 24.71, 25.5, 24.81, 21.91, 20.03, 21.02, 21.77, 20.72, 21.09, 21.23, 21.43, 22.29, 22.77, 23.53, 23.29, 21.86, 22.42, 24.83, 24.37, 22.12, 20.24]","[28.41, 27.08, 24.6, 21.73, 19.73, 18.96, 19.24, 19.78, 20.43, 20.74, 21.06, 21.35, 21.26, 21.1, 20.87, 20.98, 20.96, 21.26, 21.8, 22.28, 22.68, 23.27, 24.02, 24.46]","[15.78, 16.32, 17.22, 17.81, 18.81, 18.84, 19.24, 19.77, 19.78, 19.68, 19.62, 19.63, 19.35, 19.04, 18.89, 18.59, 17.97, 18.22, 17.4, 17.19, 17.71, 17.42, 17.39, 17.91]",,,
2026-10-08T11:31:06.655510+00:00,Manila,"OpenAQ (ground sensor) [fine-tuned, C regularised]",37,"[24.74, 24.04, 21.01, 19.43, 20.35, 20.71, 19.79, 18.66, 18.36, 19.15, 20.96, 22.48, 22.99, 23.2, 22.72, 22.25, 22.69, 23.51, 23.05, 21.04, 19.15, 18.04, 18.34, 19.46]","[27.22, 36.12, 38.82, 36.27, 34.32, 33.61, 33.38, 33.95, 33.94, 33.6, 33.38, 32.46, 31.43, 30.03, 30.51, 31.81, 32.58, 33.05, 33.68, 33.91, 31.93, 31.52, 32.46, 31.79]","[35.66, 32.08, 29.09, 27.33, 26.65, 26.68, 27.34, 28.28, 29.05, 29.08, 28.54, 27.96, 27.39, 26.91, 26.29, 25.97, 25.8, 26.51, 27.59, 28.15, 28.7, 29.77, 30.6, 30.81]","[35.02, 34.43, 33.65, 32.8, 32.87, 32.11, 31.8, 31.82, 31.22, 31.75, 31.54, 32.27, 32.13, 32.19, 31.27, 32.15, 31.71, 31.38, 30.66, 29.96, 30.38, 30.54, 30.15, 29.98]",,,
2026-10-08T11:31:06.683899+00:00,Quezon_City,"OpenAQ (ground sensor) [fine-tuned, C regularised]",34,"[25.44, 21.7, 17.6, 17.2, 18.96, 19.76, 19.09, 18.33, 18.63, 19.23, 19.65, 19.49, 19.43, 20.71, 22.07, 22.1, 21.39, 21.25, 21.39, 19.94, 17.8, 16.0, 15.74, 16.42]","[21.6, 21.62, 21.64, 22.68, 24.19, 25.36, 24.19, 23.36, 23.03, 21.24, 20.79, 23.03, 23.75, 22.92, 23.07, 21.25, 21.0, 21.47, 20.53, 20.82, 23.43, 24.73, 22.8, 22.31]","[38.59, 38.2, 36.28, 34.0, 32.21, 30.65, 29.03, 28.13, 28.82, 30.4, 31.0, 29.81, 28.42, 28.5, 29.41, 30.09, 30.59, 30.98, 31.29, 31.22, 31.53, 32.23, 32.62, 32.61]","[26.43, 26.12, 25.53, 25.45, 25.71, 25.43, 24.98, 25.2, 25.53, 25.41, 25.64, 25.62, 25.0, 24.82, 25.17, 24.9, 24.77, 25.26, 25.11, 25.04, 25.12, 25.34, 25.52, 25.5]",,,
2026-10-08T11:31:06.709580+00:00,Valenzuela,"OpenAQ (ground sensor) [fine-tuned, C regularised]",30,"[18.5, 18.41, 18.16, 18.2, 17.86, 16.89, 16.0, 15.93, 16.49, 16.88, 17.19, 16.42, 15.67, 16.13, 16.9, 17.2, 17.15, 16.51, 15.9, 15.64, 15.62, 15.29, 15.35, 14.9]","[19.69, 19.72, 20.48, 22.6, 23.94, 23.33, 22.36, 22.69, 23.4, 23.03, 21.5, 20.44, 19.53, 19.84, 20.51, 20.33, 21.96, 23.15, 20.94, 20.33, 23.33, 22.42, 19.02, 19.11]","[44.51, 44.71, 42.81, 39.56, 35.77, 32.26, 29.94, 28.9, 28.89, 28.94, 29.52, 29.91, 29.51, 28.79, 27.8, 27.44, 27.6, 28.4, 30.34, 31.75, 32.17, 31.76, 30.97, 30.6]","[25.23, 24.76, 24.34, 23.12, 23.66, 23.03, 23.18, 23.0, 22.47, 22.7, 22.44, 22.67, 21.86, 22.07, 21.87, 21.85, 20.64, 20.97, 20.06, 20.35, 20.24, 20.33, 20.14, 20.7]",,,
2026-10-08T11:31:09.984910+00:00,San_Juan,"OpenAQ (ground sensor) [fine-tuned, C regularised]",31,"[17.85, 18.5, 17.68, 16.54, 15.47, 13.7, 12.24, 11.86, 12.64, 13.49, 14.28, 13.87, 13.83, 14.97, 15.69, 15.45, 14.9, 14.26, 13.46, 13.06, 12.61, 11.66, 11.84, 12.49]","[14.47, 15.74, 18.13, 19.81, 19.36, 19.0, 18.62, 18.98, 19.8, 19.6, 18.8, 18.77, 18.05, 18.11, 19.3, 19.37, 20.16, 20.47, 19.49, 20.81, 22.5, 19.69, 16.3, 16.35]","[30.91, 30.24, 28.68, 27.28, 26.18, 25.04, 24.17, 23.47, 23.15, 22.6, 22.18, 21.98, 21.62, 21.58, 21.46, 21.87, 22.56, 23.7, 25.2, 26.35, 27.18, 27.91, 28.3, 28.23]","[27.74, 26.7, 25.89, 24.19, 22.84, 21.73, 20.94, 20.61, 19.41, 19.76, 18.76, 19.7, 19.23, 18.72, 18.66, 18.32, 18.11, 18.1, 18.2, 18.33, 18.07, 18.6, 19.49, 19.54]",,,
2026-10-08T11:31:10.398844+00:00,Pasay,"OpenAQ (ground sensor) [fine-tuned, C regularised]",32,"[26.85, 26.31, 24.77, 23.6, 22.38, 20.42, 19.0, 18.53, 19.03, 19.47, 19.65, 18.8, 18.65, 19.91, 20.69, 20.16, 19.44, 19.01, 18.29, 17.27, 16.42, 15.58, 15.97, 16.77]","[37.72, 35.24, 35.31, 37.25, 36.64, 34.31, 30.1, 25.68, 28.89, 39.67, 40.94, 30.78, 27.5, 33.59, 36.06, 33.61, 33.22, 30.28, 27.67, 32.24, 38.05, 34.94, 30.4, 31.18]","[57.6, 52.68, 47.43, 41.25, 36.41, 33.0, 30.09, 29.42, 29.49, 29.73, 31.14, 32.44, 32.58, 30.33, 28.21, 27.25, 26.86, 27.59, 30.03, 31.5, 31.14, 29.46, 28.26, 28.41]","[81.76, 74.81, 67.25, 55.47, 50.4, 44.72, 41.72, 37.85, 32.15, 32.21, 30.45, 31.08, 28.23, 28.64, 29.4, 30.97, 29.52, 29.65, 27.75, 30.41, 29.29, 32.3, 32.44, 31.68]",,,
2026-10-08T11:31:10.591819+00:00,Navotas,"OpenAQ (ground sensor) [fine-tuned, C regularised]",30,"[19.65, 20.54, 20.77, 20.66, 20.44, 19.46, 18.55, 18.27, 18.58, 19.11, 19.74, 18.98, 18.08, 18.47, 19.0, 18.95, 18.85, 18.23, 17.24, 17.11, 17.38, 16.88, 16.97, 17.15]","[24.77, 24.3, 26.56, 29.79, 29.8, 27.67, 26.16, 26.56, 26.94, 26.3, 24.61, 23.54, 23.12, 23.75, 23.01, 21.06, 24.29, 27.6, 25.54, 25.34, 28.83, 26.71, 22.81, 22.94]","[51.94, 46.73, 38.78, 31.76, 29.6, 31.9, 34.9, 36.7, 36.9, 34.94, 33.25, 32.4, 32.03, 32.44, 32.4, 32.53, 32.74, 34.36, 36.4, 37.3, 37.89, 39.45, 40.34, 39.53]","[55.14, 52.0, 48.26, 42.66, 41.55, 38.88, 38.01, 36.95, 33.99, 35.28, 34.11, 34.23, 33.09, 33.6, 34.01, 35.04, 33.89, 33.54, 32.33, 32.7, 32.29, 33.75, 33.56, 32.18]",,,
2026-10-08T11:31:11.014435+00:00,Mandaluyong,"OpenAQ (ground sensor) [fine-tuned, C regularised]",32,"[18.09, 18.53, 17.73, 16.81, 15.62, 13.53, 11.87, 11.46, 12.23, 13.12, 14.01, 13.71, 13.91, 15.29, 16.15, 15.87, 15.12, 14.52, 13.99, 13.63, 12.92, 11.69, 11.66, 12.26]","[15.18, 15.69, 16.62, 18.0, 19.7, 20.65, 18.81, 18.12, 20.01, 20.05, 17.53, 17.38, 17.07, 17.39, 20.16, 22.03, 20.84, 18.46, 17.67, 19.59, 21.59, 20.24, 16.91, 15.68]","[37.77, 34.67, 29.77, 24.89, 22.07, 21.29, 21.74, 22.24, 22.69, 22.46, 22.62, 23.04, 23.02, 22.99, 22.77, 22.85, 22.85, 23.41, 24.38, 25.06, 25.4, 25.41, 25.41, 25.27]","[28.71, 27.4, 26.89, 25.81, 24.52, 23.62, 22.61, 22.23, 21.47, 21.77, 21.14, 21.61, 21.35, 20.78, 20.62, 20.76, 20.38, 20.12, 19.84, 19.8, 19.95, 20.18, 20.64, 20.59]",,,
2026-10-08T11:31:23.010974+00:00,Manila,"NASA GEOS-CF v2 (S3, live)",27,"[13.37, 14.02, 13.83, 13.66, 13.49, 12.82, 12.54, 12.59, 12.59, 12.33, 12.63, 12.03, 11.82, 12.35, 12.44, 12.19, 12.11, 12.0, 11.83, 11.78, 11.39, 10.58, 10.47, 10.16]","[11.49, 12.04, 13.4, 14.53, 14.29, 13.14, 12.81, 13.55, 14.83, 14.42, 13.44, 14.96, 14.22, 13.21, 13.87, 14.84, 14.44, 13.78, 12.55, 13.26, 15.75, 14.84, 12.56, 10.43]","[29.99, 27.99, 25.06, 21.14, 17.98, 16.59, 15.62, 14.25, 13.67, 13.07, 12.65, 13.18, 13.82, 14.54, 14.83, 15.13, 15.1, 14.79, 14.31, 14.12, 14.58, 15.39, 16.47, 17.3]","[32.71, 31.48, 30.54, 28.06, 26.57, 24.98, 23.32, 22.6, 19.85, 19.94, 18.99, 19.17, 18.34, 18.06, 17.89, 17.27, 16.73, 16.22, 16.51, 15.7, 15.04, 15.1, 15.2, 15.6]",,,
2026-10-08T11:41:00.510518+00:00,Valenzuela,"OpenAQ (ground sensor) [fine-tuned, C regularised]",30,"[18.5, 18.41, 18.16, 18.2, 17.86, 16.89, 16.0, 15.93, 16.49, 16.88, 17.19, 16.42, 15.67, 16.13, 16.9, 17.2, 17.15, 16.51, 15.9, 15.64, 15.62, 15.29, 15.35, 14.9]","[19.69, 19.72, 20.48, 22.6, 23.94, 23.33, 22.36, 22.69, 23.4, 23.03, 21.5, 20.44, 19.53, 19.84, 20.51, 20.33, 21.96, 23.15, 20.94, 20.33, 23.33, 22.42, 19.02, 19.11]","[44.51, 44.71, 42.81, 39.56, 35.77, 32.26, 29.94, 28.9, 28.89, 28.94, 29.52, 29.91, 29.51, 28.79, 27.8, 27.44, 27.6, 28.4, 30.34, 31.75, 32.17, 31.76, 30.97, 30.6]","[25.23, 24.76, 24.34, 23.12, 23.66, 23.03, 23.18, 23.0, 22.47, 22.7, 22.44, 22.67, 21.86, 22.07, 21.87, 21.85, 20.64, 20.97, 20.06, 20.35, 20.24, 20.33, 20.14, 20.7]",,,
2026-10-08T11:41:00.546933+00:00,Manila,"OpenAQ (ground sensor) [fine-tuned, C regularised]",37,"[24.74, 24.04, 21.01, 19.43, 20.35, 20.71, 19.79, 18.66, 18.36, 19.15, 20.96, 22.48, 22.99, 23.2, 22.72, 22.25, 22.69, 23.51, 23.05, 21.04, 19.15, 18.04, 18.34, 19.46]","[27.22, 36.12, 38.82, 36.27, 34.32, 33.61, 33.38, 33.95, 33.94, 33.6, 33.38, 32.46, 31.43, 30.03, 30.51, 31.81, 32.58, 33.05, 33.68, 33.91, 31.93, 31.52, 32.46, 31.79]","[35.66, 32.08, 29.09, 27.33, 26.65, 26.68, 27.34, 28.28, 29.05, 29.08, 28.54, 27.96, 27.39, 26.91, 26.29, 25.97, 25.8, 26.51, 27.59, 28.15, 28.7, 29.77, 30.6, 30.81]","[35.02, 34.43, 33.65, 32.8, 32.87, 32.11, 31.8, 31.82, 31.22, 31.75, 31.54, 32.27, 32.13, 32.19, 31.27, 32.15, 31.71, 31.38, 30.66, 29.96, 30.38, 30.54, 30.15, 29.98]",,,
2026-10-08T11:41:00.668571+00:00,Pasig,"OpenAQ (ground sensor) [fine-tuned, C regularised]",37,"[22.99, 22.32, 18.9, 17.05, 18.15, 18.69, 18.01, 17.24, 17.77, 19.59, 21.8, 22.45, 21.65, 21.02, 20.45, 20.31, 20.85, 21.37, 21.15, 19.85, 18.33, 17.14, 17.26, 18.03]","[21.9, 24.09, 23.7, 22.17, 21.27, 21.93, 22.24, 20.86, 20.9, 22.9, 22.94, 20.63, 19.53, 18.95, 18.71, 19.36, 20.1, 19.52, 18.31, 18.76, 19.61, 19.03, 18.66, 20.22]","[31.19, 29.56, 27.83, 26.55, 25.88, 25.63, 25.81, 26.16, 26.51, 26.25, 25.92, 25.76, 25.48, 25.04, 24.39, 24.12, 23.9, 24.28, 25.1, 25.48, 25.7, 26.66, 27.62, 27.79]","[31.84, 30.24, 29.48, 27.87, 26.95, 25.95, 24.9, 25.07, 24.57, 24.65, 24.19, 24.93, 24.99, 24.42, 24.21, 24.36, 24.29, 24.21, 23.84, 23.84, 24.05, 24.33, 24.65, 24.67]",,,
2026-10-08T11:41:00.977027+00:00,Caloocan,"OpenAQ (ground sensor) [fine-tuned, C regularised]",33,"[33.16, 31.44, 27.84, 26.05, 27.0, 27.25, 26.56, 25.98, 26.63, 28.02, 29.0, 27.89, 26.31, 26.37, 26.99, 27.14, 27.06, 26.19, 25.0, 24.56, 24.23, 22.68, 22.12, 22.43]","[41.25, 41.25, 42.52, 38.17, 36.33, 43.3, 37.9, 24.65, 31.6, 39.85, 31.18, 26.64, 30.84, 32.33, 32.33, 34.19, 33.28, 29.75, 30.97, 33.36, 33.94, 33.43, 32.45, 31.04]","[49.55, 47.13, 43.83, 40.53, 38.35, 36.78, 35.12, 34.03, 34.0, 34.19, 34.46, 34.09, 33.6, 33.82, 33.86, 33.61, 33.08, 32.89, 33.2, 33.16, 33.6, 35.1, 35.7, 35.02]","[68.18, 62.41, 58.1, 50.07, 48.09, 44.36, 41.37, 41.54, 38.16, 38.7, 37.83, 39.62, 39.13, 38.72, 40.66, 41.39, 39.85, 39.13, 38.26, 38.84, 38.81, 40.03, 40.79, 38.85]",,,
2026-10-08T11:41:01.068930+00:00,Quezon_City,"OpenAQ (ground sensor) [fine-tuned, C regularised]",34,"[25.44, 21.7, 17.6, 17.2, 18.96, 19.76, 19.09, 18.33, 18.63, 19.23, 19.65, 19.49, 19.43, 20.71, 22.07, 22.1, 21.39, 21.25, 21.39, 19.94, 17.8, 16.0, 15.74, 16.42]","[21.6, 21.62, 21.64, 22.68, 24.19, 25.36, 24.19, 23.36, 23.03, 21.24, 20.79, 23.03, 23.75, 22.92, 23.07, 21.25, 21.0, 21.47, 20.53, 20.82, 23.43, 24.73, 22.8, 22.31]","[38.59, 38.2, 36.28, 34.0, 32.21, 30.65, 29.03, 28.13, 28.82, 30.4, 31.0, 29.81, 28.42, 28.5, 29.41, 30.09, 30.59, 30.98, 31.29, 31.22, 31.53, 32.23, 32.62, 32.61]","[26.43, 26.12, 25.53, 25.45, 25.71, 25.43, 24.98, 25.2, 25.53, 25.41, 25.64, 25.62, 25.0, 24.82, 25.17, 24.9, 24.77, 25.26, 25.11, 25.04, 25.12, 25.34, 25.52, 25.5]",,,
2026-10-08T11:41:01.329830+00:00,Makati,"OpenAQ (ground sensor) [fine-tuned, C regularised]",33,"[14.47, 15.93, 15.65, 14.8, 13.98, 12.64, 11.38, 10.7, 10.43, 9.95, 10.12, 10.48, 11.65, 13.58, 14.6, 14.31, 13.53, 12.94, 12.56, 11.96, 10.63, 8.88, 8.47, 9.04]","[20.51, 21.45, 23.11, 24.71, 25.5, 24.81, 21.91, 20.03, 21.02, 21.77, 20.72, 21.09, 21.23, 21.43, 22.29, 22.77, 23.53, 23.29, 21.86, 22.42, 24.83, 24.37, 22.12, 20.24]","[28.41, 27.08, 24.6, 21.73, 19.73, 18.96, 19.24, 19.78, 20.43, 20.74, 21.06, 21.35, 21.26, 21.1, 20.87, 20.98, 20.96, 21.26, 21.8, 22.28, 22.68, 23.27, 24.02, 24.46]","[15.78, 16.32, 17.22, 17.81, 18.81, 18.84, 19.24, 19.77, 19.78, 19.68, 19.62, 19.63, 19.35, 19.04, 18.89, 18.59, 17.97, 18.22, 17.4, 17.19, 17.71, 17.42, 17.39, 17.91]",,,
2026-10-08T11:41:02.717069+00:00,Navotas,"OpenAQ (ground sensor) [fine-tuned, C regularised]",30,"[19.65, 20.54, 20.77, 20.66, 20.44, 19.46, 18.55, 18.27, 18.58, 19.11, 19.74, 18.98, 18.08, 18.47, 19.0, 18.95, 18.85, 18.23, 17.24, 17.11, 17.38, 16.88, 16.97, 17.15]","[24.77, 24.3, 26.56, 29.79, 29.8, 27.67, 26.16, 26.56, 26.94, 26.3, 24.61, 23.54, 23.12, 23.75, 23.01, 21.06, 24.29, 27.6, 25.54, 25.34, 28.83, 26.71, 22.81, 22.94]","[51.94, 46.73, 38.78, 31.76, 29.6, 31.9, 34.9, 36.7, 36.9, 34.94, 33.25, 32.4, 32.03, 32.44, 32.4, 32.53, 32.74, 34.36, 36.4, 37.3, 37.89, 39.45, 40.34, 39.53]","[55.14, 52.0, 48.26, 42.66, 41.55, 38.88, 38.01, 36.95, 33.99, 35.28, 34.11, 34.23, 33.09, 33.6, 34.01, 35.04, 33.89, 33.54, 32.33, 32.7, 32.29, 33.75, 33.56, 32.18]",,,
2026-10-08T11:41:03.101247+00:00,Mandaluyong,"OpenAQ (ground sensor) [fine-tuned, C regularised]",32,"[18.09, 18.53, 17.73, 16.81, 15.62, 13.53, 11.87, 11.46, 12.23, 13.12, 14.01, 13.71, 13.91, 15.29, 16.15, 15.87, 15.12, 14.52, 13.99, 13.63, 12.92, 11.69, 11.66, 12.26]","[15.18, 15.69, 16.62, 18.0, 19.7, 20.65, 18.81, 18.12, 20.01, 20.05, 17.53, 17.38, 17.07, 17.39, 20.16, 22.03, 20.84, 18.46, 17.67, 19.59, 21.59, 20.24, 16.91, 15.68]","[37.77, 34.67, 29.77, 24.89, 22.07, 21.29, 21.74, 22.24, 22.69, 22.46, 22.62, 23.04, 23.02, 22.99, 22.77, 22.85, 22.85, 23.41, 24.38, 25.06, 25.4, 25.41, 25.41, 25.27]","[28.71, 27.4, 26.89, 25.81, 24.52, 23.62, 22.61, 22.23, 21.47, 21.77, 21.14, 21.61, 21.35, 20.78, 20.62, 20.76, 20.38, 20.12, 19.84, 19.8, 19.95, 20.18, 20.64, 20.59]",,,
2026-10-08T11:41:03.132450+00:00,Pasay,"OpenAQ (ground sensor) [fine-tuned, C regularised]",32,"[26.85, 26.31, 24.77, 23.6, 22.38, 20.42, 19.0, 18.53, 19.03, 19.47, 19.65, 18.8, 18.65, 19.91, 20.69, 20.16, 19.44, 19.01, 18.29, 17.27, 16.42, 15.58, 15.97, 16.77]","[37.72, 35.24, 35.31, 37.25, 36.64, 34.31, 30.1, 25.68, 28.89, 39.67, 40.94, 30.78, 27.5, 33.59, 36.06, 33.61, 33.22, 30.28, 27.67, 32.24, 38.05, 34.94, 30.4, 31.18]","[57.6, 52.68, 47.43, 41.25, 36.41, 33.0, 30.09, 29.42, 29.49, 29.73, 31.14, 32.44, 32.58, 30.33, 28.21, 27.25, 26.86, 27.59, 30.03, 31.5, 31.14, 29.46, 28.26, 28.41]","[81.76, 74.81, 67.25, 55.47, 50.4, 44.72, 41.72, 37.85, 32.15, 32.21, 30.45, 31.08, 28.23, 28.64, 29.4, 30.97, 29.52, 29.65, 27.75, 30.41, 29.29, 32.3, 32.44, 31.68]",,,
2026-10-08T11:41:03.590667+00:00,San_Juan,"OpenAQ (ground sensor) [fine-tuned, C regularised]",31,"[17.85, 18.5, 17.68, 16.54, 15.47, 13.7, 12.24, 11.86, 12.64, 13.49, 14.28, 13.87, 13.83, 14.97, 15.69, 15.45, 14.9, 14.26, 13.46, 13.06, 12.61, 11.66, 11.84, 12.49]","[14.47, 15.74, 18.13, 19.81, 19.36, 19.0, 18.62, 18.98, 19.8, 19.6, 18.8, 18.77, 18.05, 18.11, 19.3, 19.37, 20.16, 20.47, 19.49, 20.81, 22.5, 19.69, 16.3, 16.35]","[30.91, 30.24, 28.68, 27.28, 26.18, 25.04, 24.17, 23.47, 23.15, 22.6, 22.18, 21.98, 21.62, 21.58, 21.46, 21.87, 22.56, 23.7, 25.2, 26.35, 27.18, 27.91, 28.3, 28.23]","[27.74, 26.7, 25.89, 24.19, 22.84, 21.73, 20.94, 20.61, 19.41, 19.76, 18.76, 19.7, 19.23, 18.72, 18.66, 18.32, 18.11, 18.1, 18.2, 18.33, 18.07, 18.6, 19.49, 19.54]",,,
2026-10-08T11:41:52.033848+00:00,Manila,"OpenAQ (ground sensor) [fine-tuned, C regularised]",37,"[24.74, 24.04, 21.01, 19.43, 20.35, 20.71, 19.79, 18.66, 18.36, 19.15, 20.96, 22.48, 22.99, 23.2, 22.72, 22.25, 22.69, 23.51, 23.05, 21.04, 19.15, 18.04, 18.34, 19.46]","[27.22, 36.12, 38.82, 36.27, 34.32, 33.61, 33.38, 33.95, 33.94, 33.6, 33.38, 32.46, 31.43, 30.03, 30.51, 31.81, 32.58, 33.05, 33.68, 33.91, 31.93, 31.52, 32.46, 31.79]","[35.66, 32.08, 29.09, 27.33, 26.65, 26.68, 27.34, 28.28, 29.05, 29.08, 28.54, 27.96, 27.39, 26.91, 26.29, 25.97, 25.8, 26.51, 27.59, 28.15, 28.7, 29.77, 30.6, 30.81]","[35.02, 34.43, 33.65, 32.8, 32.87, 32.11, 31.8, 31.82, 31.22, 31.75, 31.54, 32.27, 32.13, 32.19, 31.27, 32.15, 31.71, 31.38, 30.66, 29.96, 30.38, 30.54, 30.15, 29.98]",,,
2026-10-08T11:47:06.693348+00:00,Quezon_City,"OpenAQ (ground sensor) [fine-tuned, C regularised]",34,"[25.44, 21.7, 17.6, 17.2, 18.96, 19.76, 19.09, 18.33, 18.63, 19.23, 19.65, 19.49, 19.43, 20.71, 22.07, 22.1, 21.39, 21.25, 21.39, 19.94, 17.8, 16.0, 15.74, 16.42]","[21.6, 21.62, 21.64, 22.68, 24.19, 25.36, 24.19, 23.36, 23.03, 21.24, 20.79, 23.03, 23.75, 22.92, 23.07, 21.25, 21.0, 21.47, 20.53, 20.82, 23.43, 24.73, 22.8, 22.31]","[38.59, 38.2, 36.28, 34.0, 32.21, 30.65, 29.03, 28.13, 28.82, 30.4, 31.0, 29.81, 28.42, 28.5, 29.41, 30.09, 30.59, 30.98, 31.29, 31.22, 31.53, 32.23, 32.62, 32.61]","[26.43, 26.12, 25.53, 25.45, 25.71, 25.43, 24.98, 25.2, 25.53, 25.41, 25.64, 25.62, 25.0, 24.82, 25.17, 24.9, 24.77, 25.26, 25.11, 25.04, 25.12, 25.34, 25.52, 25.5]",,,
2026-10-08T11:47:06.817571+00:00,Valenzuela,"OpenAQ (ground sensor) [fine-tuned, C regularised]",30,"[18.5, 18.41, 18.16, 18.2, 17.86, 16.89, 16.0, 15.93, 16.49, 16.88, 17.19, 16.42, 15.67, 16.13, 16.9, 17.2, 17.15, 16.51, 15.9, 15.64, 15.62, 15.29, 15.35, 14.9]","[19.69, 19.72, 20.48, 22.6, 23.94, 23.33, 22.36, 22.69, 23.4, 23.03, 21.5, 20.44, 19.53, 19.84, 20.51, 20.33, 21.96, 23.15, 20.94, 20.33, 23.33, 22.42, 19.02, 19.11]","[44.51, 44.71, 42.81, 39.56, 35.77, 32.26, 29.94, 28.9, 28.89, 28.94, 29.52, 29.91, 29.51, 28.79, 27.8, 27.44, 27.6, 28.4, 30.34, 31.75, 32.17, 31.76, 30.97, 30.6]","[25.23, 24.76, 24.34, 23.12, 23.66, 23.03, 23.18, 23.0, 22.47, 22.7, 22.44, 22.67, 21.86, 22.07, 21.87, 21.85, 20.64, 20.97, 20.06, 20.35, 20.24, 20.33, 20.14, 20.7]",,,
2026-10-08T11:47:07.101082+00:00,Caloocan,"OpenAQ (ground sensor) [fine-tuned, C regularised]",33,"[33.16, 31.44, 27.84, 26.05, 27.0, 27.25, 26.56, 25.98, 26.63, 28.02, 29.0, 27.89, 26.31, 26.37, 26.99, 27.14, 27.06, 26.19, 25.0, 24.56, 24.23, 22.68, 22.12, 22.43]","[41.25, 41.25, 42.52, 38.17, 36.33, 43.3, 37.9, 24.65, 31.6, 39.85, 31.18, 26.64, 30.84, 32.33, 32.33, 34.19, 33.28, 29.75, 30.97, 33.36, 33.94, 33.43, 32.45, 31.04]","[49.55, 47.13, 43.83, 40.53, 38.35, 36.78, 35.12, 34.03, 34.0, 34.19, 34.46, 34.09, 33.6, 33.82, 33.86, 33.61, 33.08, 32.89, 33.2, 33.16, 33.6, 35.1, 35.7, 35.02]","[68.18, 62.41, 58.1, 50.07, 48.09, 44.36, 41.37, 41.54, 38.16, 38.7, 37.83, 39.62, 39.13, 38.72, 40.66, 41.39, 39.85, 39.13, 38.26, 38.84, 38.81, 40.03, 40.79, 38.85]",,,
2026-10-08T11:47:07.412441+00:00,Makati,"OpenAQ (ground sensor) [fine-tuned, C regularised]",33,"[14.47, 15.93, 15.65, 14.8, 13.98, 12.64, 11.38, 10.7, 10.43, 9.95, 10.12, 10.48, 11.65, 13.58, 14.6, 14.31, 13.53, 12.94, 12.56, 11.96, 10.63, 8.88, 8.47, 9.04]","[20.51, 21.45, 23.11, 24.71, 25.5, 24.81, 21.91, 20.03, 21.02, 21.77, 20.72, 21.09, 21.23, 21.43, 22.29, 22.77, 23.53, 23.29, 21.86, 22.42, 24.83, 24.37, 22.12, 20.24]","[28.41, 27.08, 24.6, 21.73, 19.73, 18.96, 19.24, 19.78, 20.43, 20.74, 21.06, 21.35, 21.26, 21.1, 20.87, 20.98, 20.96, 21.26, 21.8, 22.28, 22.68, 23.27, 24.02, 24.46]","[15.78, 16.32, 17.22, 17.81, 18.81, 18.84, 19.24, 19.77, 19.78, 19.68, 19.62, 19.63, 19.35, 19.04, 18.89, 18.59, 17.97, 18.22, 17.4, 17.19, 17.71, 17.42, 17.39, 17.91]",,,
2026-10-08T11:47:07.547264+00:00,Manila,"OpenAQ (ground sensor) [fine-tuned, C regularised]",37,"[24.74, 24.04, 21.01, 19.43, 20.35, 20.71, 19.79, 18.66, 18.36, 19.15, 20.96, 22.48, 22.99, 23.2, 22.72, 22.25, 22.69, 23.51, 23.05, 21.04, 19.15, 18.04, 18.34, 19.46]","[27.22, 36.12, 38.82, 36.27, 34.32, 33.61, 33.38, 33.95, 33.94, 33.6, 33.38, 32.46, 31.43, 30.03, 30.51, 31.81, 32.58, 33.05, 33.68, 33.91, 31.93, 31.52, 32.46, 31.79]","[35.66, 32.08, 29.09, 27.33, 26.65, 26.68, 27.34, 28.28, 29.05, 29.08, 28.54, 27.96, 27.39, 26.91, 26.29, 25.97, 25.8, 26.51, 27.59, 28.15, 28.7, 29.77, 30.6, 30.81]","[35.02, 34.43, 33.65, 32.8, 32.87, 32.11, 31.8, 31.82, 31.22, 31.75, 31.54, 32.27, 32.13, 32.19, 31.27, 32.15, 31.71, 31.38, 30.66, 29.96, 30.38, 30.54, 30.15, 29.98]",,,
2026-10-08T11:47:07.554146+00:00,Pasig,"OpenAQ (ground sensor) [fine-tuned, C regularised]",37,"[22.99, 22.32, 18.9, 17.05, 18.15, 18.69, 18.01, 17.24, 17.77, 19.59, 21.8, 22.45, 21.65, 21.02, 20.45, 20.31, 20.85, 21.37, 21.15, 19.85, 18.33, 17.14, 17.26, 18.03]","[21.9, 24.09, 23.7, 22.17, 21.27, 21.93, 22.24, 20.86, 20.9, 22.9, 22.94, 20.63, 19.53, 18.95, 18.71, 19.36, 20.1, 19.52, 18.31, 18.76, 19.61, 19.03, 18.66, 20.22]","[31.19, 29.56, 27.83, 26.55, 25.88, 25.63, 25.81, 26.16, 26.51, 26.25, 25.92, 25.76, 25.48, 25.04, 24.39, 24.12, 23.9, 24.28, 25.1, 25.48, 25.7, 26.66, 27.62, 27.79]","[31.84, 30.24, 29.48, 27.87, 26.95, 25.95, 24.9, 25.07, 24.57, 24.65, 24.19, 24.93, 24.99, 24.42, 24.21, 24.36, 24.29, 24.21, 23.84, 23.84, 24.05, 24.33, 24.65, 24.67]",,,
2026-10-08T11:47:08.977778+00:00,Mandaluyong,"OpenAQ (ground sensor) [fine-tuned, C regularised]",32,"[18.09, 18.53, 17.73, 16.81, 15.62, 13.53, 11.87, 11.46, 12.23, 13.12, 14.01, 13.71, 13.91, 15.29, 16.15, 15.87, 15.12, 14.52, 13.99, 13.63, 12.92, 11.69, 11.66, 12.26]","[15.18, 15.69, 16.62, 18.0, 19.7, 20.65, 18.81, 18.12, 20.01, 20.05, 17.53, 17.38, 17.07, 17.39, 20.16, 22.03, 20.84, 18.46, 17.67, 19.59, 21.59, 20.24, 16.91, 15.68]","[37.77, 34.67, 29.77, 24.89, 22.07, 21.29, 21.74, 22.24, 22.69, 22.46, 22.62, 23.04, 23.02, 22.99, 22.77, 22.85, 22.85, 23.41, 24.38, 25.06, 25.4, 25.41, 25.41, 25.27]","[28.71, 27.4, 26.89, 25.81, 24.52, 23.62, 22.61, 22.23, 21.47, 21.77, 21.14, 21.61, 21.35, 20.78, 20.62, 20.76, 20.38, 20.12, 19.84, 19.8, 19.95, 20.18, 20.64, 20.59]",,,
2026-10-08T11:47:09.004961+00:00,Navotas,"OpenAQ (ground sensor) [fine-tuned, C regularised]",30,"[19.65, 20.54, 20.77, 20.66, 20.44, 19.46, 18.55, 18.27, 18.58, 19.11, 19.74, 18.98, 18.08, 18.47, 19.0, 18.95, 18.85, 18.23, 17.24, 17.11, 17.38, 16.88, 16.97, 17.15]","[24.77, 24.3, 26.56, 29.79, 29.8, 27.67, 26.16, 26.56, 26.94, 26.3, 24.61, 23.54, 23.12, 23.75, 23.01, 21.06, 24.29, 27.6, 25.54, 25.34, 28.83, 26.71, 22.81, 22.94]","[51.94, 46.73, 38.78, 31.76, 29.6, 31.9, 34.9, 36.7, 36.9, 34.94, 33.25, 32.4, 32.03, 32.44, 32.4, 32.53, 32.74, 34.36, 36.4, 37.3, 37.89, 39.45, 40.34, 39.53]","[55.14, 52.0, 48.26, 42.66, 41.55, 38.88, 38.01, 36.95, 33.99, 35.28, 34.11, 34.23, 33.09, 33.6, 34.01, 35.04, 33.89, 33.54, 32.33, 32.7, 32.29, 33.75, 33.56, 32.18]",,,
2026-10-08T11:47:09.289296+00:00,Pasay,"OpenAQ (ground sensor) [fine-tuned, C regularised]",32,"[26.85, 26.31, 24.77, 23.6, 22.38, 20.42, 19.0, 18.53, 19.03, 19.47, 19.65, 18.8, 18.65, 19.91, 20.69, 20.16, 19.44, 19.01, 18.29, 17.27, 16.42, 15.58, 15.97, 16.77]","[37.72, 35.24, 35.31, 37.25, 36.64, 34.31, 30.1, 25.68, 28.89, 39.67, 40.94, 30.78, 27.5, 33.59, 36.06, 33.61, 33.22, 30.28, 27.67, 32.24, 38.05, 34.94, 30.4, 31.18]","[57.6, 52.68, 47.43, 41.25, 36.41, 33.0, 30.09, 29.42, 29.49, 29.73, 31.14, 32.44, 32.58, 30.33, 28.21, 27.25, 26.86, 27.59, 30.03, 31.5, 31.14, 29.46, 28.26, 28.41]","[81.76, 74.81, 67.25, 55.47, 50.4, 44.72, 41.72, 37.85, 32.15, 32.21, 30.45, 31.08, 28.23, 28.64, 29.4, 30.97, 29.52, 29.65, 27.75, 30.41, 29.29, 32.3, 32.44, 31.68]",,,
2026-10-08T11:47:09.900100+00:00,Quezon_City,"OpenAQ (ground sensor) [fine-tuned, C regularised]",34,"[25.44, 21.7, 17.6, 17.2, 18.96, 19.76, 19.09, 18.33, 18.63, 19.23, 19.65, 19.49, 19.43, 20.71, 22.07, 22.1, 21.39, 21.25, 21.39, 19.94, 17.8, 16.0, 15.74, 16.42]","[21.6, 21.62, 21.64, 22.68, 24.19, 25.36, 24.19, 23.36, 23.03, 21.24, 20.79, 23.03, 23.75, 22.92, 23.07, 21.25, 21.0, 21.47, 20.53, 20.82, 23.43, 24.73, 22.8, 22.31]","[38.59, 38.2, 36.28, 34.0, 32.21, 30.65, 29.03, 28.13, 28.82, 30.4, 31.0, 29.81, 28.42, 28.5, 29.41, 30.09, 30.59, 30.98, 31.29, 31.22, 31.53, 32.23, 32.62, 32.61]","[26.43, 26.12, 25.53, 25.45, 25.71, 25.43, 24.98, 25.2, 25.53, 25.41, 25.64, 25.62, 25.0, 24.82, 25.17, 24.9, 24.77, 25.26, 25.11, 25.04, 25.12, 25.34, 25.52, 25.5]",,,
2026-10-08T11:47:10.527550+00:00,San_Juan,"OpenAQ (ground sensor) [fine-tuned, C regularised]",31,"[17.85, 18.5, 17.68, 16.54, 15.47, 13.7, 12.24, 11.86, 12.64, 13.49, 14.28, 13.87, 13.83, 14.97, 15.69, 15.45, 14.9, 14.26, 13.46, 13.06, 12.61, 11.66, 11.84, 12.49]","[14.47, 15.74, 18.13, 19.81, 19.36, 19.0, 18.62, 18.98, 19.8, 19.6, 18.8, 18.77, 18.05, 18.11, 19.3, 19.37, 20.16, 20.47, 19.49, 20.81, 22.5, 19.69, 16.3, 16.35]","[30.91, 30.24, 28.68, 27.28, 26.18, 25.04, 24.17, 23.47, 23.15, 22.6, 22.18, 21.98, 21.62, 21.58, 21.46, 21.87, 22.56, 23.7, 25.2, 26.35, 27.18, 27.91, 28.3, 28.23]","[27.74, 26.7, 25.89, 24.19, 22.84, 21.73, 20.94, 20.61, 19.41, 19.76, 18.76, 19.7, 19.23, 18.72, 18.66, 18.32, 18.11, 18.1, 18.2, 18.33, 18.07, 18.6, 19.49, 19.54]",,,
2026-10-08T11:47:11.412927+00:00,Valenzuela,"OpenAQ (ground sensor) [fine-tuned, C regularised]",30,"[18.5, 18.41, 18.16, 18.2, 17.86, 16.89, 16.0, 15.93, 16.49, 16.88, 17.19, 16.42, 15.67, 16.13, 16.9, 17.2, 17.15, 16.51, 15.9, 15.64, 15.62, 15.29, 15.35, 14.9]","[19.69, 19.72, 20.48, 22.6, 23.94, 23.33, 22.36, 22.69, 23.4, 23.03, 21.5, 20.44, 19.53, 19.84, 20.51, 20.33, 21.96, 23.15, 20.94, 20.33, 23.33, 22.42, 19.02, 19.11]","[44.51, 44.71, 42.81, 39.56, 35.77, 32.26, 29.94, 28.9, 28.89, 28.94, 29.52, 29.91, 29.51, 28.79, 27.8, 27.44, 27.6, 28.4, 30.34, 31.75, 32.17, 31.76, 30.97, 30.6]","[25.23, 24.76, 24.34, 23.12, 23.66, 23.03, 23.18, 23.0, 22.47, 22.7, 22.44, 22.67, 21.86, 22.07, 21.87, 21.85, 20.64, 20.97, 20.06, 20.35, 20.24, 20.33, 20.14, 20.7]",,,
2026-10-08T11:47:11.417254+00:00,Caloocan,"OpenAQ (ground sensor) [fine-tuned, C regularised]",33,"[33.16, 31.44, 27.84, 26.05, 27.0, 27.25, 26.56, 25.98, 26.63, 28.02, 29.0, 27.89, 26.31, 26.37, 26.99, 27.14, 27.06, 26.19, 25.0, 24.56, 24.23, 22.68, 22.12, 22.43]","[41.25, 41.25, 42.52, 38.17, 36.33, 43.3, 37.9, 24.65, 31.6, 39.85, 31.18, 26.64, 30.84, 32.33, 32.33, 34.19, 33.28, 29.75, 30.97, 33.36, 33.94, 33.43, 32.45, 31.04]","[49.55, 47.13, 43.83, 40.53, 38.35, 36.78, 35.12, 34.03, 34.0, 34.19, 34.46, 34.09, 33.6, 33.82, 33.86, 33.61, 33.08, 32.89, 33.2, 33.16, 33.6, 35.1, 35.7, 35.02]","[68.18, 62.41, 58.1, 50.07, 48.09, 44.36, 41.37, 41.54, 38.16, 38.7, 37.83, 39.62, 39.13, 38.72, 40.66, 41.39, 39.85, 39.13, 38.26, 38.84, 38.81, 40.03, 40.79, 38.85]",,,
2026-10-08T11:47:11.482551+00:00,Makati,"OpenAQ (ground sensor) [fine-tuned, C regularised]",33,"[14.47, 15.93, 15.65, 14.8, 13.98, 12.64, 11.38, 10.7, 10.43, 9.95, 10.12, 10.48, 11.65, 13.58, 14.6, 14.31, 13.53, 12.94, 12.56, 11.96, 10.63, 8.88, 8.47, 9.04]","[20.51, 21.45, 23.11, 24.71, 25.5, 24.81, 21.91, 20.03, 21.02, 21.77, 20.72, 21.09, 21.23, 21.43, 22.29, 22.77, 23.53, 23.29, 21.86, 22.42, 24.83, 24.37, 22.12, 20.24]","[28.41, 27.08, 24.6, 21.73, 19.73, 18.96, 19.24, 19.78, 20.43, 20.74, 21.06, 21.35, 21.26, 21.1, 20.87, 20.98, 20.96, 21.26, 21.8, 22.28, 22.68, 23.27, 24.02, 24.46]","[15.78, 16.32, 17.22, 17.81, 18.81, 18.84, 19.24, 19.77, 19.78, 19.68, 19.62, 19.63, 19.35, 19.04, 18.89, 18.59, 17.97, 18.22, 17.4, 17.19, 17.71, 17.42, 17.39, 17.91]",,,
2026-10-08T11:47:12.878068+00:00,Pasig,"OpenAQ (ground sensor) [fine-tuned, C regularised]",37,"[22.99, 22.32, 18.9, 17.05, 18.15, 18.69, 18.01, 17.24, 17.77, 19.59, 21.8, 22.45, 21.65, 21.02, 20.45, 20.31, 20.85, 21.37, 21.15, 19.85, 18.33, 17.14, 17.26, 18.03]","[21.9, 24.09, 23.7, 22.17, 21.27, 21.93, 22.24, 20.86, 20.9, 22.9, 22.94, 20.63, 19.53, 18.95, 18.71, 19.36, 20.1, 19.52, 18.31, 18.76, 19.61, 19.03, 18.66, 20.22]","[31.19, 29.56, 27.83, 26.55, 25.88, 25.63, 25.81, 26.16, 26.51, 26.25, 25.92, 25.76, 25.48, 25.04, 24.39, 24.12, 23.9, 24.28, 25.1, 25.48, 25.7, 26.66, 27.62, 27.79]","[31.84, 30.24, 29.48, 27.87, 26.95, 25.95, 24.9, 25.07, 24.57, 24.65, 24.19, 24.93, 24.99, 24.42, 24.21, 24.36, 24.29, 24.21, 23.84, 23.84, 24.05, 24.33, 24.65, 24.67]",,,
2026-10-08T11:47:12.931271+00:00,Manila,"OpenAQ (ground sensor) [fine-tuned, C regularised]",37,"[24.74, 24.04, 21.01, 19.43, 20.35, 20.71, 19.79, 18.66, 18.36, 19.15, 20.96, 22.48, 22.99, 23.2, 22.72, 22.25, 22.69, 23.51, 23.05, 21.04, 19.15, 18.04, 18.34, 19.46]","[27.22, 36.12, 38.82, 36.27, 34.32, 33.61, 33.38, 33.95, 33.94, 33.6, 33.38, 32.46, 31.43, 30.03, 30.51, 31.81, 32.58, 33.05, 33.68, 33.91, 31.93, 31.52, 32.46, 31.79]","[35.66, 32.08, 29.09, 27.33, 26.65, 26.68, 27.34, 28.28, 29.05, 29.08, 28.54, 27.96, 27.39, 26.91, 26.29, 25.97, 25.8, 26.51, 27.59, 28.15, 28.7, 29.77, 30.6, 30.81]","[35.02, 34.43, 33.65, 32.8, 32.87, 32.11, 31.8, 31.82, 31.22, 31.75, 31.54, 32.27, 32.13, 32.19, 31.27, 32.15, 31.71, 31.38, 30.66, 29.96, 30.38, 30.54, 30.15, 29.98]",,,
2026-10-08T11:47:13.689657+00:00,Pasay,"OpenAQ (ground sensor) [fine-tuned, C regularised]",32,"[26.85, 26.31, 24.77, 23.6, 22.38, 20.42, 19.0, 18.53, 19.03, 19.47, 19.65, 18.8, 18.65, 19.91, 20.69, 20.16, 19.44, 19.01, 18.29, 17.27, 16.42, 15.58, 15.97, 16.77]","[37.72, 35.24, 35.31, 37.25, 36.64, 34.31, 30.1, 25.68, 28.89, 39.67, 40.94, 30.78, 27.5, 33.59, 36.06, 33.61, 33.22, 30.28, 27.67, 32.24, 38.05, 34.94, 30.4, 31.18]","[57.6, 52.68, 47.43, 41.25, 36.41, 33.0, 30.09, 29.42, 29.49, 29.73, 31.14, 32.44, 32.58, 30.33, 28.21, 27.25, 26.86, 27.59, 30.03, 31.5, 31.14, 29.46, 28.26, 28.41]","[81.76, 74.81, 67.25, 55.47, 50.4, 44.72, 41.72, 37.85, 32.15, 32.21, 30.45, 31.08, 28.23, 28.64, 29.4, 30.97, 29.52, 29.65, 27.75, 30.41, 29.29, 32.3, 32.44, 31.68]",,,
2026-10-08T11:47:13.693990+00:00,Mandaluyong,"OpenAQ (ground sensor) [fine-tuned, C regularised]",32,"[18.09, 18.53, 17.73, 16.81, 15.62, 13.53, 11.87, 11.46, 12.23, 13.12, 14.01, 13.71, 13.91, 15.29, 16.15, 15.87, 15.12, 14.52, 13.99, 13.63, 12.92, 11.69, 11.66, 12.26]","[15.18, 15.69, 16.62, 18.0, 19.7, 20.65, 18.81, 18.12, 20.01, 20.05, 17.53, 17.38, 17.07, 17.39, 20.16, 22.03, 20.84, 18.46, 17.67, 19.59, 21.59, 20.24, 16.91, 15.68]","[37.77, 34.67, 29.77, 24.89, 22.07, 21.29, 21.74, 22.24, 22.69, 22.46, 22.62, 23.04, 23.02, 22.99, 22.77, 22.85, 22.85, 23.41, 24.38, 25.06, 25.4, 25.41, 25.41, 25.27]","[28.71, 27.4, 26.89, 25.81, 24.52, 23.62, 22.61, 22.23, 21.47, 21.77, 21.14, 21.61, 21.35, 20.78, 20.62, 20.76, 20.38, 20.12, 19.84, 19.8, 19.95, 20.18, 20.64, 20.59]",,,
2026-10-08T11:47:13.765623+00:00,Navotas,"OpenAQ (ground sensor) [fine-tuned, C regularised]",30,"[19.65, 20.54, 20.77, 20.66, 20.44, 19.46, 18.55, 18.27, 18.58, 19.11, 19.74, 18.98, 18.08, 18.47, 19.0, 18.95, 18.85, 18.23, 17.24, 17.11, 17.38, 16.88, 16.97, 17.15]","[24.77, 24.3, 26.56, 29.79, 29.8, 27.67, 26.16, 26.56, 26.94, 26.3, 24.61, 23.54, 23.12, 23.75, 23.01, 21.06, 24.29, 27.6, 25.54, 25.34, 28.83, 26.71, 22.81, 22.94]","[51.94, 46.73, 38.78, 31.76, 29.6, 31.9, 34.9, 36.7, 36.9, 34.94, 33.25, 32.4, 32.03, 32.44, 32.4, 32.53, 32.74, 34.36, 36.4, 37.3, 37.89, 39.45, 40.34, 39.53]","[55.14, 52.0, 48.26, 42.66, 41.55, 38.88, 38.01, 36.95, 33.99, 35.28, 34.11, 34.23, 33.09, 33.6, 34.01, 35.04, 33.89, 33.54, 32.33, 32.7, 32.29, 33.75, 33.56, 32.18]",,,
2026-10-08T11:47:13.903562+00:00,Manila,"NASA GEOS-CF v2 (S3, live)",27,"[13.37, 14.02, 13.83, 13.66, 13.49, 12.82, 12.54, 12.59, 12.59, 12.33, 12.63, 12.03, 11.82, 12.35, 12.44, 12.19, 12.11, 12.0, 11.83, 11.78, 11.39, 10.58, 10.47, 10.16]","[11.49, 12.04, 13.4, 14.53, 14.29, 13.14, 12.81, 13.55, 14.83, 14.42, 13.44, 14.96, 14.22, 13.21, 13.87, 14.84, 14.44, 13.78, 12.55, 13.26, 15.75, 14.84, 12.56, 10.43]","[29.99, 27.99, 25.06, 21.14, 17.98, 16.59, 15.62, 14.25, 13.67, 13.07, 12.65, 13.18, 13.82, 14.54, 14.83, 15.13, 15.1, 14.79, 14.31, 14.12, 14.58, 15.39, 16.47, 17.3]","[32.71, 31.48, 30.54, 28.06, 26.57, 24.98, 23.32, 22.6, 19.85, 19.94, 18.99, 19.17, 18.34, 18.06, 17.89, 17.27, 16.73, 16.22, 16.51, 15.7, 15.04, 15.1, 15.2, 15.6]",,,
2026-10-08T11:47:15.052759+00:00,San_Juan,"OpenAQ (ground sensor) [fine-tuned, C regularised]",31,"[17.85, 18.5, 17.68, 16.54, 15.47, 13.7, 12.24, 11.86, 12.64, 13.49, 14.28, 13.87, 13.83, 14.97, 15.69, 15.45, 14.9, 14.26, 13.46, 13.06, 12.61, 11.66, 11.84, 12.49]","[14.47, 15.74, 18.13, 19.81, 19.36, 19.0, 18.62, 18.98, 19.8, 19.6, 18.8, 18.77, 18.05, 18.11, 19.3, 19.37, 20.16, 20.47, 19.49, 20.81, 22.5, 19.69, 16.3, 16.35]","[30.91, 30.24, 28.68, 27.28, 26.18, 25.04, 24.17, 23.47, 23.15, 22.6, 22.18, 21.98, 21.62, 21.58, 21.46, 21.87, 22.56, 23.7, 25.2, 26.35, 27.18, 27.91, 28.3, 28.23]","[27.74, 26.7, 25.89, 24.19, 22.84, 21.73, 20.94, 20.61, 19.41, 19.76, 18.76, 19.7, 19.23, 18.72, 18.66, 18.32, 18.11, 18.1, 18.2, 18.33, 18.07, 18.6, 19.49, 19.54]",,,
2026-10-08T11:47:18.686708+00:00,Manila,"NASA GEOS-CF v2 (S3, live)",27,"[13.37, 14.02, 13.83, 13.66, 13.49, 12.82, 12.54, 12.59, 12.59, 12.33, 12.63, 12.03, 11.82, 12.35, 12.44, 12.19, 12.11, 12.0, 11.83, 11.78, 11.39, 10.58, 10.47, 10.16]","[11.49, 12.04, 13.4, 14.53, 14.29, 13.14, 12.81, 13.55, 14.83, 14.42, 13.44, 14.96, 14.22, 13.21, 13.87, 14.84, 14.44, 13.78, 12.55, 13.26, 15.75, 14.84, 12.56, 10.43]","[29.99, 27.99, 25.06, 21.14, 17.98, 16.59, 15.62, 14.25, 13.67, 13.07, 12.65, 13.18, 13.82, 14.54, 14.83, 15.13, 15.1, 14.79, 14.31, 14.12, 14.58, 15.39, 16.47, 17.3]","[32.71, 31.48, 30.54, 28.06, 26.57, 24.98, 23.32, 22.6, 19.85, 19.94, 18.99, 19.17, 18.34, 18.06, 17.89, 17.27, 16.73, 16.22, 16.51, 15.7, 15.04, 15.1, 15.2, 15.6]",,,
2026-10-08T11:47:41.131995+00:00,Manila,"OpenAQ (ground sensor) [fine-tuned, C regularised]",37,"[24.74, 24.04, 21.01, 19.43, 20.35, 20.71, 19.79, 18.66, 18.36, 19.15, 20.96, 22.48, 22.99, 23.2, 22.72, 22.25, 22.69, 23.51, 23.05, 21.04, 19.15, 18.04, 18.34, 19.46]","[27.22, 36.12, 38.82, 36.27, 34.32, 33.61, 33.38, 33.95, 33.94, 33.6, 33.38, 32.46, 31.43, 30.03, 30.51, 31.81, 32.58, 33.05, 33.68, 33.91, 31.93, 31.52, 32.46, 31.79]","[35.66, 32.08, 29.09, 27.33, 26.65, 26.68, 27.34, 28.28, 29.05, 29.08, 28.54, 27.96, 27.39, 26.91, 26.29, 25.97, 25.8, 26.51, 27.59, 28.15, 28.7, 29.77, 30.6, 30.81]","[35.02, 34.43, 33.65, 32.8, 32.87, 32.11, 31.8, 31.82, 31.22, 31.75, 31.54, 32.27, 32.13, 32.19, 31.27, 32.15, 31.71, 31.38, 30.66, 29.96, 30.38, 30.54, 30.15, 29.98]",,,
2026-10-08T11:55:09.697756+00:00,Valenzuela,"OpenAQ (ground sensor) [fine-tuned, C regularised]",30,"[18.5, 18.41, 18.16, 18.2, 17.86, 16.89, 16.0, 15.93, 16.49, 16.88, 17.19, 16.42, 15.67, 16.13, 16.9, 17.2, 17.15, 16.51, 15.9, 15.64, 15.62, 15.29, 15.35, 14.9]","[19.69, 19.72, 20.48, 22.6, 23.94, 23.33, 22.36, 22.69, 23.4, 23.03, 21.5, 20.44, 19.53, 19.84, 20.51, 20.33, 21.96, 23.15, 20.94, 20.33, 23.33, 22.42, 19.02, 19.11]","[44.51, 44.71, 42.81, 39.56, 35.77, 32.26, 29.94, 28.9, 28.89, 28.94, 29.52, 29.91, 29.51, 28.79, 27.8, 27.44, 27.6, 28.4, 30.34, 31.75, 32.17, 31.76, 30.97, 30.6]","[25.23, 24.76, 24.34, 23.12, 23.66, 23.03, 23.18, 23.0, 22.47, 22.7, 22.44, 22.67, 21.86, 22.07, 21.87, 21.85, 20.64, 20.97, 20.06, 20.35, 20.24, 20.33, 20.14, 20.7]",,,
2026-10-08T11:55:10.066140+00:00,Makati,"OpenAQ (ground sensor) [fine-tuned, C regularised]",33,"[14.47, 15.93, 15.65, 14.8, 13.98, 12.64, 11.38, 10.7, 10.43, 9.95, 10.12, 10.48, 11.65, 13.58, 14.6, 14.31, 13.53, 12.94, 12.56, 11.96, 10.63, 8.88, 8.47, 9.04]","[20.51, 21.45, 23.11, 24.71, 25.5, 24.81, 21.91, 20.03, 21.02, 21.77, 20.72, 21.09, 21.23, 21.43, 22.29, 22.77, 23.53, 23.29, 21.86, 22.42, 24.83, 24.37, 22.12, 20.24]","[28.41, 27.08, 24.6, 21.73, 19.73, 18.96, 19.24, 19.78, 20.43, 20.74, 21.06, 21.35, 21.26, 21.1, 20.87, 20.98, 20.96, 21.26, 21.8, 22.28, 22.68, 23.27, 24.02, 24.46]","[15.78, 16.32, 17.22, 17.81, 18.81, 18.84, 19.24, 19.77, 19.78, 19.68, 19.62, 19.63, 19.35, 19.04, 18.89, 18.59, 17.97, 18.22, 17.4, 17.19, 17.71, 17.42, 17.39, 17.91]",,,
2026-10-08T11:55:10.202996+00:00,Caloocan,"OpenAQ (ground sensor) [fine-tuned, C regularised]",33,"[33.16, 31.44, 27.84, 26.05, 27.0, 27.25, 26.56, 25.98, 26.63, 28.02, 29.0, 27.89, 26.31, 26.37, 26.99, 27.14, 27.06, 26.19, 25.0, 24.56, 24.23, 22.68, 22.12, 22.43]","[41.25, 41.25, 42.52, 38.17, 36.33, 43.3, 37.9, 24.65, 31.6, 39.85, 31.18, 26.64, 30.84, 32.33, 32.33, 34.19, 33.28, 29.75, 30.97, 33.36, 33.94, 33.43, 32.45, 31.04]","[49.55, 47.13, 43.83, 40.53, 38.35, 36.78, 35.12, 34.03, 34.0, 34.19, 34.46, 34.09, 33.6, 33.82, 33.86, 33.61, 33.08, 32.89, 33.2, 33.16, 33.6, 35.1, 35.7, 35.02]","[68.18, 62.41, 58.1, 50.07, 48.09, 44.36, 41.37, 41.54, 38.16, 38.7, 37.83, 39.62, 39.13, 38.72, 40.66, 41.39, 39.85, 39.13, 38.26, 38.84, 38.81, 40.03, 40.79, 38.85]",,,
2026-10-08T11:55:10.223083+00:00,Manila,"OpenAQ (ground sensor) [fine-tuned, C regularised]",37,"[24.74, 24.04, 21.01, 19.43, 20.35, 20.71, 19.79, 18.66, 18.36, 19.15, 20.96, 22.48, 22.99, 23.2, 22.72, 22.25, 22.69, 23.51, 23.05, 21.04, 19.15, 18.04, 18.34, 19.46]","[27.22, 36.12, 38.82, 36.27, 34.32, 33.61, 33.38, 33.95, 33.94, 33.6, 33.38, 32.46, 31.43, 30.03, 30.51, 31.81, 32.58, 33.05, 33.68, 33.91, 31.93, 31.52, 32.46, 31.79]","[35.66, 32.08, 29.09, 27.33, 26.65, 26.68, 27.34, 28.28, 29.05, 29.08, 28.54, 27.96, 27.39, 26.91, 26.29, 25.97, 25.8, 26.51, 27.59, 28.15, 28.7, 29.77, 30.6, 30.81]","[35.02, 34.43, 33.65, 32.8, 32.87, 32.11, 31.8, 31.82, 31.22, 31.75, 31.54, 32.27, 32.13, 32.19, 31.27, 32.15, 31.71, 31.38, 30.66, 29.96, 30.38, 30.54, 30.15, 29.98]",,,
2026-10-08T11:55:10.505432+00:00,Pasig,"OpenAQ (ground sensor) [fine-tuned, C regularised]",37,"[22.99, 22.32, 18.9, 17.05, 18.15, 18.69, 18.01, 17.24, 17.77, 19.59, 21.8, 22.45, 21.65, 21.02, 20.45, 20.31, 20.85, 21.37, 21.15, 19.85, 18.33, 17.14, 17.26, 18.03]","[21.9, 24.09, 23.7, 22.17, 21.27, 21.93, 22.24, 20.86, 20.9, 22.9, 22.94, 20.63, 19.53, 18.95, 18.71, 19.36, 20.1, 19.52, 18.31, 18.76, 19.61, 19.03, 18.66, 20.22]","[31.19, 29.56, 27.83, 26.55, 25.88, 25.63, 25.81, 26.16, 26.51, 26.25, 25.92, 25.76, 25.48, 25.04, 24.39, 24.12, 23.9, 24.28, 25.1, 25.48, 25.7, 26.66, 27.62, 27.79]","[31.84, 30.24, 29.48, 27.87, 26.95, 25.95, 24.9, 25.07, 24.57, 24.65, 24.19, 24.93, 24.99, 24.42, 24.21, 24.36, 24.29, 24.21, 23.84, 23.84, 24.05, 24.33, 24.65, 24.67]",,,
2026-10-08T11:55:10.812598+00:00,Quezon_City,"OpenAQ (ground sensor) [fine-tuned, C regularised]",34,"[25.44, 21.7, 17.6, 17.2, 18.96, 19.76, 19.09, 18.33, 18.63, 19.23, 19.65, 19.49, 19.43, 20.71, 22.07, 22.1, 21.39, 21.25, 21.39, 19.94, 17.8, 16.0, 15.74, 16.42]","[21.6, 21.62, 21.64, 22.68, 24.19, 25.36, 24.19, 23.36, 23.03, 21.24, 20.79, 23.03, 23.75, 22.92, 23.07, 21.25, 21.0, 21.47, 20.53, 20.82, 23.43, 24.73, 22.8, 22.31]","[38.59, 38.2, 36.28, 34.0, 32.21, 30.65, 29.03, 28.13, 28.82, 30.4, 31.0, 29.81, 28.42, 28.5, 29.41, 30.09, 30.59, 30.98, 31.29, 31.22, 31.53, 32.23, 32.62, 32.61]","[26.43, 26.12, 25.53, 25.45, 25.71, 25.43, 24.98, 25.2, 25.53, 25.41, 25.64, 25.62, 25.0, 24.82, 25.17, 24.9, 24.77, 25.26, 25.11, 25.04, 25.12, 25.34, 25.52, 25.5]",,,
2026-10-08T11:55:12.717010+00:00,Mandaluyong,"OpenAQ (ground sensor) [fine-tuned, C regularised]",32,"[18.09, 18.53, 17.73, 16.81, 15.62, 13.53, 11.87, 11.46, 12.23, 13.12, 14.01, 13.71, 13.91, 15.29, 16.15, 15.87, 15.12, 14.52, 13.99, 13.63, 12.92, 11.69, 11.66, 12.26]","[15.18, 15.69, 16.62, 18.0, 19.7, 20.65, 18.81, 18.12, 20.01, 20.05, 17.53, 17.38, 17.07, 17.39, 20.16, 22.03, 20.84, 18.46, 17.67, 19.59, 21.59, 20.24, 16.91, 15.68]","[37.77, 34.67, 29.77, 24.89, 22.07, 21.29, 21.74, 22.24, 22.69, 22.46, 22.62, 23.04, 23.02, 22.99, 22.77, 22.85, 22.85, 23.41, 24.38, 25.06, 25.4, 25.41, 25.41, 25.27]","[28.71, 27.4, 26.89, 25.81, 24.52, 23.62, 22.61, 22.23, 21.47, 21.77, 21.14, 21.61, 21.35, 20.78, 20.62, 20.76, 20.38, 20.12, 19.84, 19.8, 19.95, 20.18, 20.64, 20.59]",,,
2026-10-08T11:55:12.974426+00:00,Valenzuela,"OpenAQ (ground sensor) [fine-tuned, C regularised]",30,"[18.5, 18.41, 18.16, 18.2, 17.86, 16.89, 16.0, 15.93, 16.49, 16.88, 17.19, 16.42, 15.67, 16.13, 16.9, 17.2, 17.15, 16.51, 15.9, 15.64, 15.62, 15.29, 15.35, 14.9]","[19.69, 19.72, 20.48, 22.6, 23.94, 23.33, 22.36, 22.69, 23.4, 23.03, 21.5, 20.44, 19.53, 19.84, 20.51, 20.33, 21.96, 23.15, 20.94, 20.33, 23.33, 22.42, 19.02, 19.11]","[44.51, 44.71, 42.81, 39.56, 35.77, 32.26, 29.94, 28.9, 28.89, 28.94, 29.52, 29.91, 29.51, 28.79, 27.8, 27.44, 27.6, 28.4, 30.34, 31.75, 32.17, 31.76, 30.97, 30.6]","[25.23, 24.76, 24.34, 23.12, 23.66, 23.03, 23.18, 23.0, 22.47, 22.7, 22.44, 22.67, 21.86, 22.07, 21.87, 21.85, 20.64, 20.97, 20.06, 20.35, 20.24, 20.33, 20.14, 20.7]",,,
2026-10-08T11:55:13.045619+00:00,Navotas,"OpenAQ (ground sensor) [fine-tuned, C regularised]",30,"[19.65, 20.54, 20.77, 20.66, 20.44, 19.46, 18.55, 18.27, 18.58, 19.11, 19.74, 18.98, 18.08, 18.47, 19.0, 18.95, 18.85, 18.23, 17.24, 17.11, 17.38, 16.88, 16.97, 17.15]","[24.77, 24.3, 26.56, 29.79, 29.8, 27.67, 26.16, 26.56, 26.94, 26.3, 24.61, 23.54, 23.12, 23.75, 23.01, 21.06, 24.29, 27.6, 25.54, 25.34, 28.83, 26.71, 22.81, 22.94]","[51.94, 46.73, 38.78, 31.76, 29.6, 31.9, 34.9, 36.7, 36.9, 34.94, 33.25, 32.4, 32.03, 32.44, 32.4, 32.53, 32.74, 34.36, 36.4, 37.3, 37.89, 39.45, 40.34, 39.53]","[55.14, 52.0, 48.26, 42.66, 41.55, 38.88, 38.01, 36.95, 33.99, 35.28, 34.11, 34.23, 33.09, 33.6, 34.01, 35.04, 33.89, 33.54, 32.33, 32.7, 32.29, 33.75, 33.56, 32.18]",,,
2026-10-08T11:55:13.308416+00:00,Pasay,"OpenAQ (ground sensor) [fine-tuned, C regularised]",32,"[26.85, 26.31, 24.77, 23.6, 22.38, 20.42, 19.0, 18.53, 19.03, 19.47, 19.65, 18.8, 18.65, 19.91, 20.69, 20.16, 19.44, 19.01, 18.29, 17.27, 16.42, 15.58, 15.97, 16.77]","[37.72, 35.24, 35.31, 37.25, 36.64, 34.31, 30.1, 25.68, 28.89, 39.67, 40.94, 30.78, 27.5, 33.59, 36.06, 33.61, 33.22, 30.28, 27.67, 32.24, 38.05, 34.94, 30.4, 31.18]","[57.6, 52.68, 47.43, 41.25, 36.41, 33.0, 30.09, 29.42, 29.49, 29.73, 31.14, 32.44, 32.58, 30.33, 28.21, 27.25, 26.86, 27.59, 30.03, 31.5, 31.14, 29.46, 28.26, 28.41]","[81.76, 74.81, 67.25, 55.47, 50.4, 44.72, 41.72, 37.85, 32.15, 32.21, 30.45, 31.08, 28.23, 28.64, 29.4, 30.97, 29.52, 29.65, 27.75, 30.41, 29.29, 32.3, 32.44, 31.68]",,,
2026-10-08T11:55:13.333219+00:00,San_Juan,"OpenAQ (ground sensor) [fine-tuned, C regularised]",31,"[17.85, 18.5, 17.68, 16.54, 15.47, 13.7, 12.24, 11.86, 12.64, 13.49, 14.28, 13.87, 13.83, 14.97, 15.69, 15.45, 14.9, 14.26, 13.46, 13.06, 12.61, 11.66, 11.84, 12.49]","[14.47, 15.74, 18.13, 19.81, 19.36, 19.0, 18.62, 18.98, 19.8, 19.6, 18.8, 18.77, 18.05, 18.11, 19.3, 19.37, 20.16, 20.47, 19.49, 20.81, 22.5, 19.69, 16.3, 16.35]","[30.91, 30.24, 28.68, 27.28, 26.18, 25.04, 24.17, 23.47, 23.15, 22.6, 22.18, 21.98, 21.62, 21.58, 21.46, 21.87, 22.56, 23.7, 25.2, 26.35, 27.18, 27.91, 28.3, 28.23]","[27.74, 26.7, 25.89, 24.19, 22.84, 21.73, 20.94, 20.61, 19.41, 19.76, 18.76, 19.7, 19.23, 18.72, 18.66, 18.32, 18.11, 18.1, 18.2, 18.33, 18.07, 18.6, 19.49, 19.54]",,,
2026-10-08T11:55:14.952223+00:00,Makati,"OpenAQ (ground sensor) [fine-tuned, C regularised]",33,"[14.47, 15.93, 15.65, 14.8, 13.98, 12.64, 11.38, 10.7, 10.43, 9.95, 10.12, 10.48, 11.65, 13.58, 14.6, 14.31, 13.53, 12.94, 12.56, 11.96, 10.63, 8.88, 8.47, 9.04]","[20.51, 21.45, 23.11, 24.71, 25.5, 24.81, 21.91, 20.03, 21.02, 21.77, 20.72, 21.09, 21.23, 21.43, 22.29, 22.77, 23.53, 23.29, 21.86, 22.42, 24.83, 24.37, 22.12, 20.24]","[28.41, 27.08, 24.6, 21.73, 19.73, 18.96, 19.24, 19.78, 20.43, 20.74, 21.06, 21.35, 21.26, 21.1, 20.87, 20.98, 20.96, 21.26, 21.8, 22.28, 22.68, 23.27, 24.02, 24.46]","[15.78, 16.32, 17.22, 17.81, 18.81, 18.84, 19.24, 19.77, 19.78, 19.68, 19.62, 19.63, 19.35, 19.04, 18.89, 18.59, 17.97, 18.22, 17.4, 17.19, 17.71, 17.42, 17.39, 17.91]",,,
2026-10-08T11:55:15.228965+00:00,Caloocan,"OpenAQ (ground sensor) [fine-tuned, C regularised]",33,"[33.16, 31.44, 27.84, 26.05, 27.0, 27.25, 26.56, 25.98, 26.63, 28.02, 29.0, 27.89, 26.31, 26.37, 26.99, 27.14, 27.06, 26.19, 25.0, 24.56, 24.23, 22.68, 22.12, 22.43]","[41.25, 41.25, 42.52, 38.17, 36.33, 43.3, 37.9, 24.65, 31.6, 39.85, 31.18, 26.64, 30.84, 32.33, 32.33, 34.19, 33.28, 29.75, 30.97, 33.36, 33.94, 33.43, 32.45, 31.04]","[49.55, 47.13, 43.83, 40.53, 38.35, 36.78, 35.12, 34.03, 34.0, 34.19, 34.46, 34.09, 33.6, 33.82, 33.86, 33.61, 33.08, 32.89, 33.2, 33.16, 33.6, 35.1, 35.7, 35.02]","[68.18, 62.41, 58.1, 50.07, 48.09, 44.36, 41.37, 41.54, 38.16, 38.7, 37.83, 39.62, 39.13, 38.72, 40.66, 41.39, 39.85, 39.13, 38.26, 38.84, 38.81, 40.03, 40.79, 38.85]",,,
2026-10-08T11:55:15.652506+00:00,Manila,"OpenAQ (ground sensor) [fine-tuned, C regularised]",37,"[24.74, 24.04, 21.01, 19.43, 20.35, 20.71, 19.79, 18.66, 18.36, 19.15, 20.96, 22.48, 22.99, 23.2, 22.72, 22.25, 22.69, 23.51, 23.05, 21.04, 19.15, 18.04, 18.34, 19.46]","[27.22, 36.12, 38.82, 36.27, 34.32, 33.61, 33.38, 33.95, 33.94, 33.6, 33.38, 32.46, 31.43, 30.03, 30.51, 31.81, 32.58, 33.05, 33.68, 33.91, 31.93, 31.52, 32.46, 31.79]","[35.66, 32.08, 29.09, 27.33, 26.65, 26.68, 27.34, 28.28, 29.05, 29.08, 28.54, 27.96, 27.39, 26.91, 26.29, 25.97, 25.8, 26.51, 27.59, 28.15, 28.7, 29.77, 30.6, 30.81]","[35.02, 34.43, 33.65, 32.8, 32.87, 32.11, 31.8, 31.82, 31.22, 31.75, 31.54, 32.27, 32.13, 32.19, 31.27, 32.15, 31.71, 31.38, 30.66, 29.96, 30.38, 30.54, 30.15, 29.98]",,,
2026-10-08T11:55:15.662962+00:00,Quezon_City,"OpenAQ (ground sensor) [fine-tuned, C regularised]",34,"[25.44, 21.7, 17.6, 17.2, 18.96, 19.76, 19.09, 18.33, 18.63, 19.23, 19.65, 19.49, 19.43, 20.71, 22.07, 22.1, 21.39, 21.25, 21.39, 19.94, 17.8, 16.0, 15.74, 16.42]","[21.6, 21.62, 21.64, 22.68, 24.19, 25.36, 24.19, 23.36, 23.03, 21.24, 20.79, 23.03, 23.75, 22.92, 23.07, 21.25, 21.0, 21.47, 20.53, 20.82, 23.43, 24.73, 22.8, 22.31]","[38.59, 38.2, 36.28, 34.0, 32.21, 30.65, 29.03, 28.13, 28.82, 30.4, 31.0, 29.81, 28.42, 28.5, 29.41, 30.09, 30.59, 30.98, 31.29, 31.22, 31.53, 32.23, 32.62, 32.61]","[26.43, 26.12, 25.53, 25.45, 25.71, 25.43, 24.98, 25.2, 25.53, 25.41, 25.64, 25.62, 25.0, 24.82, 25.17, 24.9, 24.77, 25.26, 25.11, 25.04, 25.12, 25.34, 25.52, 25.5]",,,
2026-10-08T11:55:16.131222+00:00,Pasig,"OpenAQ (ground sensor) [fine-tuned, C regularised]",37,"[22.99, 22.32, 18.9, 17.05, 18.15, 18.69, 18.01, 17.24, 17.77, 19.59, 21.8, 22.45, 21.65, 21.02, 20.45, 20.31, 20.85, 21.37, 21.15, 19.85, 18.33, 17.14, 17.26, 18.03]","[21.9, 24.09, 23.7, 22.17, 21.27, 21.93, 22.24, 20.86, 20.9, 22.9, 22.94, 20.63, 19.53, 18.95, 18.71, 19.36, 20.1, 19.52, 18.31, 18.76, 19.61, 19.03, 18.66, 20.22]","[31.19, 29.56, 27.83, 26.55, 25.88, 25.63, 25.81, 26.16, 26.51, 26.25, 25.92, 25.76, 25.48, 25.04, 24.39, 24.12, 23.9, 24.28, 25.1, 25.48, 25.7, 26.66, 27.62, 27.79]","[31.84, 30.24, 29.48, 27.87, 26.95, 25.95, 24.9, 25.07, 24.57, 24.65, 24.19, 24.93, 24.99, 24.42, 24.21, 24.36, 24.29, 24.21, 23.84, 23.84, 24.05, 24.33, 24.65, 24.67]",,,
2026-10-08T11:55:16.940840+00:00,Manila,"NASA GEOS-CF v2 (S3, live)",27,"[13.37, 14.02, 13.83, 13.66, 13.49, 12.82, 12.54, 12.59, 12.59, 12.33, 12.63, 12.03, 11.82, 12.35, 12.44, 12.19, 12.11, 12.0, 11.83, 11.78, 11.39, 10.58, 10.47, 10.16]","[11.49, 12.04, 13.4, 14.53, 14.29, 13.14, 12.81, 13.55, 14.83, 14.42, 13.44, 14.96, 14.22, 13.21, 13.87, 14.84, 14.44, 13.78, 12.55, 13.26, 15.75, 14.84, 12.56, 10.43]","[29.99, 27.99, 25.06, 21.14, 17.98, 16.59, 15.62, 14.25, 13.67, 13.07, 12.65, 13.18, 13.82, 14.54, 14.83, 15.13, 15.1, 14.79, 14.31, 14.12, 14.58, 15.39, 16.47, 17.3]","[32.71, 31.48, 30.54, 28.06, 26.57, 24.98, 23.32, 22.6, 19.85, 19.94, 18.99, 19.17, 18.34, 18.06, 17.89, 17.27, 16.73, 16.22, 16.51, 15.7, 15.04, 15.1, 15.2, 15.6]",,,
2026-10-08T11:55:17.375906+00:00,Mandaluyong,"OpenAQ (ground sensor) [fine-tuned, C regularised]",32,"[18.09, 18.53, 17.73, 16.81, 15.62, 13.53, 11.87, 11.46, 12.23, 13.12, 14.01, 13.71, 13.91, 15.29, 16.15, 15.87, 15.12, 14.52, 13.99, 13.63, 12.92, 11.69, 11.66, 12.26]","[15.18, 15.69, 16.62, 18.0, 19.7, 20.65, 18.81, 18.12, 20.01, 20.05, 17.53, 17.38, 17.07, 17.39, 20.16, 22.03, 20.84, 18.46, 17.67, 19.59, 21.59, 20.24, 16.91, 15.68]","[37.77, 34.67, 29.77, 24.89, 22.07, 21.29, 21.74, 22.24, 22.69, 22.46, 22.62, 23.04, 23.02, 22.99, 22.77, 22.85, 22.85, 23.41, 24.38, 25.06, 25.4, 25.41, 25.41, 25.27]","[28.71, 27.4, 26.89, 25.81, 24.52, 23.62, 22.61, 22.23, 21.47, 21.77, 21.14, 21.61, 21.35, 20.78, 20.62, 20.76, 20.38, 20.12, 19.84, 19.8, 19.95, 20.18, 20.64, 20.59]",,,
2026-10-08T11:55:17.776426+00:00,Navotas,"OpenAQ (ground sensor) [fine-tuned, C regularised]",30,"[19.65, 20.54, 20.77, 20.66, 20.44, 19.46, 18.55, 18.27, 18.58, 19.11, 19.74, 18.98, 18.08, 18.47, 19.0, 18.95, 18.85, 18.23, 17.24, 17.11, 17.38, 16.88, 16.97, 17.15]","[24.77, 24.3, 26.56, 29.79, 29.8, 27.67, 26.16, 26.56, 26.94, 26.3, 24.61, 23.54, 23.12, 23.75, 23.01, 21.06, 24.29, 27.6, 25.54, 25.34, 28.83, 26.71, 22.81, 22.94]","[51.94, 46.73, 38.78, 31.76, 29.6, 31.9, 34.9, 36.7, 36.9, 34.94, 33.25, 32.4, 32.03, 32.44, 32.4, 32.53, 32.74, 34.36, 36.4, 37.3, 37.89, 39.45, 40.34, 39.53]","[55.14, 52.0, 48.26, 42.66, 41.55, 38.88, 38.01, 36.95, 33.99, 35.28, 34.11, 34.23, 33.09, 33.6, 34.01, 35.04, 33.89, 33.54, 32.33, 32.7, 32.29, 33.75, 33.56, 32.18]",,,
2026-10-08T11:55:18.184526+00:00,Pasay,"OpenAQ (ground sensor) [fine-tuned, C regularised]",32,"[26.85, 26.31, 24.77, 23.6, 22.38, 20.42, 19.0, 18.53, 19.03, 19.47, 19.65, 18.8, 18.65, 19.91, 20.69, 20.16, 19.44, 19.01, 18.29, 17.27, 16.42, 15.58, 15.97, 16.77]","[37.72, 35.24, 35.31, 37.25, 36.64, 34.31, 30.1, 25.68, 28.89, 39.67, 40.94, 30.78, 27.5, 33.59, 36.06, 33.61, 33.22, 30.28, 27.67, 32.24, 38.05, 34.94, 30.4, 31.18]","[57.6, 52.68, 47.43, 41.25, 36.41, 33.0, 30.09, 29.42, 29.49, 29.73, 31.14, 32.44, 32.58, 30.33, 28.21, 27.25, 26.86, 27.59, 30.03, 31.5, 31.14, 29.46, 28.26, 28.41]","[81.76, 74.81, 67.25, 55.47, 50.4, 44.72, 41.72, 37.85, 32.15, 32.21, 30.45, 31.08, 28.23, 28.64, 29.4, 30.97, 29.52, 29.65, 27.75, 30.41, 29.29, 32.3, 32.44, 31.68]",,,
2026-10-08T11:55:18.628346+00:00,San_Juan,"OpenAQ (ground sensor) [fine-tuned, C regularised]",31,"[17.85, 18.5, 17.68, 16.54, 15.47, 13.7, 12.24, 11.86, 12.64, 13.49, 14.28, 13.87, 13.83, 14.97, 15.69, 15.45, 14.9, 14.26, 13.46, 13.06, 12.61, 11.66, 11.84, 12.49]","[14.47, 15.74, 18.13, 19.81, 19.36, 19.0, 18.62, 18.98, 19.8, 19.6, 18.8, 18.77, 18.05, 18.11, 19.3, 19.37, 20.16, 20.47, 19.49, 20.81, 22.5, 19.69, 16.3, 16.35]","[30.91, 30.24, 28.68, 27.28, 26.18, 25.04, 24.17, 23.47, 23.15, 22.6, 22.18, 21.98, 21.62, 21.58, 21.46, 21.87, 22.56, 23.7, 25.2, 26.35, 27.18, 27.91, 28.3, 28.23]","[27.74, 26.7, 25.89, 24.19, 22.84, 21.73, 20.94, 20.61, 19.41, 19.76, 18.76, 19.7, 19.23, 18.72, 18.66, 18.32, 18.11, 18.1, 18.2, 18.33, 18.07, 18.6, 19.49, 19.54]",,,
2026-10-08T11:55:18.710052+00:00,Manila,"OpenAQ (ground sensor) [fine-tuned, C regularised]",37,"[24.74, 24.04, 21.01, 19.43, 20.35, 20.71, 19.79, 18.66, 18.36, 19.15, 20.96, 22.48, 22.99, 23.2, 22.72, 22.25, 22.69, 23.51, 23.05, 21.04, 19.15, 18.04, 18.34, 19.46]","[27.22, 36.12, 38.82, 36.27, 34.32, 33.61, 33.38, 33.95, 33.94, 33.6, 33.38, 32.46, 31.43, 30.03, 30.51, 31.81, 32.58, 33.05, 33.68, 33.91, 31.93, 31.52, 32.46, 31.79]","[35.66, 32.08, 29.09, 27.33, 26.65, 26.68, 27.34, 28.28, 29.05, 29.08, 28.54, 27.96, 27.39, 26.91, 26.29, 25.97, 25.8, 26.51, 27.59, 28.15, 28.7, 29.77, 30.6, 30.81]","[35.02, 34.43, 33.65, 32.8, 32.87, 32.11, 31.8, 31.82, 31.22, 31.75, 31.54, 32.27, 32.13, 32.19, 31.27, 32.15, 31.71, 31.38, 30.66, 29.96, 30.38, 30.54, 30.15, 29.98]",,,
2026-10-08T11:55:22.141931+00:00,Manila,"NASA GEOS-CF v2 (S3, live)",27,"[13.37, 14.02, 13.83, 13.66, 13.49, 12.82, 12.54, 12.59, 12.59, 12.33, 12.63, 12.03, 11.82, 12.35, 12.44, 12.19, 12.11, 12.0, 11.83, 11.78, 11.39, 10.58, 10.47, 10.16]","[11.49, 12.04, 13.4, 14.53, 14.29, 13.14, 12.81, 13.55, 14.83, 14.42, 13.44, 14.96, 14.22, 13.21, 13.87, 14.84, 14.44, 13.78, 12.55, 13.26, 15.75, 14.84, 12.56, 10.43]","[29.99, 27.99, 25.06, 21.14, 17.98, 16.59, 15.62, 14.25, 13.67, 13.07, 12.65, 13.18, 13.82, 14.54, 14.83, 15.13, 15.1, 14.79, 14.31, 14.12, 14.58, 15.39, 16.47, 17.3]","[32.71, 31.48, 30.54, 28.06, 26.57, 24.98, 23.32, 22.6, 19.85, 19.94, 18.99, 19.17, 18.34, 18.06, 17.89, 17.27, 16.73, 16.22, 16.51, 15.7, 15.04, 15.1, 15.2, 15.6]",,,
2026-10-08T11:57:09.812927+00:00,Quezon_City,"OpenAQ (ground sensor) [fine-tuned, C regularised]",34,"[25.44, 21.7, 17.6, 17.2, 18.96, 19.76, 19.09, 18.33, 18.63, 19.23, 19.65, 19.49, 19.43, 20.71, 22.07, 22.1, 21.39, 21.25, 21.39, 19.94, 17.8, 16.0, 15.74, 16.42]","[21.6, 21.62, 21.64, 22.68, 24.19, 25.36, 24.19, 23.36, 23.03, 21.24, 20.79, 23.03, 23.75, 22.92, 23.07, 21.25, 21.0, 21.47, 20.53, 20.82, 23.43, 24.73, 22.8, 22.31]","[38.59, 38.2, 36.28, 34.0, 32.21, 30.65, 29.03, 28.13, 28.82, 30.4, 31.0, 29.81, 28.42, 28.5, 29.41, 30.09, 30.59, 30.98, 31.29, 31.22, 31.53, 32.23, 32.62, 32.61]","[26.43, 26.12, 25.53, 25.45, 25.71, 25.43, 24.98, 25.2, 25.53, 25.41, 25.64, 25.62, 25.0, 24.82, 25.17, 24.9, 24.77, 25.26, 25.11, 25.04, 25.12, 25.34, 25.52, 25.5]",,,
2026-10-08T12:06:40.756367+00:00,Quezon_City,"OpenAQ (ground sensor) [fine-tuned, C regularised]",35,"[28.38, 23.88, 18.96, 18.23, 20.34, 21.55, 21.26, 20.76, 21.32, 22.77, 23.95, 23.8, 22.99, 22.71, 22.24, 21.47, 21.68, 23.08, 23.93, 22.25, 19.9, 17.87, 17.66, 18.27]","[31.82, 30.41, 28.53, 28.12, 28.76, 29.82, 29.43, 28.78, 28.03, 27.19, 27.15, 27.27, 27.48, 28.2, 29.78, 28.64, 27.41, 26.18, 24.77, 25.35, 27.88, 30.04, 29.75, 29.52]","[39.12, 39.42, 36.89, 33.24, 29.82, 27.17, 26.4, 26.82, 27.71, 28.42, 28.67, 27.83, 26.7, 26.62, 27.32, 28.25, 28.57, 28.66, 28.73, 28.52, 28.61, 29.16, 30.31, 31.71]","[37.94, 36.18, 34.65, 32.9, 32.58, 31.86, 30.35, 29.92, 29.44, 29.05, 28.7, 28.96, 28.67, 28.47, 29.15, 29.66, 29.21, 29.33, 29.26, 29.58, 30.5, 30.66, 31.29, 30.62]",,,
2026-10-08T12:06:41.047188+00:00,Makati,"OpenAQ (ground sensor) [fine-tuned, C regularised]",32,"[13.39, 14.69, 14.69, 14.08, 13.2, 11.6, 10.29, 9.91, 10.29, 10.65, 11.17, 10.87, 11.08, 12.32, 13.05, 12.8, 12.27, 11.79, 11.33, 11.06, 10.39, 9.23, 9.11, 9.28]","[16.14, 17.01, 18.25, 19.94, 21.11, 20.66, 18.94, 18.99, 19.84, 19.05, 17.89, 18.88, 18.78, 18.63, 20.14, 21.08, 21.26, 21.25, 20.8, 21.4, 22.82, 22.04, 20.21, 19.22]","[27.16, 26.21, 24.18, 21.84, 20.31, 19.82, 20.13, 20.36, 20.5, 20.21, 20.13, 20.24, 20.04, 20.13, 20.25, 20.64, 21.01, 21.69, 22.43, 22.97, 23.36, 23.8, 24.39, 24.77]","[13.22, 13.83, 14.76, 15.26, 16.48, 16.68, 17.33, 17.4, 17.51, 17.68, 17.4, 17.2, 16.74, 16.65, 16.0, 15.73, 14.85, 14.8, 14.45, 14.37, 14.4, 14.13, 14.1, 14.88]",,,
2026-10-08T12:06:41.067330+00:00,Pasig,"OpenAQ (ground sensor) [fine-tuned, C regularised]",37,"[21.43, 20.15, 16.74, 15.38, 16.79, 17.49, 16.94, 16.4, 17.37, 19.71, 21.75, 21.36, 19.53, 18.62, 18.26, 18.42, 19.4, 20.4, 20.42, 19.1, 17.46, 16.0, 15.99, 16.74]","[20.63, 20.79, 19.39, 18.27, 18.56, 21.38, 22.74, 20.03, 19.38, 22.65, 23.4, 19.66, 18.0, 18.72, 19.09, 18.93, 19.53, 19.2, 18.19, 19.28, 20.62, 19.67, 19.15, 20.55]","[25.98, 24.78, 24.09, 23.83, 23.62, 23.57, 23.77, 24.09, 24.36, 24.02, 23.38, 23.0, 22.78, 22.63, 22.19, 21.8, 21.46, 21.75, 22.78, 23.96, 25.09, 26.13, 26.4, 26.09]","[27.03, 26.28, 26.02, 25.39, 24.97, 24.41, 23.7, 24.06, 23.82, 23.92, 23.6, 23.99, 24.13, 23.54, 23.33, 23.18, 23.17, 22.91, 22.65, 22.4, 22.62, 22.71, 22.72, 22.88]",,,
2026-10-08T12:06:41.089663+00:00,Valenzuela,"OpenAQ (ground sensor) [fine-tuned, C regularised]",31,"[18.67, 19.55, 19.62, 19.3, 18.36, 16.98, 15.86, 15.33, 15.35, 15.45, 15.95, 15.73, 15.79, 16.7, 17.41, 17.46, 17.29, 16.69, 15.94, 15.2, 14.62, 13.85, 13.9, 13.97]","[24.11, 24.06, 23.9, 24.27, 25.7, 26.53, 25.57, 26.15, 28.12, 26.74, 22.69, 22.22, 22.36, 21.42, 21.7, 23.54, 25.05, 24.59, 24.17, 24.81, 25.91, 24.66, 22.28, 21.45]","[37.65, 36.91, 36.09, 35.19, 33.29, 30.68, 28.43, 27.24, 27.25, 27.5, 27.69, 27.45, 26.63, 25.99, 25.99, 26.38, 26.93, 27.69, 28.89, 29.51, 29.56, 28.96, 28.28, 27.95]","[33.13, 31.62, 30.46, 28.34, 28.55, 27.4, 26.42, 26.18, 25.52, 25.82, 25.75, 25.72, 25.18, 25.3, 25.44, 26.44, 25.59, 25.67, 25.36, 26.17, 26.77, 26.72, 26.85, 26.68]",,,
2026-10-08T12:06:41.140395+00:00,Manila,"OpenAQ (ground sensor) [fine-tuned, C regularised]",37,"[24.88, 23.41, 20.56, 19.57, 20.75, 21.18, 20.48, 19.87, 20.25, 21.51, 22.98, 23.36, 22.59, 22.16, 21.92, 21.88, 22.56, 23.48, 23.42, 21.94, 20.28, 18.96, 19.0, 19.8]","[27.78, 35.68, 37.42, 34.65, 32.88, 32.17, 31.92, 32.13, 32.72, 33.87, 33.6, 30.54, 29.2, 29.03, 29.82, 30.88, 31.62, 32.08, 32.66, 33.45, 32.29, 32.49, 34.35, 34.45]","[39.87, 35.68, 31.56, 28.62, 27.04, 26.55, 26.96, 27.7, 28.37, 28.17, 27.62, 27.12, 26.52, 26.16, 25.78, 25.89, 26.18, 27.2, 28.35, 28.85, 29.31, 30.19, 31.05, 31.37]","[34.21, 33.5, 33.02, 31.85, 32.17, 31.43, 30.91, 30.47, 29.57, 29.77, 28.98, 29.49, 29.24, 29.46, 28.6, 29.51, 29.14, 29.14, 28.64, 28.58, 29.61, 29.99, 29.65, 29.75]",,,
2026-10-08T12:06:41.451010+00:00,Caloocan,"OpenAQ (ground sensor) [fine-tuned, C regularised]",34,"[35.97, 32.29, 28.59, 27.75, 29.48, 30.75, 31.36, 31.67, 32.97, 34.94, 35.58, 33.51, 30.48, 29.28, 29.31, 29.86, 30.59, 30.03, 28.42, 27.52, 26.94, 25.91, 26.02, 26.28]","[49.43, 49.09, 52.71, 47.04, 41.87, 49.02, 45.94, 37.45, 47.26, 49.16, 33.64, 34.85, 43.02, 40.61, 37.83, 41.46, 40.93, 34.44, 35.47, 40.47, 43.27, 42.67, 40.29, 37.24]","[72.82, 66.75, 58.98, 50.54, 44.46, 42.2, 41.82, 41.83, 42.16, 42.05, 41.81, 40.25, 38.84, 39.05, 39.32, 39.23, 38.36, 37.8, 37.9, 36.68, 36.2, 38.78, 41.38, 41.73]","[112.86, 103.14, 94.52, 80.49, 73.08, 63.89, 57.56, 53.4, 45.49, 45.67, 43.63, 45.86, 42.93, 41.84, 43.27, 44.77, 43.86, 42.78, 39.96, 43.63, 44.51, 47.55, 48.37, 47.62]",,,
2026-10-08T12:06:42.841787+00:00,Mandaluyong,"OpenAQ (ground sensor) [fine-tuned, C regularised]",33,"[17.58, 16.55, 14.78, 14.27, 14.49, 13.95, 13.27, 13.17, 13.57, 13.67, 13.75, 13.43, 13.58, 14.89, 15.96, 15.91, 15.23, 14.7, 14.42, 13.94, 13.0, 11.81, 11.76, 12.21]","[13.54, 14.45, 15.42, 17.32, 19.68, 20.53, 18.63, 18.15, 19.63, 19.74, 18.08, 18.16, 18.1, 18.83, 21.34, 22.07, 20.36, 18.84, 18.6, 20.24, 21.88, 20.82, 17.97, 17.3]","[23.42, 21.96, 19.78, 17.9, 17.18, 17.34, 17.87, 18.17, 18.48, 18.24, 18.19, 18.5, 18.6, 18.93, 19.06, 19.04, 18.9, 19.27, 20.12, 20.89, 21.23, 21.19, 20.81, 20.08]","[23.77, 23.01, 23.06, 22.65, 22.01, 21.66, 21.17, 21.44, 20.98, 21.71, 21.41, 22.14, 22.24, 21.8, 21.39, 21.32, 20.77, 20.18, 19.84, 19.34, 18.97, 19.05, 19.19, 19.3]",,,
2026-10-08T12:06:43.392632+00:00,San_Juan,"OpenAQ (ground sensor) [fine-tuned, C regularised]",32,"[19.29, 19.15, 17.99, 17.13, 16.53, 15.04, 13.56, 13.22, 14.08, 14.9, 15.45, 14.77, 14.44, 15.53, 16.42, 16.27, 15.74, 15.21, 14.62, 14.15, 13.44, 12.45, 12.66, 13.1]","[19.07, 19.48, 21.02, 22.6, 22.36, 21.88, 21.2, 21.77, 22.52, 21.48, 19.77, 20.08, 20.48, 20.37, 20.61, 19.95, 22.39, 24.96, 22.9, 21.33, 23.29, 21.93, 18.18, 18.42]","[39.3, 36.26, 31.6, 27.12, 24.46, 23.44, 23.61, 23.92, 24.2, 23.67, 23.38, 23.25, 22.81, 22.72, 22.67, 23.26, 23.91, 24.99, 26.19, 26.83, 27.3, 27.92, 28.67, 29.1]","[38.62, 36.74, 34.96, 32.46, 30.12, 28.19, 26.57, 25.29, 23.49, 23.79, 22.51, 23.37, 22.34, 21.79, 21.55, 21.47, 21.08, 20.89, 20.69, 21.04, 21.08, 21.74, 22.38, 22.47]",,,
2026-10-08T12:06:43.405262+00:00,Navotas,"OpenAQ (ground sensor) [fine-tuned, C regularised]",31,"[20.13, 20.86, 20.63, 19.95, 19.44, 18.68, 18.11, 17.89, 18.08, 18.13, 18.25, 17.62, 17.43, 18.11, 18.48, 18.29, 18.29, 18.08, 17.41, 16.87, 16.4, 15.6, 15.72, 15.9]","[25.47, 25.61, 28.72, 30.42, 28.09, 25.93, 24.45, 23.99, 24.72, 24.38, 23.02, 23.04, 23.23, 23.0, 22.56, 21.87, 25.39, 26.82, 23.25, 22.13, 25.36, 24.85, 22.79, 23.41]","[44.63, 40.19, 34.66, 31.03, 30.8, 32.22, 33.41, 33.85, 33.77, 32.96, 32.5, 32.21, 31.72, 31.5, 31.08, 31.03, 30.99, 31.92, 33.51, 34.76, 35.86, 37.32, 38.03, 37.68]","[55.76, 51.79, 47.28, 40.63, 38.97, 36.08, 34.5, 32.9, 30.04, 31.22, 29.56, 30.25, 28.86, 29.35, 30.17, 31.21, 30.02, 30.0, 29.48, 30.55, 29.72, 31.76, 31.85, 30.19]",,,
2026-10-08T12:06:43.411831+00:00,Pasay,"OpenAQ (ground sensor) [fine-tuned, C regularised]",32,"[31.9, 30.23, 28.58, 26.89, 25.0, 23.18, 22.57, 22.73, 23.42, 23.25, 22.35, 20.95, 20.09, 20.41, 20.76, 20.53, 20.12, 19.53, 18.42, 17.06, 16.25, 16.12, 17.33, 18.49]","[47.75, 41.92, 39.8, 42.43, 42.32, 37.26, 30.44, 25.56, 31.34, 47.35, 48.89, 34.66, 30.68, 39.64, 41.92, 38.08, 37.79, 34.16, 28.12, 33.01, 44.74, 40.25, 28.76, 29.46]","[60.52, 54.04, 47.0, 39.42, 34.97, 33.56, 32.3, 31.57, 30.59, 29.54, 29.84, 30.52, 30.6, 28.63, 26.92, 26.56, 26.61, 27.67, 30.79, 33.19, 33.33, 31.48, 29.69, 29.14]","[151.17, 137.01, 120.0, 96.18, 83.03, 67.22, 59.52, 48.85, 35.77, 32.81, 29.01, 29.64, 20.83, 20.4, 20.03, 20.79, 18.53, 17.89, 15.11, 20.22, 19.12, 25.03, 25.94, 27.26]",,,
2026-10-08T12:06:43.444838+00:00,Quezon_City,"OpenAQ (ground sensor) [fine-tuned, C regularised]",35,"[28.38, 23.88, 18.96, 18.23, 20.34, 21.55, 21.26, 20.76, 21.32, 22.77, 23.95, 23.8, 22.99, 22.71, 22.24, 21.47, 21.68, 23.08, 23.93, 22.25, 19.9, 17.87, 17.66, 18.27]","[31.82, 30.41, 28.53, 28.12, 28.76, 29.82, 29.43, 28.78, 28.03, 27.19, 27.15, 27.27, 27.48, 28.2, 29.78, 28.64, 27.41, 26.18, 24.77, 25.35, 27.88, 30.04, 29.75, 29.52]","[39.12, 39.42, 36.89, 33.24, 29.82, 27.17, 26.4, 26.82, 27.71, 28.42, 28.67, 27.83, 26.7, 26.62, 27.32, 28.25, 28.57, 28.66, 28.73, 28.52, 28.61, 29.16, 30.31, 31.71]","[37.94, 36.18, 34.65, 32.9, 32.58, 31.86, 30.35, 29.92, 29.44, 29.05, 28.7, 28.96, 28.67, 28.47, 29.15, 29.66, 29.21, 29.33, 29.26, 29.58, 30.5, 30.66, 31.29, 30.62]",,,
2026-10-08T12:06:45.119251+00:00,Makati,"OpenAQ (ground sensor) [fine-tuned, C regularised]",32,"[13.39, 14.69, 14.69, 14.08, 13.2, 11.6, 10.29, 9.91, 10.29, 10.65, 11.17, 10.87, 11.08, 12.32, 13.05, 12.8, 12.27, 11.79, 11.33, 11.06, 10.39, 9.23, 9.11, 9.28]","[16.14, 17.01, 18.25, 19.94, 21.11, 20.66, 18.94, 18.99, 19.84, 19.05, 17.89, 18.88, 18.78, 18.63, 20.14, 21.08, 21.26, 21.25, 20.8, 21.4, 22.82, 22.04, 20.21, 19.22]","[27.16, 26.21, 24.18, 21.84, 20.31, 19.82, 20.13, 20.36, 20.5, 20.21, 20.13, 20.24, 20.04, 20.13, 20.25, 20.64, 21.01, 21.69, 22.43, 22.97, 23.36, 23.8, 24.39, 24.77]","[13.22, 13.83, 14.76, 15.26, 16.48, 16.68, 17.33, 17.4, 17.51, 17.68, 17.4, 17.2, 16.74, 16.65, 16.0, 15.73, 14.85, 14.8, 14.45, 14.37, 14.4, 14.13, 14.1, 14.88]",,,
2026-10-08T12:06:45.614350+00:00,Manila,"OpenAQ (ground sensor) [fine-tuned, C regularised]",37,"[24.88, 23.41, 20.56, 19.57, 20.75, 21.18, 20.48, 19.87, 20.25, 21.51, 22.98, 23.36, 22.59, 22.16, 21.92, 21.88, 22.56, 23.48, 23.42, 21.94, 20.28, 18.96, 19.0, 19.8]","[27.78, 35.68, 37.42, 34.65, 32.88, 32.17, 31.92, 32.13, 32.72, 33.87, 33.6, 30.54, 29.2, 29.03, 29.82, 30.88, 31.62, 32.08, 32.66, 33.45, 32.29, 32.49, 34.35, 34.45]","[39.87, 35.68, 31.56, 28.62, 27.04, 26.55, 26.96, 27.7, 28.37, 28.17, 27.62, 27.12, 26.52, 26.16, 25.78, 25.89, 26.18, 27.2, 28.35, 28.85, 29.31, 30.19, 31.05, 31.37]","[34.21, 33.5, 33.02, 31.85, 32.17, 31.43, 30.91, 30.47, 29.57, 29.77, 28.98, 29.49, 29.24, 29.46, 28.6, 29.51, 29.14, 29.14, 28.64, 28.58, 29.61, 29.99, 29.65, 29.75]",,,
2026-10-08T12:06:45.715294+00:00,Pasig,"OpenAQ (ground sensor) [fine-tuned, C regularised]",37,"[21.43, 20.15, 16.74, 15.38, 16.79, 17.49, 16.94, 16.4, 17.37, 19.71, 21.75, 21.36, 19.53, 18.62, 18.26, 18.42, 19.4, 20.4, 20.42, 19.1, 17.46, 16.0, 15.99, 16.74]","[20.63, 20.79, 19.39, 18.27, 18.56, 21.38, 22.74, 20.03, 19.38, 22.65, 23.4, 19.66, 18.0, 18.72, 19.09, 18.93, 19.53, 19.2, 18.19, 19.28, 20.62, 19.67, 19.15, 20.55]","[25.98, 24.78, 24.09, 23.83, 23.62, 23.57, 23.77, 24.09, 24.36, 24.02, 23.38, 23.0, 22.78, 22.63, 22.19, 21.8, 21.46, 21.75, 22.78, 23.96, 25.09, 26.13, 26.4, 26.09]","[27.03, 26.28, 26.02, 25.39, 24.97, 24.41, 23.7, 24.06, 23.82, 23.92, 23.6, 23.99, 24.13, 23.54, 23.33, 23.18, 23.17, 22.91, 22.65, 22.4, 22.62, 22.71, 22.72, 22.88]",,,
2026-10-08T12:06:45.742234+00:00,Valenzuela,"OpenAQ (ground sensor) [fine-tuned, C regularised]",31,"[18.67, 19.55, 19.62, 19.3, 18.36, 16.98, 15.86, 15.33, 15.35, 15.45, 15.95, 15.73, 15.79, 16.7, 17.41, 17.46, 17.29, 16.69, 15.94, 15.2, 14.62, 13.85, 13.9, 13.97]","[24.11, 24.06, 23.9, 24.27, 25.7, 26.53, 25.57, 26.15, 28.12, 26.74, 22.69, 22.22, 22.36, 21.42, 21.7, 23.54, 25.05, 24.59, 24.17, 24.81, 25.91, 24.66, 22.28, 21.45]","[37.65, 36.91, 36.09, 35.19, 33.29, 30.68, 28.43, 27.24, 27.25, 27.5, 27.69, 27.45, 26.63, 25.99, 25.99, 26.38, 26.93, 27.69, 28.89, 29.51, 29.56, 28.96, 28.28, 27.95]","[33.13, 31.62, 30.46, 28.34, 28.55, 27.4, 26.42, 26.18, 25.52, 25.82, 25.75, 25.72, 25.18, 25.3, 25.44, 26.44, 25.59, 25.67, 25.36, 26.17, 26.77, 26.72, 26.85, 26.68]",,,
2026-10-08T12:06:45.938532+00:00,Caloocan,"OpenAQ (ground sensor) [fine-tuned, C regularised]",34,"[35.97, 32.29, 28.59, 27.75, 29.48, 30.75, 31.36, 31.67, 32.97, 34.94, 35.58, 33.51, 30.48, 29.28, 29.31, 29.86, 30.59, 30.03, 28.42, 27.52, 26.94, 25.91, 26.02, 26.28]","[49.43, 49.09, 52.71, 47.04, 41.87, 49.02, 45.94, 37.45, 47.26, 49.16, 33.64, 34.85, 43.02, 40.61, 37.83, 41.46, 40.93, 34.44, 35.47, 40.47, 43.27, 42.67, 40.29, 37.24]","[72.82, 66.75, 58.98, 50.54, 44.46, 42.2, 41.82, 41.83, 42.16, 42.05, 41.81, 40.25, 38.84, 39.05, 39.32, 39.23, 38.36, 37.8, 37.9, 36.68, 36.2, 38.78, 41.38, 41.73]","[112.86, 103.14, 94.52, 80.49, 73.08, 63.89, 57.56, 53.4, 45.49, 45.67, 43.63, 45.86, 42.93, 41.84, 43.27, 44.77, 43.86, 42.78, 39.96, 43.63, 44.51, 47.55, 48.37, 47.62]",,,
2026-10-08T12:06:47.318944+00:00,Manila,"NASA GEOS-CF v2 (S3, live)",27,"[13.37, 14.02, 13.83, 13.66, 13.49, 12.82, 12.54, 12.59, 12.59, 12.33, 12.63, 12.03, 11.82, 12.35, 12.44, 12.19, 12.11, 12.0, 11.83, 11.78, 11.39, 10.58, 10.47, 10.16]","[11.49, 12.04, 13.4, 14.53, 14.29, 13.14, 12.81, 13.55, 14.83, 14.42, 13.44, 14.96, 14.22, 13.21, 13.87, 14.84, 14.44, 13.78, 12.55, 13.26, 15.75, 14.84, 12.56, 10.43]","[29.99, 27.99, 25.06, 21.14, 17.98, 16.59, 15.62, 14.25, 13.67, 13.07, 12.65, 13.18, 13.82, 14.54, 14.83, 15.13, 15.1, 14.79, 14.31, 14.12, 14.58, 15.39, 16.47, 17.3]","[32.71, 31.48, 30.54, 28.06, 26.57, 24.98, 23.32, 22.6, 19.85, 19.94, 18.99, 19.17, 18.34, 18.06, 17.89, 17.27, 16.73, 16.22, 16.51, 15.7, 15.04, 15.1, 15.2, 15.6]",,,
2026-10-08T12:06:47.628713+00:00,Pasay,"OpenAQ (ground sensor) [fine-tuned, C regularised]",32,"[31.9, 30.23, 28.58, 26.89, 25.0, 23.18, 22.57, 22.73, 23.42, 23.25, 22.35, 20.95, 20.09, 20.41, 20.76, 20.53, 20.12, 19.53, 18.42, 17.06, 16.25, 16.12, 17.33, 18.49]","[47.75, 41.92, 39.8, 42.43, 42.32, 37.26, 30.44, 25.56, 31.34, 47.35, 48.89, 34.66, 30.68, 39.64, 41.92, 38.08, 37.79, 34.16, 28.12, 33.01, 44.74, 40.25, 28.76, 29.46]","[60.52, 54.04, 47.0, 39.42, 34.97, 33.56, 32.3, 31.57, 30.59, 29.54, 29.84, 30.52, 30.6, 28.63, 26.92, 26.56, 26.61, 27.67, 30.79, 33.19, 33.33, 31.48, 29.69, 29.14]","[151.17, 137.01, 120.0, 96.18, 83.03, 67.22, 59.52, 48.85, 35.77, 32.81, 29.01, 29.64, 20.83, 20.4, 20.03, 20.79, 18.53, 17.89, 15.11, 20.22, 19.12, 25.03, 25.94, 27.26]",,,
2026-10-08T12:06:47.918958+00:00,Navotas,"OpenAQ (ground sensor) [fine-tuned, C regularised]",31,"[20.13, 20.86, 20.63, 19.95, 19.44, 18.68, 18.11, 17.89, 18.08, 18.13, 18.25, 17.62, 17.43, 18.11, 18.48, 18.29, 18.29, 18.08, 17.41, 16.87, 16.4, 15.6, 15.72, 15.9]","[25.47, 25.61, 28.72, 30.42, 28.09, 25.93, 24.45, 23.99, 24.72, 24.38, 23.02, 23.04, 23.23, 23.0, 22.56, 21.87, 25.39, 26.82, 23.25, 22.13, 25.36, 24.85, 22.79, 23.41]","[44.63, 40.19, 34.66, 31.03, 30.8, 32.22, 33.41, 33.85, 33.77, 32.96, 32.5, 32.21, 31.72, 31.5, 31.08, 31.03, 30.99, 31.92, 33.51, 34.76, 35.86, 37.32, 38.03, 37.68]","[55.76, 51.79, 47.28, 40.63, 38.97, 36.08, 34.5, 32.9, 30.04, 31.22, 29.56, 30.25, 28.86, 29.35, 30.17, 31.21, 30.02, 30.0, 29.48, 30.55, 29.72, 31.76, 31.85, 30.19]",,,
2026-10-08T12:06:48.109333+00:00,Mandaluyong,"OpenAQ (ground sensor) [fine-tuned, C regularised]",33,"[17.58, 16.55, 14.78, 14.27, 14.49, 13.95, 13.27, 13.17, 13.57, 13.67, 13.75, 13.43, 13.58, 14.89, 15.96, 15.91, 15.23, 14.7, 14.42, 13.94, 13.0, 11.81, 11.76, 12.21]","[13.54, 14.45, 15.42, 17.32, 19.68, 20.53, 18.63, 18.15, 19.63, 19.74, 18.08, 18.16, 18.1, 18.83, 21.34, 22.07, 20.36, 18.84, 18.6, 20.24, 21.88, 20.82, 17.97, 17.3]","[23.42, 21.96, 19.78, 17.9, 17.18, 17.34, 17.87, 18.17, 18.48, 18.24, 18.19, 18.5, 18.6, 18.93, 19.06, 19.04, 18.9, 19.27, 20.12, 20.89, 21.23, 21.19, 20.81, 20.08]","[23.77, 23.01, 23.06, 22.65, 22.01, 21.66, 21.17, 21.44, 20.98, 21.71, 21.41, 22.14, 22.24, 21.8, 21.39, 21.32, 20.77, 20.18, 19.84, 19.34, 18.97, 19.05, 19.19, 19.3]",,,
2026-10-08T12:06:48.584593+00:00,San_Juan,"OpenAQ (ground sensor) [fine-tuned, C regularised]",32,"[19.29, 19.15, 17.99, 17.13, 16.53, 15.04, 13.56, 13.22, 14.08, 14.9, 15.45, 14.77, 14.44, 15.53, 16.42, 16.27, 15.74, 15.21, 14.62, 14.15, 13.44, 12.45, 12.66, 13.1]","[19.07, 19.48, 21.02, 22.6, 22.36, 21.88, 21.2, 21.77, 22.52, 21.48, 19.77, 20.08, 20.48, 20.37, 20.61, 19.95, 22.39, 24.96, 22.9, 21.33, 23.29, 21.93, 18.18, 18.42]","[39.3, 36.26, 31.6, 27.12, 24.46, 23.44, 23.61, 23.92, 24.2, 23.67, 23.38, 23.25, 22.81, 22.72, 22.67, 23.26, 23.91, 24.99, 26.19, 26.83, 27.3, 27.92, 28.67, 29.1]","[38.62, 36.74, 34.96, 32.46, 30.12, 28.19, 26.57, 25.29, 23.49, 23.79, 22.51, 23.37, 22.34, 21.79, 21.55, 21.47, 21.08, 20.89, 20.69, 21.04, 21.08, 21.74, 22.38, 22.47]",,,
2026-10-08T12:06:52.283033+00:00,Manila,"NASA GEOS-CF v2 (S3, live)",27,"[13.37, 14.02, 13.83, 13.66, 13.49, 12.82, 12.54, 12.59, 12.59, 12.33, 12.63, 12.03, 11.82, 12.35, 12.44, 12.19, 12.11, 12.0, 11.83, 11.78, 11.39, 10.58, 10.47, 10.16]","[11.49, 12.04, 13.4, 14.53, 14.29, 13.14, 12.81, 13.55, 14.83, 14.42, 13.44, 14.96, 14.22, 13.21, 13.87, 14.84, 14.44, 13.78, 12.55, 13.26, 15.75, 14.84, 12.56, 10.43]","[29.99, 27.99, 25.06, 21.14, 17.98, 16.59, 15.62, 14.25, 13.67, 13.07, 12.65, 13.18, 13.82, 14.54, 14.83, 15.13, 15.1, 14.79, 14.31, 14.12, 14.58, 15.39, 16.47, 17.3]","[32.71, 31.48, 30.54, 28.06, 26.57, 24.98, 23.32, 22.6, 19.85, 19.94, 18.99, 19.17, 18.34, 18.06, 17.89, 17.27, 16.73, 16.22, 16.51, 15.7, 15.04, 15.1, 15.2, 15.6]",,,
2026-10-08T12:41:38.687783+00:00,Makati,"OpenAQ (ground sensor) [fine-tuned, C regularised]",32,"[13.39, 14.69, 14.69, 14.08, 13.2, 11.6, 10.29, 9.91, 10.29, 10.65, 11.17, 10.87, 11.08, 12.32, 13.05, 12.8, 12.27, 11.79, 11.33, 11.06, 10.39, 9.23, 9.11, 9.28]","[16.14, 17.01, 18.25, 19.94, 21.11, 20.66, 18.94, 18.99, 19.84, 19.05, 17.89, 18.88, 18.78, 18.63, 20.14, 21.08, 21.26, 21.25, 20.8, 21.4, 22.82, 22.04, 20.21, 19.22]","[27.16, 26.21, 24.18, 21.84, 20.31, 19.82, 20.13, 20.36, 20.5, 20.21, 20.13, 20.24, 20.04, 20.13, 20.25, 20.64, 21.01, 21.69, 22.43, 22.97, 23.36, 23.8, 24.39, 24.77]","[13.22, 13.83, 14.76, 15.26, 16.48, 16.68, 17.33, 17.4, 17.51, 17.68, 17.4, 17.2, 16.74, 16.65, 16.0, 15.73, 14.85, 14.8, 14.45, 14.37, 14.4, 14.13, 14.1, 14.88]",,,
2026-10-08T12:41:38.708073+00:00,Quezon_City,"OpenAQ (ground sensor) [fine-tuned, C regularised]",35,"[28.38, 23.88, 18.96, 18.23, 20.34, 21.55, 21.26, 20.76, 21.32, 22.77, 23.95, 23.8, 22.99, 22.71, 22.24, 21.47, 21.68, 23.08, 23.93, 22.25, 19.9, 17.87, 17.66, 18.27]","[31.82, 30.41, 28.53, 28.12, 28.76, 29.82, 29.43, 28.78, 28.03, 27.19, 27.15, 27.27, 27.48, 28.2, 29.78, 28.64, 27.41, 26.18, 24.77, 25.35, 27.88, 30.04, 29.75, 29.52]","[39.12, 39.42, 36.89, 33.24, 29.82, 27.17, 26.4, 26.82, 27.71, 28.42, 28.67, 27.83, 26.7, 26.62, 27.32, 28.25, 28.57, 28.66, 28.73, 28.52, 28.61, 29.16, 30.31, 31.71]","[37.94, 36.18, 34.65, 32.9, 32.58, 31.86, 30.35, 29.92, 29.44, 29.05, 28.7, 28.96, 28.67, 28.47, 29.15, 29.66, 29.21, 29.33, 29.26, 29.58, 30.5, 30.66, 31.29, 30.62]",,,
2026-10-08T12:41:38.969314+00:00,Caloocan,"OpenAQ (ground sensor) [fine-tuned, C regularised]",34,"[35.97, 32.29, 28.59, 27.75, 29.48, 30.75, 31.36, 31.67, 32.97, 34.94, 35.58, 33.51, 30.48, 29.28, 29.31, 29.86, 30.59, 30.03, 28.42, 27.52, 26.94, 25.91, 26.02, 26.28]","[49.43, 49.09, 52.71, 47.04, 41.87, 49.02, 45.94, 37.45, 47.26, 49.16, 33.64, 34.85, 43.02, 40.61, 37.83, 41.46, 40.93, 34.44, 35.47, 40.47, 43.27, 42.67, 40.29, 37.24]","[72.82, 66.75, 58.98, 50.54, 44.46, 42.2, 41.82, 41.83, 42.16, 42.05, 41.81, 40.25, 38.84, 39.05, 39.32, 39.23, 38.36, 37.8, 37.9, 36.68, 36.2, 38.78, 41.38, 41.73]","[112.86, 103.14, 94.52, 80.49, 73.08, 63.89, 57.56, 53.4, 45.49, 45.67, 43.63, 45.86, 42.93, 41.84, 43.27, 44.77, 43.86, 42.78, 39.96, 43.63, 44.51, 47.55, 48.37, 47.62]",,,
2026-10-08T12:41:39.220964+00:00,Pasig,"OpenAQ (ground sensor) [fine-tuned, C regularised]",37,"[21.43, 20.15, 16.74, 15.38, 16.79, 17.49, 16.94, 16.4, 17.37, 19.71, 21.75, 21.36, 19.53, 18.62, 18.26, 18.42, 19.4, 20.4, 20.42, 19.1, 17.46, 16.0, 15.99, 16.74]","[20.63, 20.79, 19.39, 18.27, 18.56, 21.38, 22.74, 20.03, 19.38, 22.65, 23.4, 19.66, 18.0, 18.72, 19.09, 18.93, 19.53, 19.2, 18.19, 19.28, 20.62, 19.67, 19.15, 20.55]","[25.98, 24.78, 24.09, 23.83, 23.62, 23.57, 23.77, 24.09, 24.36, 24.02, 23.38, 23.0, 22.78, 22.63, 22.19, 21.8, 21.46, 21.75, 22.78, 23.96, 25.09, 26.13, 26.4, 26.09]","[27.03, 26.28, 26.02, 25.39, 24.97, 24.41, 23.7, 24.06, 23.82, 23.92, 23.6, 23.99, 24.13, 23.54, 23.33, 23.18, 23.17, 22.91, 22.65, 22.4, 22.62, 22.71, 22.72, 22.88]",,,
2026-10-08T12:41:39.479608+00:00,Valenzuela,"OpenAQ (ground sensor) [fine-tuned, C regularised]",31,"[18.67, 19.55, 19.62, 19.3, 18.36, 16.98, 15.86, 15.33, 15.35, 15.45, 15.95, 15.73, 15.79, 16.7, 17.41, 17.46, 17.29, 16.69, 15.94, 15.2, 14.62, 13.85, 13.9, 13.97]","[24.11, 24.06, 23.9, 24.27, 25.7, 26.53, 25.57, 26.15, 28.12, 26.74, 22.69, 22.22, 22.36, 21.42, 21.7, 23.54, 25.05, 24.59, 24.17, 24.81, 25.91, 24.66, 22.28, 21.45]","[37.65, 36.91, 36.09, 35.19, 33.29, 30.68, 28.43, 27.24, 27.25, 27.5, 27.69, 27.45, 26.63, 25.99, 25.99, 26.38, 26.93, 27.69, 28.89, 29.51, 29.56, 28.96, 28.28, 27.95]","[33.13, 31.62, 30.46, 28.34, 28.55, 27.4, 26.42, 26.18, 25.52, 25.82, 25.75, 25.72, 25.18, 25.3, 25.44, 26.44, 25.59, 25.67, 25.36, 26.17, 26.77, 26.72, 26.85, 26.68]",,,
2026-10-08T12:41:40.898311+00:00,Manila,"OpenAQ (ground sensor) [fine-tuned, C regularised]",37,"[24.88, 23.41, 20.56, 19.57, 20.75, 21.18, 20.48, 19.87, 20.25, 21.51, 22.98, 23.36, 22.59, 22.16, 21.92, 21.88, 22.56, 23.48, 23.42, 21.94, 20.28, 18.96, 19.0, 19.8]","[27.78, 35.68, 37.42, 34.65, 32.88, 32.17, 31.92, 32.13, 32.72, 33.87, 33.6, 30.54, 29.2, 29.03, 29.82, 30.88, 31.62, 32.08, 32.66, 33.45, 32.29, 32.49, 34.35, 34.45]","[39.87, 35.68, 31.56, 28.62, 27.04, 26.55, 26.96, 27.7, 28.37, 28.17, 27.62, 27.12, 26.52, 26.16, 25.78, 25.89, 26.18, 27.2, 28.35, 28.85, 29.31, 30.19, 31.05, 31.37]","[34.21, 33.5, 33.02, 31.85, 32.17, 31.43, 30.91, 30.47, 29.57, 29.77, 28.98, 29.49, 29.24, 29.46, 28.6, 29.51, 29.14, 29.14, 28.64, 28.58, 29.61, 29.99, 29.65, 29.75]",,,
2026-10-08T12:41:40.919568+00:00,Mandaluyong,"OpenAQ (ground sensor) [fine-tuned, C regularised]",33,"[17.58, 16.55, 14.78, 14.27, 14.49, 13.95, 13.27, 13.17, 13.57, 13.67, 13.75, 13.43, 13.58, 14.89, 15.96, 15.91, 15.23, 14.7, 14.42, 13.94, 13.0, 11.81, 11.76, 12.21]","[13.54, 14.45, 15.42, 17.32, 19.68, 20.53, 18.63, 18.15, 19.63, 19.74, 18.08, 18.16, 18.1, 18.83, 21.34, 22.07, 20.36, 18.84, 18.6, 20.24, 21.88, 20.82, 17.97, 17.3]","[23.42, 21.96, 19.78, 17.9, 17.18, 17.34, 17.87, 18.17, 18.48, 18.24, 18.19, 18.5, 18.6, 18.93, 19.06, 19.04, 18.9, 19.27, 20.12, 20.89, 21.23, 21.19, 20.81, 20.08]","[23.77, 23.01, 23.06, 22.65, 22.01, 21.66, 21.17, 21.44, 20.98, 21.71, 21.41, 22.14, 22.24, 21.8, 21.39, 21.32, 20.77, 20.18, 19.84, 19.34, 18.97, 19.05, 19.19, 19.3]",,,
2026-10-08T12:41:41.183850+00:00,Navotas,"OpenAQ (ground sensor) [fine-tuned, C regularised]",31,"[20.13, 20.86, 20.63, 19.95, 19.44, 18.68, 18.11, 17.89, 18.08, 18.13, 18.25, 17.62, 17.43, 18.11, 18.48, 18.29, 18.29, 18.08, 17.41, 16.87, 16.4, 15.6, 15.72, 15.9]","[25.47, 25.61, 28.72, 30.42, 28.09, 25.93, 24.45, 23.99, 24.72, 24.38, 23.02, 23.04, 23.23, 23.0, 22.56, 21.87, 25.39, 26.82, 23.25, 22.13, 25.36, 24.85, 22.79, 23.41]","[44.63, 40.19, 34.66, 31.03, 30.8, 32.22, 33.41, 33.85, 33.77, 32.96, 32.5, 32.21, 31.72, 31.5, 31.08, 31.03, 30.99, 31.92, 33.51, 34.76, 35.86, 37.32, 38.03, 37.68]","[55.76, 51.79, 47.28, 40.63, 38.97, 36.08, 34.5, 32.9, 30.04, 31.22, 29.56, 30.25, 28.86, 29.35, 30.17, 31.21, 30.02, 30.0, 29.48, 30.55, 29.72, 31.76, 31.85, 30.19]",,,
2026-10-08T12:41:41.193748+00:00,Pasay,"OpenAQ (ground sensor) [fine-tuned, C regularised]",32,"[31.9, 30.23, 28.58, 26.89, 25.0, 23.18, 22.57, 22.73, 23.42, 23.25, 22.35, 20.95, 20.09, 20.41, 20.76, 20.53, 20.12, 19.53, 18.42, 17.06, 16.25, 16.12, 17.33, 18.49]","[47.75, 41.92, 39.8, 42.43, 42.32, 37.26, 30.44, 25.56, 31.34, 47.35, 48.89, 34.66, 30.68, 39.64, 41.92, 38.08, 37.79, 34.16, 28.12, 33.01, 44.74, 40.25, 28.76, 29.46]","[60.52, 54.04, 47.0, 39.42, 34.97, 33.56, 32.3, 31.57, 30.59, 29.54, 29.84, 30.52, 30.6, 28.63, 26.92, 26.56, 26.61, 27.67, 30.79, 33.19, 33.33, 31.48, 29.69, 29.14]","[151.17, 137.01, 120.0, 96.18, 83.03, 67.22, 59.52, 48.85, 35.77, 32.81, 29.01, 29.64, 20.83, 20.4, 20.03, 20.79, 18.53, 17.89, 15.11, 20.22, 19.12, 25.03, 25.94, 27.26]",,,
2026-10-08T12:41:41.521976+00:00,San_Juan,"OpenAQ (ground sensor) [fine-tuned, C regularised]",32,"[19.29, 19.15, 17.99, 17.13, 16.53, 15.04, 13.56, 13.22, 14.08, 14.9, 15.45, 14.77, 14.44, 15.53, 16.42, 16.27, 15.74, 15.21, 14.62, 14.15, 13.44, 12.45, 12.66, 13.1]","[19.07, 19.48, 21.02, 22.6, 22.36, 21.88, 21.2, 21.77, 22.52, 21.48, 19.77, 20.08, 20.48, 20.37, 20.61, 19.95, 22.39, 24.96, 22.9, 21.33, 23.29, 21.93, 18.18, 18.42]","[39.3, 36.26, 31.6, 27.12, 24.46, 23.44, 23.61, 23.92, 24.2, 23.67, 23.38, 23.25, 22.81, 22.72, 22.67, 23.26, 23.91, 24.99, 26.19, 26.83, 27.3, 27.92, 28.67, 29.1]","[38.62, 36.74, 34.96, 32.46, 30.12, 28.19, 26.57, 25.29, 23.49, 23.79, 22.51, 23.37, 22.34, 21.79, 21.55, 21.47, 21.08, 20.89, 20.69, 21.04, 21.08, 21.74, 22.38, 22.47]",,,
2026-10-08T12:41:42.731755+00:00,Makati,"OpenAQ (ground sensor) [fine-tuned, C regularised]",32,"[13.39, 14.69, 14.69, 14.08, 13.2, 11.6, 10.29, 9.91, 10.29, 10.65, 11.17, 10.87, 11.08, 12.32, 13.05, 12.8, 12.27, 11.79, 11.33, 11.06, 10.39, 9.23, 9.11, 9.28]","[16.14, 17.01, 18.25, 19.94, 21.11, 20.66, 18.94, 18.99, 19.84, 19.05, 17.89, 18.88, 18.78, 18.63, 20.14, 21.08, 21.26, 21.25, 20.8, 21.4, 22.82, 22.04, 20.21, 19.22]","[27.16, 26.21, 24.18, 21.84, 20.31, 19.82, 20.13, 20.36, 20.5, 20.21, 20.13, 20.24, 20.04, 20.13, 20.25, 20.64, 21.01, 21.69, 22.43, 22.97, 23.36, 23.8, 24.39, 24.77]","[13.22, 13.83, 14.76, 15.26, 16.48, 16.68, 17.33, 17.4, 17.51, 17.68, 17.4, 17.2, 16.74, 16.65, 16.0, 15.73, 14.85, 14.8, 14.45, 14.37, 14.4, 14.13, 14.1, 14.88]",,,
2026-10-08T12:41:42.742875+00:00,Quezon_City,"OpenAQ (ground sensor) [fine-tuned, C regularised]",35,"[28.38, 23.88, 18.96, 18.23, 20.34, 21.55, 21.26, 20.76, 21.32, 22.77, 23.95, 23.8, 22.99, 22.71, 22.24, 21.47, 21.68, 23.08, 23.93, 22.25, 19.9, 17.87, 17.66, 18.27]","[31.82, 30.41, 28.53, 28.12, 28.76, 29.82, 29.43, 28.78, 28.03, 27.19, 27.15, 27.27, 27.48, 28.2, 29.78, 28.64, 27.41, 26.18, 24.77, 25.35, 27.88, 30.04, 29.75, 29.52]","[39.12, 39.42, 36.89, 33.24, 29.82, 27.17, 26.4, 26.82, 27.71, 28.42, 28.67, 27.83, 26.7, 26.62, 27.32, 28.25, 28.57, 28.66, 28.73, 28.52, 28.61, 29.16, 30.31, 31.71]","[37.94, 36.18, 34.65, 32.9, 32.58, 31.86, 30.35, 29.92, 29.44, 29.05, 28.7, 28.96, 28.67, 28.47, 29.15, 29.66, 29.21, 29.33, 29.26, 29.58, 30.5, 30.66, 31.29, 30.62]",,,
2026-10-08T12:41:43.056799+00:00,Caloocan,"OpenAQ (ground sensor) [fine-tuned, C regularised]",34,"[35.97, 32.29, 28.59, 27.75, 29.48, 30.75, 31.36, 31.67, 32.97, 34.94, 35.58, 33.51, 30.48, 29.28, 29.31, 29.86, 30.59, 30.03, 28.42, 27.52, 26.94, 25.91, 26.02, 26.28]","[49.43, 49.09, 52.71, 47.04, 41.87, 49.02, 45.94, 37.45, 47.26, 49.16, 33.64, 34.85, 43.02, 40.61, 37.83, 41.46, 40.93, 34.44, 35.47, 40.47, 43.27, 42.67, 40.29, 37.24]","[72.82, 66.75, 58.98, 50.54, 44.46, 42.2, 41.82, 41.83, 42.16, 42.05, 41.81, 40.25, 38.84, 39.05, 39.32, 39.23, 38.36, 37.8, 37.9, 36.68, 36.2, 38.78, 41.38, 41.73]","[112.86, 103.14, 94.52, 80.49, 73.08, 63.89, 57.56, 53.4, 45.49, 45.67, 43.63, 45.86, 42.93, 41.84, 43.27, 44.77, 43.86, 42.78, 39.96, 43.63, 44.51, 47.55, 48.37, 47.62]",,,
2026-10-08T12:41:43.278338+00:00,Pasig,"OpenAQ (ground sensor) [fine-tuned, C regularised]",37,"[21.43, 20.15, 16.74, 15.38, 16.79, 17.49, 16.94, 16.4, 17.37, 19.71, 21.75, 21.36, 19.53, 18.62, 18.26, 18.42, 19.4, 20.4, 20.42, 19.1, 17.46, 16.0, 15.99, 16.74]","[20.63, 20.79, 19.39, 18.27, 18.56, 21.38, 22.74, 20.03, 19.38, 22.65, 23.4, 19.66, 18.0, 18.72, 19.09, 18.93, 19.53, 19.2, 18.19, 19.28, 20.62, 19.67, 19.15, 20.55]","[25.98, 24.78, 24.09, 23.83, 23.62, 23.57, 23.77, 24.09, 24.36, 24.02, 23.38, 23.0, 22.78, 22.63, 22.19, 21.8, 21.46, 21.75, 22.78, 23.96, 25.09, 26.13, 26.4, 26.09]","[27.03, 26.28, 26.02, 25.39, 24.97, 24.41, 23.7, 24.06, 23.82, 23.92, 23.6, 23.99, 24.13, 23.54, 23.33, 23.18, 23.17, 22.91, 22.65, 22.4, 22.62, 22.71, 22.72, 22.88]",,,
2026-10-08T12:41:43.402498+00:00,Valenzuela,"OpenAQ (ground sensor) [fine-tuned, C regularised]",31,"[18.67, 19.55, 19.62, 19.3, 18.36, 16.98, 15.86, 15.33, 15.35, 15.45, 15.95, 15.73, 15.79, 16.7, 17.41, 17.46, 17.29, 16.69, 15.94, 15.2, 14.62, 13.85, 13.9, 13.97]","[24.11, 24.06, 23.9, 24.27, 25.7, 26.53, 25.57, 26.15, 28.12, 26.74, 22.69, 22.22, 22.36, 21.42, 21.7, 23.54, 25.05, 24.59, 24.17, 24.81, 25.91, 24.66, 22.28, 21.45]","[37.65, 36.91, 36.09, 35.19, 33.29, 30.68, 28.43, 27.24, 27.25, 27.5, 27.69, 27.45, 26.63, 25.99, 25.99, 26.38, 26.93, 27.69, 28.89, 29.51, 29.56, 28.96, 28.28, 27.95]","[33.13, 31.62, 30.46, 28.34, 28.55, 27.4, 26.42, 26.18, 25.52, 25.82, 25.75, 25.72, 25.18, 25.3, 25.44, 26.44, 25.59, 25.67, 25.36, 26.17, 26.77, 26.72, 26.85, 26.68]",,,
2026-10-08T12:41:44.580800+00:00,Mandaluyong,"OpenAQ (ground sensor) [fine-tuned, C regularised]",33,"[17.58, 16.55, 14.78, 14.27, 14.49, 13.95, 13.27, 13.17, 13.57, 13.67, 13.75, 13.43, 13.58, 14.89, 15.96, 15.91, 15.23, 14.7, 14.42, 13.94, 13.0, 11.81, 11.76, 12.21]","[13.54, 14.45, 15.42, 17.32, 19.68, 20.53, 18.63, 18.15, 19.63, 19.74, 18.08, 18.16, 18.1, 18.83, 21.34, 22.07, 20.36, 18.84, 18.6, 20.24, 21.88, 20.82, 17.97, 17.3]","[23.42, 21.96, 19.78, 17.9, 17.18, 17.34, 17.87, 18.17, 18.48, 18.24, 18.19, 18.5, 18.6, 18.93, 19.06, 19.04, 18.9, 19.27, 20.12, 20.89, 21.23, 21.19, 20.81, 20.08]","[23.77, 23.01, 23.06, 22.65, 22.01, 21.66, 21.17, 21.44, 20.98, 21.71, 21.41, 22.14, 22.24, 21.8, 21.39, 21.32, 20.77, 20.18, 19.84, 19.34, 18.97, 19.05, 19.19, 19.3]",,,
2026-10-08T12:41:44.787437+00:00,Navotas,"OpenAQ (ground sensor) [fine-tuned, C regularised]",31,"[20.13, 20.86, 20.63, 19.95, 19.44, 18.68, 18.11, 17.89, 18.08, 18.13, 18.25, 17.62, 17.43, 18.11, 18.48, 18.29, 18.29, 18.08, 17.41, 16.87, 16.4, 15.6, 15.72, 15.9]","[25.47, 25.61, 28.72, 30.42, 28.09, 25.93, 24.45, 23.99, 24.72, 24.38, 23.02, 23.04, 23.23, 23.0, 22.56, 21.87, 25.39, 26.82, 23.25, 22.13, 25.36, 24.85, 22.79, 23.41]","[44.63, 40.19, 34.66, 31.03, 30.8, 32.22, 33.41, 33.85, 33.77, 32.96, 32.5, 32.21, 31.72, 31.5, 31.08, 31.03, 30.99, 31.92, 33.51, 34.76, 35.86, 37.32, 38.03, 37.68]","[55.76, 51.79, 47.28, 40.63, 38.97, 36.08, 34.5, 32.9, 30.04, 31.22, 29.56, 30.25, 28.86, 29.35, 30.17, 31.21, 30.02, 30.0, 29.48, 30.55, 29.72, 31.76, 31.85, 30.19]",,,
2026-10-08T12:41:45.416628+00:00,Manila,"OpenAQ (ground sensor) [fine-tuned, C regularised]",37,"[24.88, 23.41, 20.56, 19.57, 20.75, 21.18, 20.48, 19.87, 20.25, 21.51, 22.98, 23.36, 22.59, 22.16, 21.92, 21.88, 22.56, 23.48, 23.42, 21.94, 20.28, 18.96, 19.0, 19.8]","[27.78, 35.68, 37.42, 34.65, 32.88, 32.17, 31.92, 32.13, 32.72, 33.87, 33.6, 30.54, 29.2, 29.03, 29.82, 30.88, 31.62, 32.08, 32.66, 33.45, 32.29, 32.49, 34.35, 34.45]","[39.87, 35.68, 31.56, 28.62, 27.04, 26.55, 26.96, 27.7, 28.37, 28.17, 27.62, 27.12, 26.52, 26.16, 25.78, 25.89, 26.18, 27.2, 28.35, 28.85, 29.31, 30.19, 31.05, 31.37]","[34.21, 33.5, 33.02, 31.85, 32.17, 31.43, 30.91, 30.47, 29.57, 29.77, 28.98, 29.49, 29.24, 29.46, 28.6, 29.51, 29.14, 29.14, 28.64, 28.58, 29.61, 29.99, 29.65, 29.75]",,,
2026-10-08T12:41:45.508103+00:00,San_Juan,"OpenAQ (ground sensor) [fine-tuned, C regularised]",32,"[19.29, 19.15, 17.99, 17.13, 16.53, 15.04, 13.56, 13.22, 14.08, 14.9, 15.45, 14.77, 14.44, 15.53, 16.42, 16.27, 15.74, 15.21, 14.62, 14.15, 13.44, 12.45, 12.66, 13.1]","[19.07, 19.48, 21.02, 22.6, 22.36, 21.88, 21.2, 21.77, 22.52, 21.48, 19.77, 20.08, 20.48, 20.37, 20.61, 19.95, 22.39, 24.96, 22.9, 21.33, 23.29, 21.93, 18.18, 18.42]","[39.3, 36.26, 31.6, 27.12, 24.46, 23.44, 23.61, 23.92, 24.2, 23.67, 23.38, 23.25, 22.81, 22.72, 22.67, 23.26, 23.91, 24.99, 26.19, 26.83, 27.3, 27.92, 28.67, 29.1]","[38.62, 36.74, 34.96, 32.46, 30.12, 28.19, 26.57, 25.29, 23.49, 23.79, 22.51, 23.37, 22.34, 21.79, 21.55, 21.47, 21.08, 20.89, 20.69, 21.04, 21.08, 21.74, 22.38, 22.47]",,,
2026-10-08T12:41:45.835587+00:00,Pasay,"OpenAQ (ground sensor) [fine-tuned, C regularised]",32,"[31.9, 30.23, 28.58, 26.89, 25.0, 23.18, 22.57, 22.73, 23.42, 23.25, 22.35, 20.95, 20.09, 20.41, 20.76, 20.53, 20.12, 19.53, 18.42, 17.06, 16.25, 16.12, 17.33, 18.49]","[47.75, 41.92, 39.8, 42.43, 42.32, 37.26, 30.44, 25.56, 31.34, 47.35, 48.89, 34.66, 30.68, 39.64, 41.92, 38.08, 37.79, 34.16, 28.12, 33.01, 44.74, 40.25, 28.76, 29.46]","[60.52, 54.04, 47.0, 39.42, 34.97, 33.56, 32.3, 31.57, 30.59, 29.54, 29.84, 30.52, 30.6, 28.63, 26.92, 26.56, 26.61, 27.67, 30.79, 33.19, 33.33, 31.48, 29.69, 29.14]","[151.17, 137.01, 120.0, 96.18, 83.03, 67.22, 59.52, 48.85, 35.77, 32.81, 29.01, 29.64, 20.83, 20.4, 20.03, 20.79, 18.53, 17.89, 15.11, 20.22, 19.12, 25.03, 25.94, 27.26]",,,
2026-10-08T12:41:46.689435+00:00,Manila,"NASA GEOS-CF v2 (S3, live)",28,"[13.56, 14.23, 14.1, 13.95, 13.8, 13.11, 12.79, 12.77, 12.71, 12.49, 12.84, 12.26, 12.03, 12.56, 12.62, 12.33, 12.26, 12.16, 11.93, 11.89, 11.55, 10.73, 10.56, 10.2]","[11.48, 12.14, 13.45, 14.62, 14.57, 13.5, 13.15, 13.72, 14.75, 14.49, 13.81, 15.14, 14.25, 13.23, 13.82, 14.84, 14.52, 13.79, 12.62, 13.4, 15.68, 14.72, 12.69, 10.68]","[30.22, 28.5, 25.88, 22.01, 18.67, 17.02, 15.88, 14.52, 14.17, 13.84, 13.43, 13.78, 14.22, 14.64, 14.63, 14.75, 14.62, 14.41, 14.19, 14.21, 14.81, 15.71, 16.84, 17.81]","[33.06, 31.94, 31.05, 28.72, 27.28, 25.71, 24.06, 23.33, 20.59, 20.66, 19.79, 19.91, 19.1, 18.77, 18.51, 17.88, 17.3, 16.72, 16.95, 16.02, 15.36, 15.37, 15.38, 15.78]",,,
2026-10-08T12:41:51.376710+00:00,Manila,"NASA GEOS-CF v2 (S3, live)",28,"[13.56, 14.23, 14.1, 13.95, 13.8, 13.11, 12.79, 12.77, 12.71, 12.49, 12.84, 12.26, 12.03, 12.56, 12.62, 12.33, 12.26, 12.16, 11.93, 11.89, 11.55, 10.73, 10.56, 10.2]","[11.48, 12.14, 13.45, 14.62, 14.57, 13.5, 13.15, 13.72, 14.75, 14.49, 13.81, 15.14, 14.25, 13.23, 13.82, 14.84, 14.52, 13.79, 12.62, 13.4, 15.68, 14.72, 12.69, 10.68]","[30.22, 28.5, 25.88, 22.01, 18.67, 17.02, 15.88, 14.52, 14.17, 13.84, 13.43, 13.78, 14.22, 14.64, 14.63, 14.75, 14.62, 14.41, 14.19, 14.21, 14.81, 15.71, 16.84, 17.81]","[33.06, 31.94, 31.05, 28.72, 27.28, 25.71, 24.06, 23.33, 20.59, 20.66, 19.79, 19.91, 19.1, 18.77, 18.51, 17.88, 17.3, 16.72, 16.95, 16.02, 15.36, 15.37, 15.38, 15.78]",,,
2026-10-08T12:41:57.461523+00:00,Manila,"OpenAQ (ground sensor) [fine-tuned, C regularised]",37,"[24.88, 23.41, 20.56, 19.57, 20.75, 21.18, 20.48, 19.87, 20.25, 21.51, 22.98, 23.36, 22.59, 22.16, 21.92, 21.88, 22.56, 23.48, 23.42, 21.94, 20.28, 18.96, 19.0, 19.8]","[27.78, 35.68, 37.42, 34.65, 32.88, 32.17, 31.92, 32.13, 32.72, 33.87, 33.6, 30.54, 29.2, 29.03, 29.82, 30.88, 31.62, 32.08, 32.66, 33.45, 32.29, 32.49, 34.35, 34.45]","[39.87, 35.68, 31.56, 28.62, 27.04, 26.55, 26.96, 27.7, 28.37, 28.17, 27.62, 27.12, 26.52, 26.16, 25.78, 25.89, 26.18, 27.2, 28.35, 28.85, 29.31, 30.19, 31.05, 31.37]","[34.21, 33.5, 33.02, 31.85, 32.17, 31.43, 30.91, 30.47, 29.57, 29.77, 28.98, 29.49, 29.24, 29.46, 28.6, 29.51, 29.14, 29.14, 28.64, 28.58, 29.61, 29.99, 29.65, 29.75]",,,
2026-10-08T12:42:02.312851+00:00,Valenzuela,"OpenAQ (ground sensor) [fine-tuned, C regularised]",31,"[18.67, 19.55, 19.62, 19.3, 18.36, 16.98, 15.86, 15.33, 15.35, 15.45, 15.95, 15.73, 15.79, 16.7, 17.41, 17.46, 17.29, 16.69, 15.94, 15.2, 14.62, 13.85, 13.9, 13.97]","[24.11, 24.06, 23.9, 24.27, 25.7, 26.53, 25.57, 26.15, 28.12, 26.74, 22.69, 22.22, 22.36, 21.42, 21.7, 23.54, 25.05, 24.59, 24.17, 24.81, 25.91, 24.66, 22.28, 21.45]","[37.65, 36.91, 36.09, 35.19, 33.29, 30.68, 28.43, 27.24, 27.25, 27.5, 27.69, 27.45, 26.63, 25.99, 25.99, 26.38, 26.93, 27.69, 28.89, 29.51, 29.56, 28.96, 28.28, 27.95]","[33.13, 31.62, 30.46, 28.34, 28.55, 27.4, 26.42, 26.18, 25.52, 25.82, 25.75, 25.72, 25.18, 25.3, 25.44, 26.44, 25.59, 25.67, 25.36, 26.17, 26.77, 26.72, 26.85, 26.68]",,,
2026-10-08T12:42:02.330002+00:00,Makati,"OpenAQ (ground sensor) [fine-tuned, C regularised]",32,"[13.39, 14.69, 14.69, 14.08, 13.2, 11.6, 10.29, 9.91, 10.29, 10.65, 11.17, 10.87, 11.08, 12.32, 13.05, 12.8, 12.27, 11.79, 11.33, 11.06, 10.39, 9.23, 9.11, 9.28]","[16.14, 17.01, 18.25, 19.94, 21.11, 20.66, 18.94, 18.99, 19.84, 19.05, 17.89, 18.88, 18.78, 18.63, 20.14, 21.08, 21.26, 21.25, 20.8, 21.4, 22.82, 22.04, 20.21, 19.22]","[27.16, 26.21, 24.18, 21.84, 20.31, 19.82, 20.13, 20.36, 20.5, 20.21, 20.13, 20.24, 20.04, 20.13, 20.25, 20.64, 21.01, 21.69, 22.43, 22.97, 23.36, 23.8, 24.39, 24.77]","[13.22, 13.83, 14.76, 15.26, 16.48, 16.68, 17.33, 17.4, 17.51, 17.68, 17.4, 17.2, 16.74, 16.65, 16.0, 15.73, 14.85, 14.8, 14.45, 14.37, 14.4, 14.13, 14.1, 14.88]",,,
2026-10-08T12:42:02.457846+00:00,Manila,"OpenAQ (ground sensor) [fine-tuned, C regularised]",37,"[24.88, 23.41, 20.56, 19.57, 20.75, 21.18, 20.48, 19.87, 20.25, 21.51, 22.98, 23.36, 22.59, 22.16, 21.92, 21.88, 22.56, 23.48, 23.42, 21.94, 20.28, 18.96, 19.0, 19.8]","[27.78, 35.68, 37.42, 34.65, 32.88, 32.17, 31.92, 32.13, 32.72, 33.87, 33.6, 30.54, 29.2, 29.03, 29.82, 30.88, 31.62, 32.08, 32.66, 33.45, 32.29, 32.49, 34.35, 34.45]","[39.87, 35.68, 31.56, 28.62, 27.04, 26.55, 26.96, 27.7, 28.37, 28.17, 27.62, 27.12, 26.52, 26.16, 25.78, 25.89, 26.18, 27.2, 28.35, 28.85, 29.31, 30.19, 31.05, 31.37]","[34.21, 33.5, 33.02, 31.85, 32.17, 31.43, 30.91, 30.47, 29.57, 29.77, 28.98, 29.49, 29.24, 29.46, 28.6, 29.51, 29.14, 29.14, 28.64, 28.58, 29.61, 29.99, 29.65, 29.75]",,,
2026-10-08T12:42:02.562988+00:00,Quezon_City,"OpenAQ (ground sensor) [fine-tuned, C regularised]",35,"[28.38, 23.88, 18.96, 18.23, 20.34, 21.55, 21.26, 20.76, 21.32, 22.77, 23.95, 23.8, 22.99, 22.71, 22.24, 21.47, 21.68, 23.08, 23.93, 22.25, 19.9, 17.87, 17.66, 18.27]","[31.82, 30.41, 28.53, 28.12, 28.76, 29.82, 29.43, 28.78, 28.03, 27.19, 27.15, 27.27, 27.48, 28.2, 29.78, 28.64, 27.41, 26.18, 24.77, 25.35, 27.88, 30.04, 29.75, 29.52]","[39.12, 39.42, 36.89, 33.24, 29.82, 27.17, 26.4, 26.82, 27.71, 28.42, 28.67, 27.83, 26.7, 26.62, 27.32, 28.25, 28.57, 28.66, 28.73, 28.52, 28.61, 29.16, 30.31, 31.71]","[37.94, 36.18, 34.65, 32.9, 32.58, 31.86, 30.35, 29.92, 29.44, 29.05, 28.7, 28.96, 28.67, 28.47, 29.15, 29.66, 29.21, 29.33, 29.26, 29.58, 30.5, 30.66, 31.29, 30.62]",,,
2026-10-08T12:42:02.742136+00:00,Caloocan,"OpenAQ (ground sensor) [fine-tuned, C regularised]",34,"[35.97, 32.29, 28.59, 27.75, 29.48, 30.75, 31.36, 31.67, 32.97, 34.94, 35.58, 33.51, 30.48, 29.28, 29.31, 29.86, 30.59, 30.03, 28.42, 27.52, 26.94, 25.91, 26.02, 26.28]","[49.43, 49.09, 52.71, 47.04, 41.87, 49.02, 45.94, 37.45, 47.26, 49.16, 33.64, 34.85, 43.02, 40.61, 37.83, 41.46, 40.93, 34.44, 35.47, 40.47, 43.27, 42.67, 40.29, 37.24]","[72.82, 66.75, 58.98, 50.54, 44.46, 42.2, 41.82, 41.83, 42.16, 42.05, 41.81, 40.25, 38.84, 39.05, 39.32, 39.23, 38.36, 37.8, 37.9, 36.68, 36.2, 38.78, 41.38, 41.73]","[112.86, 103.14, 94.52, 80.49, 73.08, 63.89, 57.56, 53.4, 45.49, 45.67, 43.63, 45.86, 42.93, 41.84, 43.27, 44.77, 43.86, 42.78, 39.96, 43.63, 44.51, 47.55, 48.37, 47.62]",,,
2026-10-08T12:42:02.775901+00:00,Pasig,"OpenAQ (ground sensor) [fine-tuned, C regularised]",37,"[21.43, 20.15, 16.74, 15.38, 16.79, 17.49, 16.94, 16.4, 17.37, 19.71, 21.75, 21.36, 19.53, 18.62, 18.26, 18.42, 19.4, 20.4, 20.42, 19.1, 17.46, 16.0, 15.99, 16.74]","[20.63, 20.79, 19.39, 18.27, 18.56, 21.38, 22.74, 20.03, 19.38, 22.65, 23.4, 19.66, 18.0, 18.72, 19.09, 18.93, 19.53, 19.2, 18.19, 19.28, 20.62, 19.67, 19.15, 20.55]","[25.98, 24.78, 24.09, 23.83, 23.62, 23.57, 23.77, 24.09, 24.36, 24.02, 23.38, 23.0, 22.78, 22.63, 22.19, 21.8, 21.46, 21.75, 22.78, 23.96, 25.09, 26.13, 26.4, 26.09]","[27.03, 26.28, 26.02, 25.39, 24.97, 24.41, 23.7, 24.06, 23.82, 23.92, 23.6, 23.99, 24.13, 23.54, 23.33, 23.18, 23.17, 22.91, 22.65, 22.4, 22.62, 22.71, 22.72, 22.88]",,,
2026-10-08T12:42:04.224199+00:00,Navotas,"OpenAQ (ground sensor) [fine-tuned, C regularised]",31,"[20.13, 20.86, 20.63, 19.95, 19.44, 18.68, 18.11, 17.89, 18.08, 18.13, 18.25, 17.62, 17.43, 18.11, 18.48, 18.29, 18.29, 18.08, 17.41, 16.87, 16.4, 15.6, 15.72, 15.9]","[25.47, 25.61, 28.72, 30.42, 28.09, 25.93, 24.45, 23.99, 24.72, 24.38, 23.02, 23.04, 23.23, 23.0, 22.56, 21.87, 25.39, 26.82, 23.25, 22.13, 25.36, 24.85, 22.79, 23.41]","[44.63, 40.19, 34.66, 31.03, 30.8, 32.22, 33.41, 33.85, 33.77, 32.96, 32.5, 32.21, 31.72, 31.5, 31.08, 31.03, 30.99, 31.92, 33.51, 34.76, 35.86, 37.32, 38.03, 37.68]","[55.76, 51.79, 47.28, 40.63, 38.97, 36.08, 34.5, 32.9, 30.04, 31.22, 29.56, 30.25, 28.86, 29.35, 30.17, 31.21, 30.02, 30.0, 29.48, 30.55, 29.72, 31.76, 31.85, 30.19]",,,
2026-10-08T12:42:04.359062+00:00,Mandaluyong,"OpenAQ (ground sensor) [fine-tuned, C regularised]",33,"[17.58, 16.55, 14.78, 14.27, 14.49, 13.95, 13.27, 13.17, 13.57, 13.67, 13.75, 13.43, 13.58, 14.89, 15.96, 15.91, 15.23, 14.7, 14.42, 13.94, 13.0, 11.81, 11.76, 12.21]","[13.54, 14.45, 15.42, 17.32, 19.68, 20.53, 18.63, 18.15, 19.63, 19.74, 18.08, 18.16, 18.1, 18.83, 21.34, 22.07, 20.36, 18.84, 18.6, 20.24, 21.88, 20.82, 17.97, 17.3]","[23.42, 21.96, 19.78, 17.9, 17.18, 17.34, 17.87, 18.17, 18.48, 18.24, 18.19, 18.5, 18.6, 18.93, 19.06, 19.04, 18.9, 19.27, 20.12, 20.89, 21.23, 21.19, 20.81, 20.08]","[23.77, 23.01, 23.06, 22.65, 22.01, 21.66, 21.17, 21.44, 20.98, 21.71, 21.41, 22.14, 22.24, 21.8, 21.39, 21.32, 20.77, 20.18, 19.84, 19.34, 18.97, 19.05, 19.19, 19.3]",,,
2026-10-08T12:42:04.439119+00:00,San_Juan,"OpenAQ (ground sensor) [fine-tuned, C regularised]",32,"[19.29, 19.15, 17.99, 17.13, 16.53, 15.04, 13.56, 13.22, 14.08, 14.9, 15.45, 14.77, 14.44, 15.53, 16.42, 16.27, 15.74, 15.21, 14.62, 14.15, 13.44, 12.45, 12.66, 13.1]","[19.07, 19.48, 21.02, 22.6, 22.36, 21.88, 21.2, 21.77, 22.52, 21.48, 19.77, 20.08, 20.48, 20.37, 20.61, 19.95, 22.39, 24.96, 22.9, 21.33, 23.29, 21.93, 18.18, 18.42]","[39.3, 36.26, 31.6, 27.12, 24.46, 23.44, 23.61, 23.92, 24.2, 23.67, 23.38, 23.25, 22.81, 22.72, 22.67, 23.26, 23.91, 24.99, 26.19, 26.83, 27.3, 27.92, 28.67, 29.1]","[38.62, 36.74, 34.96, 32.46, 30.12, 28.19, 26.57, 25.29, 23.49, 23.79, 22.51, 23.37, 22.34, 21.79, 21.55, 21.47, 21.08, 20.89, 20.69, 21.04, 21.08, 21.74, 22.38, 22.47]",,,
2026-10-08T12:42:04.801382+00:00,Pasay,"OpenAQ (ground sensor) [fine-tuned, C regularised]",32,"[31.9, 30.23, 28.58, 26.89, 25.0, 23.18, 22.57, 22.73, 23.42, 23.25, 22.35, 20.95, 20.09, 20.41, 20.76, 20.53, 20.12, 19.53, 18.42, 17.06, 16.25, 16.12, 17.33, 18.49]","[47.75, 41.92, 39.8, 42.43, 42.32, 37.26, 30.44, 25.56, 31.34, 47.35, 48.89, 34.66, 30.68, 39.64, 41.92, 38.08, 37.79, 34.16, 28.12, 33.01, 44.74, 40.25, 28.76, 29.46]","[60.52, 54.04, 47.0, 39.42, 34.97, 33.56, 32.3, 31.57, 30.59, 29.54, 29.84, 30.52, 30.6, 28.63, 26.92, 26.56, 26.61, 27.67, 30.79, 33.19, 33.33, 31.48, 29.69, 29.14]","[151.17, 137.01, 120.0, 96.18, 83.03, 67.22, 59.52, 48.85, 35.77, 32.81, 29.01, 29.64, 20.83, 20.4, 20.03, 20.79, 18.53, 17.89, 15.11, 20.22, 19.12, 25.03, 25.94, 27.26]",,,
2026-10-08T12:42:06.037455+00:00,Manila,"OpenAQ (ground sensor) [fine-tuned, C regularised]",37,"[24.88, 23.41, 20.56, 19.57, 20.75, 21.18, 20.48, 19.87, 20.25, 21.51, 22.98, 23.36, 22.59, 22.16, 21.92, 21.88, 22.56, 23.48, 23.42, 21.94, 20.28, 18.96, 19.0, 19.8]","[27.78, 35.68, 37.42, 34.65, 32.88, 32.17, 31.92, 32.13, 32.72, 33.87, 33.6, 30.54, 29.2, 29.03, 29.82, 30.88, 31.62, 32.08, 32.66, 33.45, 32.29, 32.49, 34.35, 34.45]","[39.87, 35.68, 31.56, 28.62, 27.04, 26.55, 26.96, 27.7, 28.37, 28.17, 27.62, 27.12, 26.52, 26.16, 25.78, 25.89, 26.18, 27.2, 28.35, 28.85, 29.31, 30.19, 31.05, 31.37]","[34.21, 33.5, 33.02, 31.85, 32.17, 31.43, 30.91, 30.47, 29.57, 29.77, 28.98, 29.49, 29.24, 29.46, 28.6, 29.51, 29.14, 29.14, 28.64, 28.58, 29.61, 29.99, 29.65, 29.75]",,,
2026-10-08T12:42:08.504750+00:00,Manila,"NASA GEOS-CF v2 (S3, live)",28,"[13.56, 14.23, 14.1, 13.95, 13.8, 13.11, 12.79, 12.77, 12.71, 12.49, 12.84, 12.26, 12.03, 12.56, 12.62, 12.33, 12.26, 12.16, 11.93, 11.89, 11.55, 10.73, 10.56, 10.2]","[11.48, 12.14, 13.45, 14.62, 14.57, 13.5, 13.15, 13.72, 14.75, 14.49, 13.81, 15.14, 14.25, 13.23, 13.82, 14.84, 14.52, 13.79, 12.62, 13.4, 15.68, 14.72, 12.69, 10.68]","[30.22, 28.5, 25.88, 22.01, 18.67, 17.02, 15.88, 14.52, 14.17, 13.84, 13.43, 13.78, 14.22, 14.64, 14.63, 14.75, 14.62, 14.41, 14.19, 14.21, 14.81, 15.71, 16.84, 17.81]","[33.06, 31.94, 31.05, 28.72, 27.28, 25.71, 24.06, 23.33, 20.59, 20.66, 19.79, 19.91, 19.1, 18.77, 18.51, 17.88, 17.3, 16.72, 16.95, 16.02, 15.36, 15.37, 15.38, 15.78]",,,
2026-09-30T00:00:00+00:00,Manila,"OpenAQ (ground sensor) [fine-tuned, C regularised] [backfilled hindcast]",42,"[27.41, 26.42, 24.81, 23.48, 22.94, 22.45, 21.68, 20.85, 20.5, 20.49, 20.16, 19.67, 19.86, 21.18, 22.8, 23.27, 22.52, 21.82, 21.65, 21.93, 21.95, 21.7, 21.69, 22.21]","[48.34, 44.11, 38.22, 33.39, 30.47, 28.41, 27.02, 25.98, 24.2, 22.97, 22.43, 21.51, 21.09, 20.95, 20.87, 20.59, 21.01, 21.11, 21.99, 23.88, 26.24, 28.84, 30.77, 31.51]","[34.05, 32.42, 31.52, 30.97, 30.5, 29.91, 29.36, 29.18, 29.72, 30.1, 30.17, 29.85, 28.95, 27.84, 26.77, 26.21, 25.72, 25.69, 25.94, 26.0, 25.98, 26.66, 27.62, 28.48]","[33.06, 32.8, 32.62, 32.51, 32.65, 31.95, 30.93, 31.14, 30.38, 29.96, 29.38, 29.67, 29.3, 28.98, 28.38, 28.19, 28.63, 28.34, 28.05, 26.99, 28.69, 28.7, 28.22, 28.53]",34.96,"OpenAQ 'Mandaluyong City' (4076m), mean of 24 hourly readings 2026-09-30 00:00-2026-10-01 00:00 UTC",2026-10-08T13:45:29.455023+00:00
2026-10-01T00:00:00+00:00,Manila,"OpenAQ (ground sensor) [fine-tuned, C regularised] [backfilled hindcast]",45,"[30.79, 30.42, 29.04, 27.61, 26.89, 26.37, 25.85, 25.73, 26.44, 27.58, 28.38, 28.7, 28.65, 28.87, 29.28, 28.37, 26.12, 24.08, 23.1, 23.64, 25.15, 26.98, 28.81, 30.41]","[45.91, 43.03, 39.13, 34.92, 31.02, 27.72, 26.47, 27.55, 29.08, 31.88, 35.3, 37.39, 39.11, 39.7, 39.25, 37.66, 35.87, 33.79, 32.97, 33.72, 35.72, 38.99, 41.46, 43.24]","[31.61, 34.82, 36.27, 35.35, 33.16, 31.59, 31.33, 30.72, 29.47, 27.89, 27.59, 28.93, 30.53, 29.96, 27.17, 25.61, 25.59, 26.12, 26.68, 26.94, 26.52, 26.39, 26.72, 27.81]","[39.86, 37.89, 37.37, 35.96, 35.07, 34.4, 32.54, 33.55, 32.96, 33.01, 33.27, 34.05, 34.52, 33.77, 33.99, 34.14, 34.73, 34.24, 34.48, 33.74, 35.42, 35.61, 35.85, 35.85]",32.07,"OpenAQ 'Mandaluyong City' (4076m), mean of 21 hourly readings 2026-10-01 00:00-2026-10-02 00:00 UTC",2026-10-08T13:45:29.481076+00:00
2026-10-02T00:00:00+00:00,Manila,"OpenAQ (ground sensor) [fine-tuned, C regularised] [backfilled hindcast]",45,"[30.63, 31.19, 29.04, 25.37, 22.63, 20.33, 18.52, 17.11, 16.62, 17.58, 20.08, 22.82, 23.54, 22.64, 21.76, 20.57, 19.07, 17.98, 16.91, 17.11, 19.7, 23.33, 25.85, 26.81]","[29.7, 30.48, 30.97, 30.52, 29.38, 28.21, 27.5, 27.48, 27.78, 28.63, 29.5, 29.75, 29.6, 28.22, 26.44, 24.41, 23.14, 22.2, 22.33, 24.09, 26.43, 29.13, 31.61, 33.78]","[26.16, 26.7, 28.89, 31.4, 32.42, 31.55, 29.95, 28.87, 29.11, 29.69, 29.74, 28.98, 27.84, 27.01, 26.06, 25.32, 24.93, 24.72, 24.68, 24.45, 24.34, 24.5, 24.41, 24.68]","[32.32, 31.93, 31.42, 31.68, 31.69, 31.47, 30.92, 31.48, 31.61, 32.21, 32.57, 32.68, 32.48, 32.35, 32.08, 31.98, 32.32, 31.95, 32.3, 31.48, 32.18, 32.46, 32.01, 31.96]",31.9,"OpenAQ 'Mandaluyong City' (4076m), mean of 18 hourly readings 2026-10-02 00:00-2026-10-03 00:00 UTC",2026-10-08T13:45:29.510780+00:00
2026-10-03T00:00:00+00:00,Manila,"OpenAQ (ground sensor) [fine-tuned, C regularised] [backfilled hindcast]",39,"[34.52, 32.05, 28.08, 25.44, 24.58, 24.15, 24.11, 24.42, 25.34, 27.5, 30.47, 32.46, 32.23, 30.45, 28.49, 26.25, 24.1, 22.84, 22.44, 23.41, 26.11, 29.48, 32.13, 33.56]","[39.3, 38.48, 36.76, 34.74, 32.23, 29.65, 27.24, 26.32, 26.45, 27.77, 29.23, 30.31, 31.21, 31.09, 30.46, 28.78, 27.68, 26.69, 26.68, 28.47, 31.47, 35.29, 38.55, 40.39]","[28.17, 26.73, 25.94, 25.34, 25.12, 25.64, 26.72, 27.91, 28.53, 28.19, 27.57, 27.74, 28.15, 27.63, 26.29, 25.18, 24.45, 24.5, 24.94, 25.21, 25.25, 25.66, 26.23, 26.81]","[27.96, 27.3, 27.41, 27.03, 26.53, 26.63, 26.12, 26.47, 27.06, 27.02, 27.06, 26.95, 27.12, 27.06, 26.29, 26.35, 26.6, 25.76, 26.2, 25.54, 25.16, 25.51, 25.57, 25.31]",37.62,"OpenAQ 'Mandaluyong City' (4076m), mean of 20 hourly readings 2026-10-03 00:00-2026-10-04 00:00 UTC",2026-10-08T13:45:29.534608+00:00
2026-10-04T00:00:00+00:00,Manila,"OpenAQ (ground sensor) [fine-tuned, C regularised] [backfilled hindcast]",38,"[39.81, 37.96, 33.99, 30.61, 28.87, 27.08, 25.57, 24.6, 24.57, 26.0, 27.91, 28.66, 28.44, 28.57, 28.94, 27.96, 26.16, 25.05, 24.95, 26.51, 29.14, 30.63, 30.58, 30.37]","[40.35, 40.73, 39.2, 36.02, 32.6, 30.13, 28.97, 29.44, 30.34, 31.59, 32.94, 33.3, 32.97, 31.46, 29.33, 26.6, 24.76, 23.19, 23.25, 25.31, 28.12, 31.39, 33.93, 35.45]","[31.22, 30.75, 31.07, 31.95, 32.91, 32.82, 31.28, 29.06, 27.97, 27.57, 27.86, 28.13, 27.81, 27.13, 25.86, 24.95, 24.34, 24.2, 24.5, 24.98, 25.45, 26.65, 27.83, 28.46]","[33.99, 33.32, 33.18, 32.78, 32.71, 31.96, 30.99, 31.3, 30.75, 30.54, 30.19, 30.33, 30.4, 29.96, 29.32, 29.1, 29.72, 29.08, 28.95, 27.76, 29.24, 29.07, 28.82, 29.05]",25.19,"OpenAQ 'Mandaluyong City' (4076m), mean of 23 hourly readings 2026-10-04 00:00-2026-10-05 00:00 UTC",2026-10-08T13:45:29.559921+00:00
2026-10-05T00:00:00+00:00,Manila,"OpenAQ (ground sensor) [fine-tuned, C regularised] [backfilled hindcast]",43,"[24.93, 23.32, 22.23, 21.91, 21.85, 21.64, 21.35, 21.77, 23.1, 24.5, 25.12, 24.7, 23.78, 23.51, 23.86, 23.85, 23.78, 23.89, 23.88, 24.3, 25.54, 27.57, 29.17, 29.26]","[33.47, 33.5, 32.34, 29.73, 26.76, 24.63, 24.42, 25.16, 25.92, 26.58, 26.3, 24.73, 22.67, 20.8, 19.96, 19.63, 20.06, 20.53, 21.79, 24.58, 27.81, 30.62, 32.32, 33.6]","[26.79, 25.25, 25.96, 28.22, 30.7, 31.69, 29.85, 26.88, 25.05, 25.24, 26.62, 27.63, 27.88, 27.36, 26.05, 24.95, 24.63, 24.49, 24.2, 24.01, 23.56, 23.3, 23.47, 24.11]","[27.92, 26.86, 26.35, 26.46, 25.42, 25.6, 24.38, 25.4, 25.39, 25.21, 25.48, 25.81, 25.67, 25.41, 25.8, 25.18, 26.26, 26.09, 26.68, 26.18, 26.63, 26.98, 27.34, 27.27]",29.71,"OpenAQ 'Mandaluyong City' (4076m), mean of 22 hourly readings 2026-10-05 00:00-2026-10-06 00:00 UTC",2026-10-08T13:45:29.584822+00:00
2026-10-06T00:00:00+00:00,Manila,"OpenAQ (ground sensor) [fine-tuned, C regularised] [backfilled hindcast]",45,"[28.24, 27.32, 25.57, 23.87, 22.83, 22.08, 21.23, 20.43, 20.29, 20.43, 20.16, 19.87, 19.26, 18.26, 17.82, 17.59, 17.29, 17.34, 17.38, 18.21, 20.53, 23.7, 27.06, 29.6]","[35.07, 33.08, 31.09, 28.43, 25.25, 22.32, 20.21, 19.62, 20.39, 22.14, 23.49, 24.05, 23.74, 22.34, 20.29, 17.6, 16.01, 14.91, 15.12, 17.84, 22.15, 27.15, 33.29, 38.78]","[20.34, 20.38, 21.34, 22.57, 24.47, 27.03, 28.82, 29.26, 28.61, 26.78, 25.18, 24.4, 24.24, 24.28, 23.56, 22.09, 20.09, 18.43, 18.05, 19.08, 19.85, 20.42, 20.22, 19.76]","[27.99, 27.5, 27.19, 26.69, 26.75, 26.34, 25.54, 25.24, 24.98, 24.31, 23.55, 23.63, 23.07, 23.23, 23.05, 23.2, 23.04, 23.25, 23.09, 23.2, 23.83, 24.01, 24.25, 24.2]",23.83,"OpenAQ 'Mandaluyong City' (4076m), mean of 16 hourly readings 2026-10-06 00:00-2026-10-07 00:00 UTC",2026-10-08T13:45:29.612817+00:00
2026-10-07T00:00:00+00:00,Manila,"OpenAQ (ground sensor) [fine-tuned, C regularised] [backfilled hindcast]",38,"[25.97, 25.21, 23.26, 21.47, 20.57, 19.87, 19.11, 18.46, 18.69, 20.07, 21.92, 23.62, 24.45, 24.36, 23.14, 20.83, 18.55, 16.79, 15.67, 15.5, 16.28, 17.86, 20.42, 23.21]","[28.19, 26.09, 24.73, 23.63, 22.54, 21.82, 22.0, 23.22, 25.01, 27.23, 29.44, 31.2, 32.3, 31.75, 30.14, 28.01, 26.3, 24.63, 23.5, 23.25, 23.42, 24.09, 24.84, 25.84]","[27.44, 25.98, 24.91, 24.17, 23.54, 23.18, 23.3, 24.05, 24.73, 25.2, 25.6, 25.98, 26.05, 26.01, 26.1, 26.64, 27.15, 27.77, 28.46, 28.67, 28.02, 27.1, 26.36, 25.67]","[28.72, 28.73, 28.58, 28.96, 28.99, 28.99, 28.37, 28.29, 28.25, 28.41, 28.27, 28.47, 28.28, 28.28, 27.87, 28.11, 28.52, 28.2, 28.38, 27.72, 28.74, 28.99, 28.36, 28.46]",30.75,"OpenAQ 'Mandaluyong City' (4076m), mean of 19 hourly readings 2026-10-07 00:00-2026-10-08 00:00 UTC",2026-10-08T13:45:29.635704+00:00
2026-09-30T00:00:00+00:00,Quezon_City,"OpenAQ (ground sensor) [fine-tuned, C regularised] [backfilled hindcast]",40,"[33.41, 32.69, 31.06, 28.69, 26.9, 26.2, 26.03, 26.05, 26.5, 27.13, 27.85, 27.98, 28.08, 28.83, 30.6, 32.22, 33.1, 33.58, 34.61, 36.15, 36.67, 35.72, 34.34, 33.5]","[35.91, 31.43, 26.86, 23.75, 22.28, 21.49, 21.23, 21.57, 21.62, 22.09, 22.88, 22.87, 22.67, 22.36, 22.25, 22.29, 22.92, 23.45, 24.31, 26.29, 28.87, 31.11, 32.6, 33.8]","[29.23, 26.98, 25.24, 24.51, 25.48, 27.89, 29.6, 29.7, 28.54, 27.07, 26.24, 25.93, 25.76, 25.36, 24.87, 24.91, 25.0, 25.14, 25.49, 25.98, 26.07, 25.97, 25.58, 24.91]","[38.84, 37.47, 36.55, 35.85, 35.0, 33.59, 31.77, 31.91, 31.09, 30.82, 30.59, 31.09, 31.07, 30.27, 29.65, 29.73, 29.83, 28.99, 28.68, 27.79, 28.84, 28.47, 28.52, 28.31]",36.97,"OpenAQ '3S Center Ugong' (4215m), mean of 21 hourly readings 2026-09-30 00:00-2026-10-01 00:00 UTC",2026-10-08T13:45:32.994638+00:00
2026-10-01T00:00:00+00:00,Quezon_City,"OpenAQ (ground sensor) [fine-tuned, C regularised] [backfilled hindcast]",41,"[37.26, 36.43, 34.24, 31.49, 29.35, 26.95, 24.9, 23.84, 23.83, 25.1, 27.82, 30.55, 31.25, 30.35, 29.4, 27.81, 25.84, 24.73, 23.83, 23.53, 24.29, 26.16, 28.33, 30.1]","[28.26, 26.91, 24.73, 22.14, 19.89, 18.09, 17.36, 17.98, 19.4, 21.89, 24.72, 26.87, 29.05, 29.97, 29.72, 28.47, 26.79, 25.35, 25.06, 26.25, 28.23, 30.78, 33.51, 35.46]","[35.77, 35.22, 33.89, 31.93, 30.05, 28.96, 28.7, 28.45, 28.25, 28.25, 28.63, 28.51, 27.8, 26.71, 25.89, 25.78, 25.53, 25.2, 24.89, 24.52, 24.24, 24.6, 25.55, 27.08]","[35.59, 34.73, 34.09, 33.4, 33.78, 33.12, 32.12, 32.67, 32.25, 31.8, 31.56, 31.54, 31.73, 31.5, 31.54, 31.37, 31.64, 31.31, 31.22, 30.8, 31.92, 32.04, 31.85, 31.45]",25.59,"OpenAQ '3S Center Ugong' (4215m), mean of 20 hourly readings 2026-10-01 00:00-2026-10-02 00:00 UTC",2026-10-08T13:45:33.021057+00:00
2026-10-02T00:00:00+00:00,Quezon_City,"OpenAQ (ground sensor) [fine-tuned, C regularised] [backfilled hindcast]",41,"[27.93, 26.86, 24.23, 21.78, 20.46, 20.01, 20.61, 21.57, 22.9, 25.27, 29.12, 31.28, 29.88, 27.1, 25.01, 23.21, 21.74, 22.03, 23.81, 25.48, 26.86, 28.36, 30.13, 31.41]","[25.11, 24.19, 22.8, 21.3, 19.44, 18.32, 17.96, 19.62, 22.67, 26.04, 29.56, 32.7, 34.9, 35.24, 35.09, 34.33, 33.58, 33.71, 34.29, 36.0, 38.0, 39.18, 40.0, 41.1]","[32.02, 31.92, 30.78, 28.71, 26.28, 25.15, 26.52, 28.29, 28.52, 27.76, 27.19, 28.24, 30.84, 31.95, 31.38, 29.64, 27.4, 26.01, 25.88, 26.15, 25.89, 25.65, 26.13, 27.7]","[33.14, 32.69, 32.15, 31.99, 32.18, 31.89, 31.36, 31.8, 31.86, 32.37, 32.42, 32.63, 32.48, 32.37, 31.94, 32.09, 32.15, 31.87, 32.0, 31.1, 31.68, 32.02, 31.49, 31.44]",34.41,"OpenAQ '3S Center Ugong' (4215m), mean of 16 hourly readings 2026-10-02 00:00-2026-10-03 00:00 UTC",2026-10-08T13:45:33.049319+00:00
2026-10-03T00:00:00+00:00,Quezon_City,"OpenAQ (ground sensor) [fine-tuned, C regularised] [backfilled hindcast]",36,"[33.51, 31.23, 26.55, 22.94, 21.8, 21.61, 21.86, 22.49, 23.74, 25.54, 27.52, 28.22, 27.67, 26.71, 25.72, 24.35, 22.98, 22.49, 23.11, 24.68, 26.81, 28.62, 30.17, 31.77]","[29.02, 27.22, 25.51, 24.19, 23.32, 23.19, 23.62, 24.92, 26.39, 28.18, 29.83, 30.51, 30.6, 30.13, 29.6, 28.97, 28.83, 28.67, 29.01, 30.67, 32.89, 34.84, 36.04, 36.72]","[30.54, 28.62, 27.93, 27.9, 27.95, 28.19, 28.54, 29.09, 29.44, 29.41, 29.05, 28.34, 27.63, 26.74, 25.84, 25.24, 25.08, 25.3, 25.75, 25.6, 25.03, 24.54, 23.76, 22.91]","[36.74, 35.07, 33.91, 32.01, 31.55, 30.8, 29.55, 28.96, 28.74, 28.39, 27.27, 27.71, 27.66, 27.69, 27.46, 28.0, 27.73, 27.49, 27.42, 27.69, 27.92, 28.49, 28.39, 27.99]",42.72,"OpenAQ '3S Center Ugong' (4215m), mean of 20 hourly readings 2026-10-03 00:00-2026-10-04 00:00 UTC",2026-10-08T13:45:33.077143+00:00
2026-10-04T00:00:00+00:00,Quezon_City,"OpenAQ (ground sensor) [fine-tuned, C regularised] [backfilled hindcast]",36,"[52.01, 50.02, 43.89, 38.02, 35.64, 34.06, 33.21, 33.59, 35.84, 39.85, 45.06, 47.63, 47.33, 46.18, 44.6, 41.48, 38.27, 37.56, 38.83, 41.07, 43.58, 45.28, 46.63, 48.0]","[46.83, 45.43, 42.02, 37.55, 32.81, 28.6, 26.57, 27.21, 28.54, 30.92, 34.25, 36.83, 38.62, 39.18, 38.43, 36.56, 34.42, 31.87, 30.72, 31.19, 32.51, 34.32, 35.04, 35.45]","[44.94, 43.6, 40.55, 36.94, 33.94, 32.38, 32.45, 33.12, 33.4, 33.2, 33.99, 35.59, 36.55, 36.43, 35.56, 35.01, 34.59, 34.4, 33.94, 32.71, 31.33, 30.3, 30.2, 30.48]","[44.41, 42.29, 41.28, 39.8, 38.45, 36.62, 34.7, 35.22, 33.93, 34.39, 34.12, 35.12, 35.19, 34.18, 33.67, 33.79, 34.21, 33.59, 33.19, 32.11, 34.24, 33.81, 33.8, 34.18]",28.09,"OpenAQ '3S Center Ugong' (4215m), mean of 21 hourly readings 2026-10-04 00:00-2026-10-05 00:00 UTC",2026-10-08T13:45:33.100544+00:00
2026-10-05T00:00:00+00:00,Quezon_City,"OpenAQ (ground sensor) [fine-tuned, C regularised] [backfilled hindcast]",41,"[42.23, 38.35, 33.78, 30.84, 29.62, 29.73, 31.1, 33.36, 35.93, 38.08, 39.49, 39.25, 38.14, 37.31, 37.04, 35.78, 34.51, 34.94, 37.31, 39.65, 41.44, 42.85, 43.71, 42.96]","[28.94, 26.9, 24.36, 21.81, 20.08, 18.89, 18.17, 18.29, 18.77, 20.35, 22.27, 23.2, 23.85, 24.24, 24.14, 23.64, 23.33, 22.55, 22.66, 24.61, 27.93, 31.45, 33.86, 34.98]","[29.64, 27.33, 25.78, 25.21, 26.13, 28.12, 29.51, 29.39, 28.24, 27.1, 26.46, 25.8, 25.09, 24.18, 23.23, 23.2, 23.45, 24.01, 24.92, 26.1, 27.31, 28.7, 29.42, 29.7]","[32.26, 30.94, 30.33, 30.17, 28.69, 28.5, 27.22, 28.84, 28.24, 29.23, 30.03, 30.77, 31.22, 30.19, 31.01, 30.63, 32.14, 31.24, 32.0, 31.06, 32.8, 33.07, 32.7, 32.93]",28.02,"OpenAQ '3S Center Ugong' (4215m), mean of 18 hourly readings 2026-10-05 00:00-2026-10-06 00:00 UTC",2026-10-08T13:45:33.127517+00:00
2026-10-06T00:00:00+00:00,Quezon_City,"OpenAQ (ground sensor) [fine-tuned, C regularised] [backfilled hindcast]",39,"[33.62, 33.56, 32.85, 30.74, 27.51, 24.61, 22.72, 21.26, 20.19, 19.4, 18.73, 18.46, 18.82, 19.88, 21.63, 22.85, 23.45, 24.27, 25.84, 28.48, 31.27, 32.35, 31.78, 31.1]","[23.73, 22.35, 21.11, 20.39, 20.27, 20.44, 20.6, 21.09, 21.69, 22.58, 23.64, 24.16, 24.02, 23.38, 22.7, 21.92, 21.7, 21.81, 22.64, 24.83, 27.4, 29.31, 30.57, 31.43]","[27.33, 27.25, 26.91, 26.33, 25.59, 24.85, 24.45, 23.99, 23.8, 23.43, 23.61, 24.16, 24.2, 24.21, 24.06, 24.22, 24.21, 24.09, 23.54, 22.98, 22.51, 22.39, 22.91, 23.63]","[31.8, 30.84, 30.2, 30.1, 29.19, 28.51, 27.21, 27.84, 27.36, 27.25, 27.12, 27.26, 27.62, 26.66, 26.6, 26.5, 27.07, 26.69, 26.55, 25.95, 27.09, 26.97, 27.04, 26.85]",36.73,"OpenAQ '3S Center Ugong' (4215m), mean of 14 hourly readings 2026-10-06 00:00-2026-10-07 00:00 UTC",2026-10-08T13:45:33.153210+00:00
2026-10-07T00:00:00+00:00,Quezon_City,"OpenAQ (ground sensor) [fine-tuned, C regularised] [backfilled hindcast]",32,"[32.3, 29.29, 26.62, 25.24, 25.43, 26.82, 28.99, 31.27, 32.84, 33.41, 33.24, 32.68, 31.88, 30.91, 29.67, 27.99, 26.97, 27.39, 28.97, 30.99, 32.62, 33.02, 32.61, 32.46]","[31.66, 26.25, 22.86, 20.62, 18.79, 17.26, 16.23, 16.45, 17.7, 19.87, 22.45, 25.78, 28.38, 29.57, 29.66, 28.9, 28.26, 28.18, 28.79, 30.06, 31.6, 31.52, 29.8, 27.39]","[40.7, 37.9, 34.18, 30.75, 28.56, 27.64, 27.52, 27.72, 28.14, 28.02, 28.52, 29.42, 29.66, 29.63, 29.51, 29.33, 28.88, 28.62, 28.18, 27.1, 25.83, 25.06, 25.1, 24.84]","[40.64, 39.23, 37.99, 36.7, 35.31, 33.7, 31.66, 31.1, 30.07, 29.49, 28.72, 29.19, 28.64, 28.05, 27.23, 27.39, 27.38, 26.45, 26.21, 25.72, 26.64, 26.49, 26.62, 26.46]",30.85,"OpenAQ '3S Center Ugong' (4215m), mean of 18 hourly readings 2026-10-07 00:00-2026-10-08 00:00 UTC",2026-10-08T13:45:33.176701+00:00
2026-09-30T00:00:00+00:00,Caloocan,"OpenAQ (ground sensor) [fine-tuned, C regularised] [backfilled hindcast]",40,"[40.03, 38.02, 34.9, 32.37, 32.22, 32.59, 32.93, 33.94, 36.1, 38.42, 39.88, 39.75, 38.83, 38.09, 37.8, 37.25, 36.76, 36.56, 37.34, 40.27, 43.16, 43.62, 42.82, 42.68]","[49.43, 46.43, 42.27, 37.38, 32.69, 29.07, 27.73, 28.8, 30.36, 32.53, 35.04, 36.18, 36.32, 35.18, 32.79, 29.58, 27.32, 25.17, 25.02, 27.05, 30.11, 33.75, 36.48, 38.72]","[41.14, 40.33, 37.95, 35.02, 32.64, 31.43, 32.14, 33.76, 35.21, 36.06, 36.49, 36.25, 35.46, 34.61, 33.4, 32.8, 32.25, 32.44, 33.08, 33.04, 32.94, 33.74, 34.53, 34.9]","[51.33, 48.7, 47.51, 45.21, 44.07, 42.38, 39.7, 41.1, 39.04, 39.7, 39.12, 39.72, 40.31, 39.15, 39.16, 39.3, 39.89, 39.4, 39.62, 38.38, 41.02, 41.22, 41.0, 41.03]",55.04,"OpenAQ 'Malabon Action Center' (1269m), mean of 19 hourly readings 2026-09-30 00:00-2026-10-01 00:00 UTC",2026-10-08T13:45:37.249248+00:00
2026-10-01T00:00:00+00:00,Caloocan,"OpenAQ (ground sensor) [fine-tuned, C regularised] [backfilled hindcast]",40,"[46.22, 44.54, 41.34, 38.62, 38.43, 38.6, 38.95, 40.16, 42.48, 45.67, 48.4, 48.18, 45.06, 42.36, 41.09, 39.25, 36.48, 33.28, 30.83, 30.73, 32.5, 34.5, 35.75, 36.42]","[42.29, 39.19, 34.59, 28.66, 24.32, 23.67, 26.22, 30.95, 35.9, 40.2, 42.7, 42.94, 41.4, 38.61, 35.66, 32.63, 30.72, 29.24, 29.28, 31.77, 35.67, 39.26, 41.96, 44.44]","[38.71, 38.27, 38.81, 40.05, 41.29, 41.22, 39.89, 38.65, 38.16, 38.33, 38.44, 37.61, 36.55, 35.97, 35.47, 34.85, 33.73, 32.56, 31.88, 31.71, 32.34, 34.24, 35.69, 36.73]","[56.94, 52.96, 51.25, 47.09, 46.33, 44.29, 41.74, 44.44, 42.63, 42.58, 44.35, 43.92, 45.17, 43.58, 44.23, 44.81, 44.52, 43.11, 43.22, 42.61, 42.72, 42.72, 43.4, 42.21]",44.39,"OpenAQ 'Malabon Action Center' (1269m), mean of 17 hourly readings 2026-10-01 00:00-2026-10-02 00:00 UTC",2026-10-08T13:45:37.296929+00:00
2026-10-02T00:00:00+00:00,Caloocan,"OpenAQ (ground sensor) [fine-tuned, C regularised] [backfilled hindcast]",36,"[36.18, 34.62, 31.65, 30.06, 30.95, 33.0, 36.2, 40.47, 45.26, 49.42, 52.37, 51.37, 46.98, 42.54, 39.29, 36.03, 33.61, 33.25, 34.09, 34.97, 36.45, 38.37, 39.89, 40.82]","[29.13, 26.14, 23.49, 20.45, 17.8, 18.4, 20.53, 24.76, 30.09, 34.28, 36.94, 38.47, 37.65, 34.6, 31.96, 29.9, 29.5, 30.9, 33.9, 39.0, 45.04, 48.85, 49.62, 49.23]","[35.39, 34.59, 34.74, 35.22, 36.03, 36.2, 36.06, 36.38, 36.4, 35.77, 34.53, 34.35, 36.33, 38.57, 40.26, 39.34, 36.72, 34.09, 32.71, 32.8, 33.84, 35.33, 36.13, 36.57]","[38.69, 39.19, 38.4, 38.56, 39.17, 39.26, 38.77, 38.6, 38.7, 39.41, 39.24, 39.01, 38.59, 38.08, 37.55, 37.29, 37.4, 37.76, 38.58, 37.49, 38.16, 38.89, 38.14, 37.96]",50.67,"OpenAQ 'Malabon Action Center' (1269m), mean of 16 hourly readings 2026-10-02 00:00-2026-10-03 00:00 UTC",2026-10-08T13:45:37.344749+00:00
2026-10-03T00:00:00+00:00,Caloocan,"OpenAQ (ground sensor) [fine-tuned, C regularised] [backfilled hindcast]",33,"[44.8, 41.88, 37.84, 35.83, 36.57, 37.26, 37.95, 39.64, 42.53, 45.85, 48.57, 48.94, 47.44, 45.69, 43.66, 41.24, 39.51, 38.57, 37.28, 37.1, 38.92, 41.73, 43.79, 44.98]","[55.43, 53.75, 50.03, 46.29, 41.98, 38.36, 36.29, 36.27, 37.06, 38.67, 40.83, 41.56, 42.08, 41.77, 41.14, 39.24, 37.62, 35.97, 35.08, 37.18, 41.21, 46.18, 50.28, 52.39]","[50.57, 48.4, 46.72, 45.41, 43.74, 41.45, 38.94, 37.87, 37.78, 38.52, 39.33, 39.36, 39.12, 38.78, 38.82, 38.89, 38.64, 37.58, 36.46, 35.68, 35.94, 36.52, 36.41, 36.04]","[60.98, 56.84, 54.59, 49.66, 48.2, 45.59, 42.67, 43.87, 41.15, 42.02, 41.41, 42.31, 42.84, 41.87, 42.06, 42.59, 42.35, 40.85, 41.08, 41.01, 41.11, 41.97, 42.42, 41.3]",59.01,"OpenAQ 'Malabon Action Center' (1269m), mean of 21 hourly readings 2026-10-03 00:00-2026-10-04 00:00 UTC",2026-10-08T13:45:37.398388+00:00
2026-10-04T00:00:00+00:00,Caloocan,"OpenAQ (ground sensor) [fine-tuned, C regularised] [backfilled hindcast]",37,"[61.05, 59.39, 51.78, 44.52, 43.47, 43.35, 42.63, 42.72, 47.18, 55.54, 63.78, 64.77, 59.99, 56.23, 53.81, 49.33, 45.02, 45.67, 49.04, 51.25, 52.63, 54.05, 55.73, 56.57]","[71.21, 67.69, 60.81, 52.34, 44.62, 39.45, 37.56, 39.7, 42.64, 45.51, 47.69, 48.31, 46.54, 43.48, 39.59, 34.92, 32.48, 29.89, 29.43, 31.9, 35.83, 39.8, 42.42, 44.79]","[51.58, 50.68, 48.52, 46.1, 44.29, 43.07, 42.52, 42.95, 43.33, 43.45, 43.27, 42.21, 41.24, 41.11, 41.41, 41.46, 40.59, 39.51, 39.01, 38.61, 38.94, 40.57, 41.96, 42.58]","[67.44, 63.37, 60.77, 55.98, 54.58, 51.57, 48.06, 49.99, 47.17, 47.98, 47.53, 48.47, 48.82, 47.56, 48.2, 48.72, 48.34, 47.08, 46.7, 46.56, 47.62, 48.32, 48.29, 46.99]",34.78,"OpenAQ 'Malabon Action Center' (1269m), mean of 22 hourly readings 2026-10-04 00:00-2026-10-05 00:00 UTC",2026-10-08T13:45:37.447252+00:00
2026-10-05T00:00:00+00:00,Caloocan,"OpenAQ (ground sensor) [fine-tuned, C regularised] [backfilled hindcast]",43,"[41.96, 39.37, 34.84, 29.14, 25.61, 25.05, 26.19, 28.09, 31.08, 34.37, 38.34, 42.27, 44.8, 45.78, 45.17, 42.35, 38.69, 36.27, 36.47, 38.51, 41.61, 43.76, 43.52, 41.14]","[44.75, 40.09, 35.11, 31.01, 28.6, 28.4, 30.16, 32.85, 35.03, 36.87, 38.27, 37.96, 36.8, 36.12, 35.95, 34.98, 34.76, 35.03, 36.62, 40.44, 45.92, 50.51, 52.23, 51.77]","[38.1, 35.95, 35.06, 35.27, 35.95, 36.14, 35.08, 33.17, 31.69, 31.22, 31.99, 32.79, 32.83, 32.31, 31.13, 30.69, 30.42, 30.09, 29.46, 29.23, 29.5, 31.0, 33.3, 35.6]","[45.11, 42.93, 41.49, 40.49, 39.24, 38.74, 36.24, 38.46, 37.01, 38.22, 39.37, 40.38, 40.87, 39.54, 41.56, 41.34, 43.35, 42.91, 44.77, 44.11, 46.54, 47.19, 47.14, 47.7]",37.76,"OpenAQ 'Malabon Action Center' (1269m), mean of 18 hourly readings 2026-10-05 00:00-2026-10-06 00:00 UTC",2026-10-08T13:45:37.493916+00:00
2026-10-06T00:00:00+00:00,Caloocan,"OpenAQ (ground sensor) [fine-tuned, C regularised] [backfilled hindcast]",40,"[36.22, 33.57, 30.76, 28.37, 26.21, 24.19, 22.88, 22.72, 23.69, 24.97, 25.49, 24.91, 23.28, 22.08, 22.14, 21.86, 21.21, 21.47, 22.63, 25.39, 29.92, 33.73, 35.38, 35.99]","[39.36, 38.66, 36.02, 30.7, 25.21, 21.66, 20.51, 22.2, 24.82, 27.43, 29.78, 31.15, 30.73, 28.73, 25.92, 22.87, 21.19, 20.11, 21.24, 25.15, 30.32, 34.44, 37.12, 38.96]","[31.56, 31.1, 30.66, 30.0, 29.19, 28.38, 28.68, 29.69, 30.83, 31.61, 31.83, 32.02, 32.23, 31.58, 30.12, 28.82, 27.41, 26.76, 26.55, 26.26, 26.27, 27.47, 29.14, 30.79]","[36.39, 35.37, 34.62, 34.67, 34.52, 34.11, 32.29, 33.77, 32.94, 32.45, 32.8, 32.65, 32.91, 32.18, 32.74, 32.4, 33.15, 33.22, 33.68, 33.06, 34.69, 34.65, 35.09, 34.84]",48.81,"OpenAQ 'Malabon Action Center' (1269m), mean of 15 hourly readings 2026-10-06 00:00-2026-10-07 00:00 UTC",2026-10-08T13:45:37.541887+00:00
2026-10-07T00:00:00+00:00,Caloocan,"OpenAQ (ground sensor) [fine-tuned, C regularised] [backfilled hindcast]",33,"[43.59, 39.36, 35.02, 33.24, 33.58, 34.03, 36.19, 40.09, 44.09, 47.52, 50.27, 50.23, 46.7, 41.79, 37.61, 33.83, 31.7, 32.44, 34.9, 37.52, 39.96, 41.15, 40.78, 39.6]","[42.76, 33.97, 27.74, 22.7, 19.37, 18.66, 20.7, 25.75, 31.37, 36.0, 39.3, 41.61, 40.41, 36.17, 30.46, 25.29, 22.85, 22.25, 24.28, 28.07, 33.1, 36.36, 36.66, 35.73]","[36.01, 36.42, 36.02, 35.02, 34.1, 33.24, 34.32, 36.7, 38.05, 37.58, 35.97, 35.38, 36.73, 38.62, 39.82, 38.93, 36.32, 34.1, 33.36, 34.09, 35.61, 37.31, 38.43, 39.67]","[45.33, 43.1, 42.21, 40.05, 40.03, 39.14, 36.94, 37.73, 36.7, 36.63, 36.58, 36.47, 36.85, 36.49, 36.51, 37.01, 37.11, 36.37, 36.91, 36.35, 37.96, 38.18, 38.24, 37.89]",49.64,"OpenAQ 'Malabon Action Center' (1269m), mean of 18 hourly readings 2026-10-07 00:00-2026-10-08 00:00 UTC",2026-10-08T13:45:37.588733+00:00
2026-09-30T00:00:00+00:00,Valenzuela,"OpenAQ (ground sensor) [fine-tuned, C regularised] [backfilled hindcast]",35,"[33.81, 31.81, 29.49, 27.29, 26.42, 27.12, 28.72, 30.8, 32.89, 33.99, 34.05, 33.35, 32.4, 31.75, 31.79, 31.27, 30.52, 30.55, 32.17, 34.87, 36.68, 36.59, 35.85, 35.54]","[40.18, 36.88, 33.52, 30.79, 28.89, 27.81, 27.71, 28.49, 29.08, 30.44, 31.83, 32.01, 31.59, 30.7, 29.73, 28.61, 28.28, 27.19, 26.74, 27.89, 30.01, 32.5, 34.46, 36.86]","[35.98, 31.84, 28.89, 27.64, 29.2, 33.02, 35.89, 36.4, 35.06, 33.26, 31.76, 30.52, 29.75, 29.17, 28.36, 28.15, 28.02, 28.41, 29.48, 30.84, 31.62, 32.25, 32.6, 32.77]","[33.9, 33.72, 33.67, 33.97, 34.22, 33.7, 32.88, 33.35, 32.74, 33.21, 33.09, 33.39, 33.34, 32.76, 32.23, 32.2, 32.85, 32.1, 32.2, 30.54, 32.47, 32.42, 31.62, 31.85]",39.02,"OpenAQ '3S Center Paso De Blas' (1711m), mean of 23 hourly readings 2026-09-30 00:00-2026-10-01 00:00 UTC",2026-10-08T13:45:42.572077+00:00
2026-10-01T00:00:00+00:00,Valenzuela,"OpenAQ (ground sensor) [fine-tuned, C regularised] [backfilled hindcast]",41,"[34.25, 33.99, 32.89, 32.05, 32.46, 32.6, 32.46, 32.71, 33.46, 34.94, 37.35, 38.98, 38.28, 36.57, 34.91, 32.73, 30.45, 28.54, 26.73, 25.59, 25.83, 27.06, 28.32, 29.31]","[32.24, 31.66, 30.7, 29.15, 27.3, 25.13, 23.27, 22.52, 22.49, 23.71, 25.9, 28.23, 30.75, 31.73, 31.36, 29.74, 28.11, 26.49, 25.77, 26.48, 27.75, 29.69, 32.1, 34.13]","[31.98, 33.02, 33.81, 33.88, 33.08, 32.29, 32.36, 32.39, 32.44, 32.5, 32.49, 31.8, 30.68, 29.26, 27.87, 27.31, 26.88, 26.46, 26.06, 25.46, 24.84, 24.69, 24.92, 25.98]","[31.71, 31.55, 31.33, 31.25, 31.81, 31.28, 31.14, 31.43, 31.33, 31.49, 31.68, 31.86, 32.05, 31.99, 31.62, 31.14, 31.23, 30.61, 30.31, 29.1, 29.89, 30.0, 29.19, 29.11]",24.38,"OpenAQ '3S Center Paso De Blas' (1711m), mean of 19 hourly readings 2026-10-01 00:00-2026-10-02 00:00 UTC",2026-10-08T13:45:42.601513+00:00
2026-10-02T00:00:00+00:00,Valenzuela,"OpenAQ (ground sensor) [fine-tuned, C regularised] [backfilled hindcast]",42,"[23.95, 23.55, 22.13, 20.35, 18.63, 17.09, 16.68, 17.4, 19.26, 22.17, 26.27, 29.41, 29.32, 26.71, 23.7, 21.1, 19.36, 18.92, 19.18, 19.3, 19.74, 20.58, 21.73, 22.94]","[25.77, 24.23, 22.29, 20.6, 19.15, 17.96, 16.75, 17.25, 18.83, 21.06, 23.59, 25.64, 26.98, 27.17, 26.73, 25.39, 24.41, 23.76, 24.04, 25.97, 28.9, 31.59, 33.18, 34.29]","[28.26, 26.52, 25.05, 23.8, 23.1, 23.28, 24.4, 25.61, 25.98, 25.49, 25.0, 26.23, 28.57, 29.47, 29.02, 27.71, 25.93, 25.09, 25.74, 26.46, 26.29, 26.39, 27.21, 27.78]","[23.87, 24.22, 24.08, 24.87, 23.92, 24.61, 24.64, 24.36, 25.24, 26.3, 26.38, 26.62, 26.5, 26.53, 25.96, 25.91, 26.17, 25.73, 26.4, 25.96, 25.26, 25.94, 25.49, 25.28]",36.01,"OpenAQ '3S Center Paso De Blas' (1711m), mean of 16 hourly readings 2026-10-02 00:00-2026-10-03 00:00 UTC",2026-10-08T13:45:42.628331+00:00
2026-10-03T00:00:00+00:00,Valenzuela,"OpenAQ (ground sensor) [fine-tuned, C regularised] [backfilled hindcast]",35,"[28.58, 26.76, 24.89, 23.78, 23.84, 24.42, 25.1, 26.11, 27.48, 28.61, 29.36, 29.09, 28.05, 27.28, 26.97, 26.53, 26.22, 26.31, 26.63, 27.12, 27.63, 27.97, 28.28, 28.72]","[36.08, 35.55, 35.03, 34.59, 33.63, 32.03, 30.1, 28.78, 27.77, 27.82, 28.53, 29.05, 29.62, 29.66, 29.22, 28.44, 28.24, 27.63, 27.48, 28.54, 30.06, 31.69, 32.85, 33.24]","[34.99, 33.49, 32.4, 32.07, 32.47, 32.98, 33.1, 32.91, 32.56, 31.73, 31.25, 31.01, 30.67, 30.29, 29.93, 29.81, 29.69, 29.56, 29.46, 28.72, 27.58, 26.89, 26.32, 25.48]","[38.55, 36.88, 35.73, 33.89, 32.49, 31.19, 29.43, 28.88, 28.14, 27.62, 26.72, 27.3, 27.24, 26.65, 26.05, 26.38, 26.46, 25.94, 25.58, 25.43, 26.17, 26.48, 26.57, 26.34]",45.68,"OpenAQ '3S Center Paso De Blas' (1711m), mean of 18 hourly readings 2026-10-03 00:00-2026-10-04 00:00 UTC",2026-10-08T13:45:42.655167+00:00
2026-10-04T00:00:00+00:00,Valenzuela,"OpenAQ (ground sensor) [fine-tuned, C regularised] [backfilled hindcast]",34,"[46.8, 43.48, 38.99, 35.71, 34.79, 34.57, 35.16, 36.65, 38.58, 41.05, 43.86, 45.04, 43.88, 41.62, 39.73, 38.02, 37.36, 38.68, 40.84, 42.25, 42.86, 42.84, 42.31, 41.49]","[54.92, 54.54, 52.42, 48.7, 44.34, 40.31, 37.74, 37.25, 37.27, 38.19, 39.77, 40.74, 40.93, 39.69, 37.46, 34.08, 31.07, 27.5, 25.64, 26.02, 27.24, 30.12, 32.84, 34.65]","[46.46, 43.59, 40.52, 37.77, 36.38, 36.11, 35.97, 35.42, 34.87, 34.02, 34.15, 34.62, 34.36, 33.95, 33.25, 33.04, 32.92, 33.16, 33.28, 33.05, 32.76, 32.81, 33.51, 34.41]","[58.67, 56.14, 53.39, 50.34, 48.09, 44.83, 41.81, 40.94, 38.2, 38.82, 37.06, 38.3, 37.41, 36.67, 36.35, 36.44, 36.38, 35.77, 35.03, 34.65, 36.74, 36.96, 37.09, 37.05]",28.48,"OpenAQ '3S Center Paso De Blas' (1711m), mean of 22 hourly readings 2026-10-04 00:00-2026-10-05 00:00 UTC",2026-10-08T13:45:42.680789+00:00
2026-10-05T00:00:00+00:00,Valenzuela,"OpenAQ (ground sensor) [fine-tuned, C regularised] [backfilled hindcast]",40,"[31.21, 27.04, 23.14, 20.95, 20.29, 21.12, 23.21, 26.45, 29.64, 32.21, 34.69, 36.52, 37.12, 36.73, 36.07, 34.44, 33.12, 33.4, 35.46, 37.38, 38.55, 39.04, 38.61, 36.7]","[27.75, 26.3, 24.77, 23.03, 21.91, 22.11, 22.64, 23.69, 25.09, 27.03, 29.09, 30.5, 31.19, 31.27, 31.09, 30.12, 29.28, 28.54, 28.83, 31.08, 34.66, 37.79, 39.38, 39.53]","[28.03, 28.04, 27.6, 26.77, 26.31, 26.47, 27.39, 28.05, 28.22, 28.18, 28.28, 28.33, 27.94, 27.16, 25.94, 25.96, 26.16, 26.54, 26.97, 27.55, 28.41, 30.32, 32.29, 33.9]","[29.95, 28.87, 28.03, 28.08, 26.72, 26.8, 25.9, 27.57, 27.2, 28.48, 29.56, 30.57, 30.75, 29.75, 31.39, 30.72, 32.53, 31.89, 33.02, 32.75, 33.83, 34.36, 33.98, 34.24]",27.96,"OpenAQ '3S Center Paso De Blas' (1711m), mean of 18 hourly readings 2026-10-05 00:00-2026-10-06 00:00 UTC",2026-10-08T13:45:42.708721+00:00
2026-10-06T00:00:00+00:00,Valenzuela,"OpenAQ (ground sensor) [fine-tuned, C regularised] [backfilled hindcast]",40,"[27.73, 27.15, 25.83, 24.3, 22.79, 21.18, 19.81, 18.7, 17.96, 17.69, 17.44, 16.82, 15.91, 15.51, 16.12, 16.83, 17.36, 17.88, 18.64, 20.33, 22.99, 25.01, 25.67, 25.58]","[24.21, 23.81, 23.07, 21.85, 20.75, 19.49, 18.51, 18.17, 18.08, 18.34, 18.81, 18.71, 18.31, 17.72, 17.32, 17.07, 17.16, 17.18, 17.61, 19.24, 20.97, 22.33, 23.3, 24.06]","[30.46, 28.98, 27.5, 26.44, 25.86, 25.65, 25.51, 25.15, 24.92, 24.41, 24.14, 23.98, 23.66, 23.6, 23.58, 23.76, 23.86, 23.85, 23.53, 22.92, 22.17, 21.43, 21.17, 21.16]","[32.28, 31.05, 30.44, 30.2, 29.1, 28.36, 26.95, 27.66, 27.12, 27.01, 26.94, 27.22, 27.61, 26.59, 26.53, 26.47, 27.12, 26.79, 26.68, 26.11, 27.42, 27.31, 27.47, 27.34]",32.5,"OpenAQ '3S Center Paso De Blas' (1711m), mean of 14 hourly readings 2026-10-06 00:00-2026-10-07 00:00 UTC",2026-10-08T13:45:42.730863+00:00
2026-10-07T00:00:00+00:00,Valenzuela,"OpenAQ (ground sensor) [fine-tuned, C regularised] [backfilled hindcast]",32,"[26.07, 24.54, 23.16, 22.57, 23.23, 24.65, 25.87, 26.61, 26.89, 26.81, 26.5, 26.37, 26.32, 26.41, 26.15, 25.19, 24.36, 24.46, 25.64, 27.08, 27.91, 27.53, 26.25, 24.92]","[22.89, 20.2, 18.84, 17.57, 16.18, 15.24, 15.14, 15.98, 17.56, 19.6, 21.53, 23.42, 24.77, 24.63, 23.1, 20.95, 19.14, 17.95, 18.08, 19.47, 21.52, 22.99, 22.91, 21.93]","[29.0, 27.51, 26.03, 25.11, 24.7, 24.57, 24.57, 24.69, 24.97, 24.96, 24.97, 25.08, 24.99, 25.06, 25.16, 25.36, 25.5, 25.8, 26.23, 26.24, 25.8, 25.44, 25.09, 24.24]","[30.79, 30.05, 29.74, 29.4, 28.91, 28.16, 26.84, 26.95, 26.54, 26.04, 25.78, 25.97, 25.89, 25.35, 24.78, 24.83, 25.17, 24.49, 24.48, 23.8, 24.68, 24.58, 24.5, 24.42]",28.74,"OpenAQ '3S Center Paso De Blas' (1711m), mean of 16 hourly readings 2026-10-07 00:00-2026-10-08 00:00 UTC",2026-10-08T13:45:42.756864+00:00
2026-09-30T00:00:00+00:00,Pasig,"OpenAQ (ground sensor) [fine-tuned, C regularised] [backfilled hindcast]",41,"[28.89, 28.1, 26.06, 23.21, 21.48, 20.95, 21.03, 21.38, 22.52, 24.54, 26.87, 28.23, 28.66, 29.48, 30.71, 31.19, 30.24, 28.21, 26.39, 26.32, 26.91, 27.48, 27.75, 28.46]","[38.38, 35.68, 32.61, 29.57, 27.31, 26.25, 26.56, 27.16, 27.46, 27.53, 27.0, 25.81, 24.26, 22.54, 21.06, 19.91, 19.47, 18.66, 18.47, 19.29, 20.32, 21.29, 21.79, 22.4]","[30.31, 29.92, 31.1, 32.81, 33.74, 33.51, 32.36, 31.26, 31.03, 31.05, 31.07, 30.96, 30.36, 29.76, 28.8, 28.04, 27.76, 27.75, 27.85, 27.5, 26.79, 26.28, 26.07, 26.11]","[38.59, 36.94, 36.2, 35.34, 34.23, 33.15, 31.27, 32.14, 31.3, 30.86, 30.43, 30.96, 31.15, 30.08, 29.87, 29.7, 30.25, 30.07, 29.7, 28.79, 30.46, 30.23, 30.7, 30.68]",36.9,"OpenAQ 'Along Shaw Blvd.' (3065m), mean of 24 hourly readings 2026-09-30 00:00-2026-10-01 00:00 UTC",2026-10-08T13:45:45.095187+00:00
2026-10-01T00:00:00+00:00,Pasig,"OpenAQ (ground sensor) [fine-tuned, C regularised] [backfilled hindcast]",45,"[28.62, 30.29, 31.33, 32.06, 32.92, 32.95, 32.08, 31.16, 30.85, 31.78, 34.11, 36.69, 37.91, 37.26, 35.54, 33.14, 30.57, 27.9, 25.22, 23.43, 23.25, 24.56, 27.03, 29.68]","[29.44, 28.09, 27.84, 28.25, 29.16, 29.61, 29.55, 28.92, 27.25, 25.93, 25.47, 25.31, 25.89, 26.38, 26.55, 26.23, 26.03, 25.18, 24.59, 24.9, 25.42, 25.99, 26.27, 26.23]","[26.94, 29.52, 31.86, 32.97, 32.25, 30.32, 28.8, 28.13, 28.38, 28.69, 28.93, 28.92, 28.38, 27.95, 27.25, 26.88, 26.6, 26.11, 25.4, 24.64, 24.06, 23.78, 23.76, 24.22]","[36.14, 35.1, 34.63, 34.02, 33.81, 33.09, 31.75, 32.02, 31.44, 31.18, 30.68, 30.99, 30.95, 30.48, 30.02, 30.02, 30.48, 29.96, 29.84, 28.89, 30.43, 30.45, 30.21, 30.24]",31.22,"OpenAQ 'Along Shaw Blvd.' (3065m), mean of 18 hourly readings 2026-10-01 00:00-2026-10-02 00:00 UTC",2026-10-08T13:45:45.120737+00:00
2026-10-02T00:00:00+00:00,Pasig,"OpenAQ (ground sensor) [fine-tuned, C regularised] [backfilled hindcast]",42,"[31.06, 33.22, 31.31, 26.85, 23.95, 22.83, 22.36, 22.03, 23.02, 25.77, 30.53, 35.23, 37.34, 36.57, 34.13, 30.78, 27.17, 24.27, 22.51, 22.79, 25.5, 29.45, 32.94, 35.37]","[22.51, 23.21, 24.77, 26.69, 28.16, 28.95, 29.1, 28.55, 27.75, 27.16, 26.75, 26.58, 26.37, 25.51, 24.13, 22.23, 20.79, 19.25, 18.24, 18.36, 18.91, 19.65, 20.47, 21.8]","[24.17, 26.15, 27.93, 28.8, 28.8, 28.26, 27.92, 27.53, 27.57, 27.49, 27.38, 27.03, 26.25, 25.56, 24.66, 24.46, 24.27, 24.07, 23.98, 24.0, 23.83, 24.14, 24.8, 25.73]","[29.67, 29.06, 29.11, 29.29, 29.02, 29.11, 28.14, 28.81, 28.75, 28.52, 28.57, 28.56, 28.68, 28.39, 27.98, 27.74, 28.47, 28.01, 28.42, 27.48, 28.23, 28.54, 28.41, 28.42]",34.02,"OpenAQ 'Along Shaw Blvd.' (3065m), mean of 16 hourly readings 2026-10-02 00:00-2026-10-03 00:00 UTC",2026-10-08T13:45:45.152242+00:00
2026-10-03T00:00:00+00:00,Pasig,"OpenAQ (ground sensor) [fine-tuned, C regularised] [backfilled hindcast]",34,"[34.6, 31.68, 27.66, 25.11, 24.47, 24.53, 25.14, 26.2, 28.07, 31.21, 34.83, 36.27, 34.36, 31.09, 28.73, 26.65, 24.73, 24.28, 25.28, 27.63, 31.41, 35.59, 38.51, 39.74]","[41.85, 37.63, 33.89, 31.49, 29.52, 28.18, 27.75, 28.84, 30.61, 32.7, 34.58, 36.28, 37.0, 36.26, 34.28, 31.11, 29.03, 28.08, 28.81, 30.66, 33.02, 34.85, 35.3, 34.54]","[38.32, 35.94, 34.02, 32.42, 31.35, 31.03, 31.18, 31.83, 32.71, 33.21, 32.81, 31.54, 30.0, 28.78, 28.1, 27.69, 26.95, 26.74, 27.24, 27.64, 28.09, 28.88, 29.33, 29.53]","[32.07, 31.21, 31.18, 30.79, 30.06, 29.61, 28.32, 29.13, 28.88, 28.61, 28.55, 28.8, 28.88, 28.22, 27.62, 27.62, 28.2, 27.49, 27.51, 26.66, 27.53, 27.52, 27.68, 27.63]",37.15,"OpenAQ 'Along Shaw Blvd.' (3065m), mean of 21 hourly readings 2026-10-03 00:00-2026-10-04 00:00 UTC",2026-10-08T13:45:45.178192+00:00
2026-10-04T00:00:00+00:00,Pasig,"OpenAQ (ground sensor) [fine-tuned, C regularised] [backfilled hindcast]",37,"[37.99, 37.21, 34.68, 32.41, 31.39, 29.94, 28.44, 27.33, 26.92, 28.44, 30.99, 31.87, 30.93, 30.31, 30.18, 29.03, 27.41, 26.3, 25.67, 26.01, 27.11, 27.97, 28.54, 29.28]","[37.11, 33.73, 30.08, 27.45, 26.3, 26.29, 26.77, 27.38, 27.5, 27.59, 27.85, 27.87, 27.96, 27.44, 26.29, 24.87, 24.23, 23.88, 24.59, 26.42, 28.87, 31.21, 32.63, 32.54]","[36.55, 33.34, 30.38, 28.3, 27.52, 27.7, 27.82, 27.45, 27.02, 26.42, 26.38, 26.43, 26.23, 25.79, 25.24, 24.85, 24.53, 24.48, 24.34, 23.62, 22.57, 21.9, 21.75, 21.58]","[35.88, 35.36, 35.07, 34.82, 34.48, 33.4, 31.92, 32.07, 31.28, 30.84, 30.39, 30.71, 30.19, 29.85, 28.84, 28.59, 28.9, 27.99, 27.79, 26.52, 27.74, 27.39, 27.21, 27.41]",24.75,"OpenAQ 'Along Shaw Blvd.' (3065m), mean of 22 hourly readings 2026-10-04 00:00-2026-10-05 00:00 UTC",2026-10-08T13:45:45.200672+00:00
2026-10-05T00:00:00+00:00,Pasig,"OpenAQ (ground sensor) [fine-tuned, C regularised] [backfilled hindcast]",43,"[30.05, 28.79, 27.57, 27.18, 27.39, 26.98, 25.85, 25.36, 25.78, 27.05, 29.09, 30.85, 31.43, 31.64, 32.1, 31.98, 31.18, 30.23, 29.26, 28.8, 29.28, 31.06, 32.78, 33.3]","[29.39, 28.94, 27.66, 25.24, 22.35, 19.74, 18.27, 17.94, 17.93, 17.98, 17.78, 16.91, 15.82, 14.62, 13.64, 13.27, 14.08, 15.32, 17.44, 20.66, 23.97, 26.18, 27.2, 27.61]","[25.84, 26.5, 27.13, 27.08, 26.16, 24.84, 23.88, 23.23, 22.98, 22.59, 22.07, 21.55, 21.19, 20.69, 19.95, 19.72, 19.62, 19.59, 19.49, 19.27, 19.07, 19.24, 19.66, 20.53]","[31.68, 29.82, 29.09, 28.25, 26.64, 26.37, 24.49, 25.27, 24.71, 24.1, 24.39, 25.05, 25.01, 24.3, 24.72, 24.32, 25.46, 25.18, 25.46, 25.08, 26.17, 26.41, 27.19, 27.2]",28.82,"OpenAQ 'Along Shaw Blvd.' (3065m), mean of 22 hourly readings 2026-10-05 00:00-2026-10-06 00:00 UTC",2026-10-08T13:45:45.221648+00:00
2026-10-06T00:00:00+00:00,Pasig,"OpenAQ (ground sensor) [fine-tuned, C regularised] [backfilled hindcast]",44,"[26.38, 25.81, 24.17, 22.33, 21.0, 19.68, 18.1, 16.76, 16.18, 16.22, 16.45, 17.11, 16.91, 15.72, 14.95, 14.7, 14.38, 14.12, 13.86, 14.49, 16.96, 20.08, 22.04, 22.41]","[33.31, 34.05, 33.45, 31.42, 28.85, 26.27, 24.49, 24.27, 24.65, 25.82, 27.39, 28.41, 28.84, 27.94, 26.27, 24.31, 22.95, 21.49, 21.23, 22.4, 24.07, 26.17, 27.98, 29.3]","[17.49, 19.16, 21.21, 22.88, 23.78, 23.87, 23.45, 22.53, 21.86, 21.02, 20.31, 19.59, 19.05, 18.97, 18.69, 18.39, 18.28, 18.12, 17.78, 17.54, 17.07, 16.72, 16.74, 17.07]","[25.49, 25.24, 25.18, 25.26, 25.11, 25.06, 24.11, 24.31, 24.05, 23.36, 23.02, 23.01, 22.67, 22.55, 22.44, 22.38, 22.73, 22.88, 22.98, 22.79, 23.53, 23.78, 24.0, 24.0]",27.01,"OpenAQ 'Along Shaw Blvd.' (3065m), mean of 16 hourly readings 2026-10-06 00:00-2026-10-07 00:00 UTC",2026-10-08T13:45:45.248025+00:00
2026-10-07T00:00:00+00:00,Pasig,"OpenAQ (ground sensor) [fine-tuned, C regularised] [backfilled hindcast]",38,"[28.64, 26.38, 24.06, 22.43, 21.44, 21.19, 21.85, 23.84, 27.08, 29.71, 30.7, 30.57, 29.75, 28.83, 27.83, 25.82, 23.63, 22.66, 23.47, 26.46, 31.69, 36.72, 38.54, 37.44]","[27.83, 22.59, 19.68, 18.54, 18.98, 21.44, 24.38, 26.76, 28.63, 29.28, 28.9, 28.64, 27.19, 24.43, 21.04, 17.79, 16.18, 15.77, 17.02, 19.4, 22.3, 24.28, 24.92, 24.52]","[29.59, 27.34, 25.63, 24.43, 23.66, 23.19, 22.89, 23.23, 23.73, 24.1, 24.44, 24.77, 24.84, 24.64, 24.68, 24.64, 24.3, 24.33, 24.52, 24.47, 24.11, 23.78, 23.61, 23.29]","[33.94, 32.13, 31.35, 29.63, 28.67, 27.83, 26.38, 26.01, 25.62, 25.25, 24.99, 25.53, 25.49, 25.26, 25.03, 25.59, 25.68, 25.41, 25.35, 25.53, 26.4, 26.64, 26.89, 26.92]",29.39,"OpenAQ 'Along Shaw Blvd.' (3065m), mean of 19 hourly readings 2026-10-07 00:00-2026-10-08 00:00 UTC",2026-10-08T13:45:45.275554+00:00
2026-09-30T00:00:00+00:00,Makati,"OpenAQ (ground sensor) [fine-tuned, C regularised] [backfilled hindcast]",39,"[26.45, 25.97, 24.51, 22.65, 22.03, 21.95, 21.72, 21.13, 20.58, 20.11, 19.83, 19.61, 19.59, 20.24, 21.53, 22.97, 23.95, 24.26, 23.65, 22.99, 22.45, 22.15, 21.68, 21.4]","[25.92, 25.32, 25.04, 24.43, 23.73, 22.72, 20.75, 18.55, 16.45, 14.91, 14.3, 14.61, 15.18, 15.24, 15.11, 14.76, 15.27, 16.29, 17.8, 19.96, 22.03, 23.04, 23.53, 23.46]","[36.42, 34.51, 33.16, 32.11, 31.12, 30.44, 29.99, 29.78, 29.76, 29.38, 28.99, 28.57, 27.8, 27.2, 26.82, 26.79, 26.94, 27.33, 27.67, 27.47, 26.96, 26.67, 26.7, 26.76]","[28.84, 28.19, 27.88, 28.21, 28.4, 27.52, 26.51, 27.3, 27.47, 27.48, 28.14, 29.12, 29.51, 29.45, 29.56, 29.54, 30.1, 29.33, 28.95, 27.89, 28.58, 28.26, 28.03, 27.48]",31.52,"OpenAQ 'Makati Avenue  - Antonio Arnaiz Avenue Intersection' (502m), mean of 23 hourly readings 2026-09-30 00:00-2026-10-01 00:00 UTC",2026-10-08T13:45:49.501364+00:00
2026-10-01T00:00:00+00:00,Makati,"OpenAQ (ground sensor) [fine-tuned, C regularised] [backfilled hindcast]",43,"[27.62, 27.87, 27.74, 27.73, 27.53, 26.34, 24.57, 23.35, 22.81, 23.22, 24.61, 26.41, 28.34, 30.8, 33.32, 33.83, 32.24, 30.05, 28.49, 27.7, 27.09, 26.35, 25.45, 24.89]","[29.75, 30.97, 32.12, 32.63, 31.83, 30.18, 28.29, 27.27, 26.76, 27.15, 28.03, 28.87, 29.8, 29.62, 29.3, 28.7, 29.07, 29.81, 30.9, 32.48, 34.02, 35.4, 36.76, 37.69]","[33.23, 33.37, 33.5, 33.34, 32.82, 31.92, 30.72, 29.7, 29.34, 29.31, 29.49, 29.44, 28.85, 28.31, 27.75, 27.64, 27.6, 27.59, 27.48, 27.15, 26.73, 26.75, 27.29, 28.0]","[36.18, 34.51, 34.04, 33.28, 32.39, 31.4, 29.58, 30.08, 29.09, 28.61, 28.24, 28.74, 28.84, 28.13, 28.13, 28.08, 28.83, 28.74, 28.75, 28.06, 30.31, 30.23, 30.52, 30.7]",27.98,"OpenAQ 'Makati Avenue  - Antonio Arnaiz Avenue Intersection' (502m), mean of 19 hourly readings 2026-10-01 00:00-2026-10-02 00:00 UTC",2026-10-08T13:45:49.527498+00:00
2026-10-02T00:00:00+00:00,Makati,"OpenAQ (ground sensor) [fine-tuned, C regularised] [backfilled hindcast]",42,"[28.01, 28.6, 28.62, 28.42, 27.56, 25.2, 22.18, 19.94, 19.13, 19.48, 20.28, 20.97, 21.11, 21.39, 21.86, 21.17, 19.78, 18.88, 18.13, 18.24, 20.33, 23.46, 25.94, 26.97]","[21.45, 22.88, 24.15, 25.05, 25.37, 24.93, 23.85, 22.44, 21.19, 20.91, 21.12, 21.2, 21.64, 21.45, 20.98, 20.41, 20.37, 20.21, 20.23, 20.94, 21.65, 22.86, 24.34, 26.0]","[18.41, 21.59, 24.78, 26.8, 26.76, 25.61, 24.7, 23.68, 23.09, 22.37, 21.63, 20.87, 20.16, 19.93, 19.37, 19.05, 19.09, 19.03, 19.03, 19.0, 18.53, 17.81, 17.45, 17.83]","[26.42, 26.01, 26.03, 26.01, 25.8, 25.72, 25.02, 25.19, 25.08, 24.58, 24.07, 24.41, 24.24, 24.03, 23.78, 23.46, 24.03, 23.79, 23.75, 23.38, 24.05, 24.31, 24.1, 24.32]",33.14,"OpenAQ 'Makati Avenue  - Antonio Arnaiz Avenue Intersection' (502m), mean of 16 hourly readings 2026-10-02 00:00-2026-10-03 00:00 UTC",2026-10-08T13:45:49.556803+00:00
2026-10-03T00:00:00+00:00,Makati,"OpenAQ (ground sensor) [fine-tuned, C regularised] [backfilled hindcast]",35,"[36.83, 34.06, 29.12, 25.5, 23.79, 22.43, 21.68, 22.16, 24.37, 27.62, 30.37, 30.87, 29.03, 26.82, 25.2, 23.01, 20.49, 18.92, 18.35, 19.87, 25.04, 32.09, 36.83, 37.75]","[41.01, 37.32, 32.5, 28.25, 24.86, 22.72, 22.23, 23.06, 24.04, 26.0, 27.88, 28.7, 29.71, 30.29, 30.63, 30.44, 30.02, 29.13, 28.72, 29.17, 31.01, 34.18, 37.18, 39.42]","[34.81, 34.15, 32.77, 30.8, 28.92, 27.63, 27.16, 27.17, 27.33, 27.27, 27.22, 26.92, 26.38, 26.25, 26.64, 27.1, 26.9, 26.79, 26.81, 27.06, 27.5, 28.32, 29.47, 30.43]","[33.71, 32.51, 31.97, 31.16, 30.84, 30.32, 29.39, 30.16, 30.24, 30.22, 30.42, 30.45, 30.81, 30.53, 30.38, 30.56, 30.76, 30.09, 29.97, 29.57, 29.84, 29.88, 29.95, 29.5]",36.28,"OpenAQ 'Makati Avenue  - Antonio Arnaiz Avenue Intersection' (502m), mean of 20 hourly readings 2026-10-03 00:00-2026-10-04 00:00 UTC",2026-10-08T13:45:49.585963+00:00
2026-10-04T00:00:00+00:00,Makati,"OpenAQ (ground sensor) [fine-tuned, C regularised] [backfilled hindcast]",36,"[39.93, 37.93, 32.39, 27.52, 25.92, 24.9, 24.06, 23.51, 24.65, 28.84, 34.33, 35.68, 32.64, 29.37, 28.0, 26.94, 25.19, 23.87, 23.46, 24.93, 28.28, 30.87, 31.17, 30.21]","[50.39, 47.59, 42.37, 36.87, 32.35, 29.78, 29.56, 30.54, 31.35, 32.79, 33.7, 32.7, 31.56, 30.62, 29.87, 28.9, 28.34, 26.88, 26.26, 27.52, 30.52, 34.95, 39.29, 42.34]","[41.27, 38.84, 35.63, 32.54, 30.23, 29.0, 28.79, 29.08, 29.16, 28.25, 27.4, 27.06, 26.84, 26.55, 26.23, 26.44, 26.67, 27.19, 27.6, 27.28, 26.98, 27.42, 28.11, 28.44]","[37.98, 36.84, 36.46, 35.52, 35.37, 34.7, 33.12, 33.58, 32.75, 32.55, 32.15, 32.15, 32.41, 32.16, 31.71, 31.99, 32.55, 31.96, 32.17, 31.42, 32.97, 33.13, 33.01, 32.75]",19.04,"OpenAQ 'Makati Avenue  - Antonio Arnaiz Avenue Intersection' (502m), mean of 22 hourly readings 2026-10-04 00:00-2026-10-05 00:00 UTC",2026-10-08T13:45:49.611348+00:00
2026-10-05T00:00:00+00:00,Makati,"OpenAQ (ground sensor) [fine-tuned, C regularised] [backfilled hindcast]",42,"[25.39, 24.23, 23.37, 23.45, 23.97, 24.27, 24.02, 23.91, 24.25, 24.55, 24.3, 23.49, 22.88, 22.87, 23.45, 24.27, 25.61, 27.31, 28.82, 29.83, 30.5, 31.1, 31.03, 30.11]","[20.34, 20.54, 19.92, 18.55, 16.9, 15.7, 15.43, 15.58, 15.97, 16.25, 15.76, 14.44, 13.31, 12.97, 13.48, 14.32, 15.34, 16.27, 17.64, 20.4, 24.11, 27.46, 30.27, 32.04]","[23.51, 23.56, 23.83, 23.94, 23.72, 23.23, 23.11, 22.71, 22.34, 21.64, 20.81, 20.55, 20.51, 19.82, 18.35, 17.51, 17.17, 17.5, 18.21, 18.95, 20.04, 21.67, 22.95, 24.16]","[26.32, 24.9, 23.89, 23.64, 22.28, 22.16, 20.66, 20.96, 20.48, 20.29, 20.72, 21.4, 20.92, 20.82, 21.91, 21.36, 22.73, 22.75, 23.65, 23.75, 24.72, 24.99, 25.59, 25.81]",24.29,"OpenAQ 'Makati Avenue  - Antonio Arnaiz Avenue Intersection' (502m), mean of 18 hourly readings 2026-10-05 00:00-2026-10-06 00:00 UTC",2026-10-08T13:45:49.637824+00:00
2026-10-06T00:00:00+00:00,Makati,"OpenAQ (ground sensor) [fine-tuned, C regularised] [backfilled hindcast]",40,"[24.16, 22.55, 21.09, 20.5, 20.61, 21.3, 21.85, 22.27, 22.48, 21.83, 20.02, 18.3, 17.02, 16.19, 16.14, 16.22, 16.34, 17.02, 18.1, 19.83, 22.76, 25.8, 27.54, 27.34]","[26.65, 24.49, 22.06, 20.61, 19.9, 19.11, 18.09, 16.74, 15.06, 13.99, 13.52, 13.26, 13.43, 13.62, 13.92, 13.95, 14.1, 13.62, 13.53, 14.71, 17.26, 20.6, 23.43, 25.56]","[19.43, 20.73, 22.33, 23.65, 24.1, 23.63, 22.55, 21.21, 20.38, 19.68, 19.21, 18.72, 18.08, 17.99, 18.01, 18.19, 18.49, 18.7, 18.65, 18.46, 18.02, 17.47, 17.13, 17.03]","[23.74, 22.84, 22.29, 21.37, 20.6, 20.48, 19.48, 19.12, 18.79, 17.94, 17.31, 17.63, 17.2, 17.55, 17.68, 17.8, 17.76, 18.26, 18.34, 18.89, 19.13, 19.37, 20.35, 20.13]",21.89,"OpenAQ 'Makati Avenue  - Antonio Arnaiz Avenue Intersection' (502m), mean of 15 hourly readings 2026-10-06 00:00-2026-10-07 00:00 UTC",2026-10-08T13:45:49.663999+00:00
2026-10-07T00:00:00+00:00,Makati,"OpenAQ (ground sensor) [fine-tuned, C regularised] [backfilled hindcast]",33,"[18.68, 16.44, 13.97, 12.83, 12.68, 13.21, 14.46, 16.39, 18.39, 19.86, 20.37, 20.11, 19.28, 18.54, 17.74, 16.38, 14.91, 14.08, 14.67, 16.4, 18.62, 19.91, 19.5, 18.29]","[22.88, 19.87, 17.4, 15.85, 15.06, 15.13, 15.39, 16.35, 18.35, 21.27, 24.28, 27.01, 28.86, 29.1, 27.93, 25.72, 23.51, 21.8, 20.97, 21.37, 22.71, 24.28, 25.36, 25.58]","[23.92, 23.09, 22.43, 21.83, 21.19, 20.53, 19.74, 19.1, 18.83, 18.74, 18.89, 19.04, 18.97, 18.63, 18.31, 18.15, 18.06, 18.25, 18.36, 18.45, 18.59, 18.85, 19.24, 19.63]","[24.9, 24.19, 23.88, 23.32, 23.2, 22.67, 21.89, 21.77, 21.32, 20.96, 20.68, 20.7, 20.61, 20.38, 20.48, 20.48, 20.73, 20.54, 20.69, 20.98, 21.77, 21.69, 21.92, 21.99]",19.45,"OpenAQ 'Makati Avenue  - Antonio Arnaiz Avenue Intersection' (502m), mean of 17 hourly readings 2026-10-07 00:00-2026-10-08 00:00 UTC",2026-10-08T13:45:49.690859+00:00
2026-09-30T00:00:00+00:00,Mandaluyong,"OpenAQ (ground sensor) [fine-tuned, C regularised] [backfilled hindcast]",38,"[28.52, 28.13, 26.92, 24.81, 23.26, 22.59, 22.19, 21.59, 20.87, 19.65, 18.39, 17.54, 17.3, 17.78, 19.38, 21.45, 22.81, 23.37, 23.57, 24.04, 24.43, 24.4, 23.44, 22.32]","[27.07, 26.22, 24.91, 23.21, 21.42, 19.43, 17.58, 16.1, 14.87, 14.21, 14.1, 14.09, 14.31, 14.34, 14.44, 14.65, 15.25, 15.69, 16.35, 17.69, 19.23, 20.46, 21.43, 22.22]","[26.39, 26.14, 26.56, 27.07, 27.24, 27.23, 27.05, 26.8, 26.62, 26.21, 25.73, 25.36, 24.93, 24.93, 25.11, 25.55, 25.87, 25.89, 25.76, 25.4, 24.72, 23.93, 23.51, 23.34]","[29.49, 28.52, 28.04, 27.65, 27.02, 26.23, 24.92, 24.98, 24.74, 24.17, 24.18, 24.66, 24.82, 24.38, 24.12, 24.31, 24.68, 24.1, 24.08, 23.62, 24.23, 24.14, 24.53, 24.11]",28.28,"OpenAQ 'J.P. Rizal Avenue corner Camia' (1371m), mean of 19 hourly readings 2026-09-30 00:00-2026-10-01 00:00 UTC",2026-10-08T13:45:54.479938+00:00
2026-10-01T00:00:00+00:00,Mandaluyong,"OpenAQ (ground sensor) [fine-tuned, C regularised] [backfilled hindcast]",40,"[27.55, 26.18, 24.1, 22.67, 22.24, 22.12, 21.89, 21.95, 22.39, 23.6, 25.54, 27.21, 28.22, 28.6, 28.64, 27.83, 26.49, 25.24, 24.23, 23.82, 24.33, 25.22, 25.92, 25.89]","[34.75, 31.92, 28.89, 26.66, 25.18, 23.98, 22.94, 22.51, 22.39, 23.3, 24.63, 26.05, 27.45, 27.99, 27.85, 26.81, 26.02, 25.39, 25.67, 26.79, 28.57, 30.86, 32.95, 34.26]","[30.91, 30.77, 29.93, 28.57, 27.17, 26.37, 26.25, 26.18, 26.05, 25.53, 25.34, 25.61, 25.62, 25.4, 24.99, 24.88, 24.83, 24.79, 24.51, 23.87, 23.19, 22.75, 22.71, 22.78]","[29.68, 28.62, 28.21, 28.07, 27.35, 26.68, 25.43, 25.72, 25.35, 24.99, 24.88, 25.24, 25.37, 24.79, 24.56, 24.62, 25.35, 24.95, 25.01, 24.49, 25.82, 25.78, 25.88, 25.86]",28.91,"OpenAQ 'J.P. Rizal Avenue corner Camia' (1371m), mean of 19 hourly readings 2026-10-01 00:00-2026-10-02 00:00 UTC",2026-10-08T13:45:54.507919+00:00
2026-10-02T00:00:00+00:00,Mandaluyong,"OpenAQ (ground sensor) [fine-tuned, C regularised] [backfilled hindcast]",38,"[29.3, 29.43, 28.47, 26.98, 25.11, 22.41, 20.05, 18.61, 18.4, 19.73, 22.08, 23.96, 23.8, 22.4, 21.28, 19.85, 18.14, 16.85, 15.52, 15.09, 16.71, 20.1, 24.31, 27.58]","[24.92, 23.86, 23.13, 22.12, 20.56, 19.26, 18.9, 19.72, 21.44, 23.65, 25.7, 26.8, 26.9, 25.27, 22.81, 20.4, 19.17, 18.94, 20.03, 22.44, 25.44, 28.57, 31.35, 33.79]","[19.08, 19.54, 20.41, 21.23, 21.94, 22.58, 23.31, 23.87, 24.36, 24.48, 24.12, 23.18, 21.97, 20.92, 19.94, 19.6, 19.4, 19.45, 19.63, 19.86, 20.16, 20.82, 21.39, 22.01]","[22.38, 22.49, 22.64, 22.81, 23.22, 23.08, 22.82, 22.85, 22.83, 22.48, 22.19, 22.18, 21.91, 21.91, 21.56, 21.13, 21.33, 21.32, 21.24, 21.03, 21.35, 21.48, 21.32, 21.56]",28.28,"OpenAQ 'J.P. Rizal Avenue corner Camia' (1371m), mean of 17 hourly readings 2026-10-02 00:00-2026-10-03 00:00 UTC",2026-10-08T13:45:54.543757+00:00
2026-10-03T00:00:00+00:00,Mandaluyong,"OpenAQ (ground sensor) [fine-tuned, C regularised] [backfilled hindcast]",36,"[31.05, 28.98, 25.0, 21.71, 20.14, 19.36, 19.16, 19.51, 20.92, 23.51, 26.55, 27.75, 26.62, 24.71, 23.13, 21.44, 19.88, 19.35, 19.7, 21.42, 24.94, 28.79, 31.5, 32.31]","[34.68, 31.56, 28.79, 26.89, 24.81, 22.42, 19.96, 18.75, 18.74, 20.25, 22.27, 24.39, 26.66, 27.82, 27.74, 26.25, 25.33, 24.91, 25.38, 26.62, 28.36, 30.58, 32.35, 33.02]","[31.14, 29.94, 28.91, 27.88, 27.03, 26.37, 26.13, 26.32, 26.93, 27.3, 27.47, 27.38, 26.76, 26.13, 25.66, 25.51, 24.9, 24.56, 24.58, 24.86, 25.29, 26.29, 27.77, 29.14]","[24.21, 23.74, 23.92, 23.57, 22.92, 22.98, 22.53, 22.98, 23.41, 23.47, 23.43, 23.53, 23.87, 23.67, 23.02, 23.21, 23.49, 22.67, 22.99, 22.63, 22.21, 22.49, 22.66, 22.35]",32.17,"OpenAQ 'J.P. Rizal Avenue corner Camia' (1371m), mean of 18 hourly readings 2026-10-03 00:00-2026-10-04 00:00 UTC",2026-10-08T13:45:54.580249+00:00
2026-10-04T00:00:00+00:00,Mandaluyong,"OpenAQ (ground sensor) [fine-tuned, C regularised] [backfilled hindcast]",35,"[39.88, 37.68, 33.07, 29.04, 26.74, 24.58, 23.17, 22.46, 22.6, 24.29, 26.84, 28.09, 27.84, 27.29, 26.68, 25.22, 23.33, 21.99, 21.23, 21.38, 22.8, 24.43, 25.48, 25.86]","[30.6, 29.1, 27.13, 25.33, 24.28, 23.85, 23.57, 23.36, 23.09, 23.35, 24.04, 24.39, 24.82, 24.69, 24.11, 23.02, 22.18, 21.12, 20.59, 21.28, 22.71, 24.72, 26.38, 27.12]","[32.0, 29.9, 27.5, 25.34, 24.19, 24.03, 24.13, 23.87, 23.66, 23.1, 22.77, 22.6, 22.39, 22.18, 22.01, 22.1, 21.94, 21.89, 21.8, 21.64, 21.47, 21.78, 22.44, 22.9]","[29.94, 29.28, 29.0, 29.05, 28.84, 28.07, 27.08, 27.45, 27.14, 27.05, 26.99, 27.19, 27.29, 26.75, 26.31, 26.24, 26.64, 26.02, 25.85, 24.92, 25.96, 25.66, 25.43, 25.48]",17.0,"OpenAQ 'J.P. Rizal Avenue corner Camia' (1371m), mean of 22 hourly readings 2026-10-04 00:00-2026-10-05 00:00 UTC",2026-10-08T13:45:54.608976+00:00
2026-10-05T00:00:00+00:00,Mandaluyong,"OpenAQ (ground sensor) [fine-tuned, C regularised] [backfilled hindcast]",40,"[26.37, 24.42, 23.31, 23.45, 23.65, 23.23, 22.48, 22.75, 23.96, 24.52, 23.74, 22.2, 20.78, 20.31, 20.78, 21.32, 22.07, 23.28, 24.62, 25.79, 27.07, 28.66, 29.53, 29.04]","[18.81, 18.89, 18.5, 17.72, 16.68, 15.6, 14.62, 13.67, 13.04, 12.96, 13.06, 12.8, 12.77, 12.75, 12.92, 13.2, 13.88, 14.7, 15.83, 17.83, 20.25, 22.47, 24.09, 25.15]","[22.14, 21.48, 21.47, 21.8, 22.07, 21.99, 21.65, 20.72, 20.15, 20.0, 19.61, 18.57, 17.39, 16.2, 15.22, 15.05, 15.2, 15.5, 15.7, 15.92, 16.65, 17.75, 18.3, 19.04]","[25.87, 24.22, 23.2, 22.68, 21.22, 21.03, 19.38, 19.7, 18.98, 18.48, 18.9, 19.68, 19.26, 18.99, 20.19, 19.59, 21.0, 21.05, 21.74, 21.95, 23.11, 23.37, 24.08, 24.3]",23.06,"OpenAQ 'J.P. Rizal Avenue corner Camia' (1371m), mean of 19 hourly readings 2026-10-05 00:00-2026-10-06 00:00 UTC",2026-10-08T13:45:54.637499+00:00
2026-10-06T00:00:00+00:00,Mandaluyong,"OpenAQ (ground sensor) [fine-tuned, C regularised] [backfilled hindcast]",41,"[24.65, 23.12, 21.77, 21.23, 21.24, 22.28, 23.54, 24.71, 25.49, 24.64, 21.92, 19.26, 17.38, 16.18, 15.9, 15.79, 16.02, 17.16, 19.09, 21.57, 24.97, 27.93, 29.35, 29.09]","[24.12, 23.28, 21.81, 20.49, 19.54, 18.55, 17.16, 16.01, 15.17, 15.0, 15.46, 15.93, 16.28, 15.93, 15.07, 13.86, 13.32, 13.19, 14.02, 16.33, 19.29, 22.11, 24.21, 25.47]","[15.12, 15.96, 17.26, 18.42, 19.13, 19.7, 20.11, 20.17, 19.92, 19.4, 18.77, 17.84, 16.95, 16.3, 16.05, 16.13, 16.29, 16.18, 15.78, 15.14, 14.42, 13.73, 12.94, 12.37]","[26.43, 25.48, 24.45, 23.53, 22.59, 22.31, 21.2, 20.43, 19.81, 18.9, 17.9, 18.19, 17.51, 17.92, 18.09, 18.35, 18.37, 18.77, 18.87, 19.78, 20.37, 20.7, 21.54, 21.14]",20.26,"OpenAQ 'J.P. Rizal Avenue corner Camia' (1371m), mean of 14 hourly readings 2026-10-06 00:00-2026-10-07 00:00 UTC",2026-10-08T13:45:54.663240+00:00
2026-10-07T00:00:00+00:00,Mandaluyong,"OpenAQ (ground sensor) [fine-tuned, C regularised] [backfilled hindcast]",33,"[20.75, 18.68, 15.75, 13.95, 13.51, 13.77, 14.73, 16.12, 17.56, 18.85, 19.71, 19.77, 18.83, 17.42, 15.82, 14.17, 13.12, 12.94, 13.83, 15.37, 17.07, 18.13, 18.49, 18.53]","[23.34, 20.29, 17.76, 16.07, 15.36, 15.9, 16.81, 18.5, 20.85, 23.55, 25.95, 27.97, 29.07, 28.84, 27.54, 25.68, 24.13, 22.9, 22.56, 22.97, 23.82, 24.67, 25.08, 25.05]","[16.78, 16.02, 15.66, 15.71, 15.91, 16.11, 16.42, 17.01, 17.55, 17.98, 18.08, 17.77, 17.37, 17.07, 17.03, 17.08, 17.11, 17.43, 17.82, 17.97, 17.87, 17.55, 17.01, 16.37]","[19.43, 19.04, 19.17, 18.74, 18.93, 18.85, 18.63, 18.39, 18.34, 18.09, 17.48, 17.38, 17.19, 17.38, 17.08, 17.02, 17.01, 17.14, 17.36, 17.61, 17.66, 17.87, 17.87, 18.01]",22.21,"OpenAQ 'J.P. Rizal Avenue corner Camia' (1371m), mean of 17 hourly readings 2026-10-07 00:00-2026-10-08 00:00 UTC",2026-10-08T13:45:54.689539+00:00
2026-09-30T00:00:00+00:00,Navotas,"OpenAQ (ground sensor) [fine-tuned, C regularised] [backfilled hindcast]",34,"[38.43, 36.63, 34.46, 32.13, 31.26, 31.66, 32.76, 34.65, 36.75, 37.2, 36.21, 35.38, 35.1, 35.1, 35.34, 34.94, 34.45, 34.99, 36.99, 39.33, 40.18, 39.07, 37.48, 36.61]","[55.18, 45.56, 37.11, 31.17, 28.26, 27.8, 30.07, 32.57, 33.85, 34.56, 33.95, 32.15, 29.8, 27.59, 25.52, 23.88, 23.69, 23.35, 24.18, 26.1, 28.88, 31.55, 33.29, 34.21]","[43.46, 40.43, 36.69, 33.92, 33.8, 35.64, 36.79, 36.87, 36.31, 35.79, 35.71, 35.32, 34.58, 33.39, 31.9, 30.92, 30.46, 30.86, 31.6, 31.78, 31.97, 32.43, 32.24, 31.63]","[43.27, 41.23, 40.33, 38.83, 38.01, 37.12, 34.72, 36.11, 34.84, 34.72, 34.26, 34.8, 35.01, 34.13, 34.31, 34.39, 35.05, 34.9, 34.9, 34.04, 36.08, 36.34, 36.48, 36.27]",41.05,"OpenAQ 'Barangay Tanza 2 Hall' (947m), mean of 21 hourly readings 2026-09-30 00:00-2026-10-01 00:00 UTC",2026-10-08T13:45:59.041151+00:00
2026-10-01T00:00:00+00:00,Navotas,"OpenAQ (ground sensor) [fine-tuned, C regularised] [backfilled hindcast]",39,"[37.95, 35.67, 33.21, 31.31, 30.42, 29.89, 29.81, 30.7, 32.59, 34.84, 36.59, 37.02, 35.99, 34.92, 34.59, 33.42, 31.57, 30.19, 29.81, 30.86, 33.39, 35.97, 36.89, 36.29]","[47.75, 40.0, 32.25, 26.08, 22.54, 21.04, 21.37, 23.49, 26.12, 29.41, 32.25, 33.82, 34.09, 33.37, 32.19, 30.68, 29.78, 29.34, 29.86, 31.75, 34.49, 37.0, 39.23, 41.51]","[51.2, 50.45, 48.83, 46.4, 42.91, 39.54, 37.45, 36.47, 36.27, 36.45, 37.14, 37.1, 36.47, 35.9, 34.9, 34.21, 33.42, 32.71, 32.36, 31.73, 31.69, 32.95, 34.38, 35.48]","[55.5, 51.66, 49.35, 45.21, 44.15, 42.0, 39.45, 40.33, 38.41, 38.92, 39.27, 40.02, 40.5, 39.74, 40.32, 41.23, 40.44, 39.23, 38.68, 38.64, 39.37, 39.57, 39.82, 38.75]",33.24,"OpenAQ 'Barangay Tanza 2 Hall' (947m), mean of 19 hourly readings 2026-10-01 00:00-2026-10-02 00:00 UTC",2026-10-08T13:45:59.074352+00:00
2026-10-02T00:00:00+00:00,Navotas,"OpenAQ (ground sensor) [fine-tuned, C regularised] [backfilled hindcast]",40,"[39.97, 36.34, 31.36, 28.1, 26.63, 25.74, 26.48, 28.43, 30.88, 34.17, 39.04, 42.59, 42.43, 39.58, 36.47, 33.5, 31.07, 29.91, 29.5, 30.2, 33.28, 37.06, 39.43, 40.52]","[33.26, 30.95, 28.11, 25.09, 22.34, 21.25, 21.45, 22.8, 24.58, 26.69, 27.62, 27.17, 26.11, 25.14, 25.06, 25.77, 27.53, 29.41, 31.92, 34.98, 37.69, 38.76, 38.23, 37.36]","[30.31, 30.37, 30.89, 31.33, 31.55, 31.37, 31.27, 31.14, 31.07, 30.28, 29.48, 29.5, 30.07, 30.67, 30.66, 30.29, 29.4, 28.75, 28.67, 29.21, 29.83, 31.06, 32.48, 33.79]","[33.03, 32.79, 31.95, 31.81, 32.15, 32.22, 31.67, 31.53, 31.79, 33.34, 33.7, 33.34, 33.05, 32.81, 32.47, 32.84, 32.79, 32.41, 33.33, 33.01, 33.06, 33.45, 32.72, 32.58]",37.14,"OpenAQ 'Barangay Tanza 2 Hall' (947m), mean of 17 hourly readings 2026-10-02 00:00-2026-10-03 00:00 UTC",2026-10-08T13:45:59.109437+00:00
2026-10-03T00:00:00+00:00,Navotas,"OpenAQ (ground sensor) [fine-tuned, C regularised] [backfilled hindcast]",36,"[41.0, 37.51, 33.16, 30.22, 29.29, 29.2, 29.8, 31.13, 32.91, 34.66, 36.37, 37.28, 37.23, 36.72, 35.97, 35.15, 34.93, 34.62, 33.55, 32.86, 33.77, 35.84, 37.48, 38.02]","[48.76, 46.51, 43.03, 39.46, 36.07, 33.19, 32.27, 33.25, 34.24, 35.79, 37.56, 37.74, 37.43, 36.82, 35.78, 34.48, 33.74, 32.33, 31.9, 32.91, 34.37, 36.44, 37.77, 38.86]","[41.43, 39.95, 39.44, 39.6, 39.5, 38.51, 36.25, 34.2, 33.5, 34.07, 35.23, 35.81, 35.47, 34.56, 33.5, 33.2, 33.3, 32.99, 32.2, 31.33, 30.91, 31.08, 31.48, 32.02]","[42.93, 38.9, 37.1, 32.93, 30.8, 30.0, 27.77, 27.72, 27.64, 26.85, 27.41, 28.08, 28.47, 27.67, 27.89, 28.82, 28.34, 28.39, 28.58, 28.91, 28.6, 29.59, 30.7, 29.92]",41.86,"OpenAQ 'Barangay Tanza 2 Hall' (947m), mean of 19 hourly readings 2026-10-03 00:00-2026-10-04 00:00 UTC",2026-10-08T13:45:59.140205+00:00
2026-10-04T00:00:00+00:00,Navotas,"OpenAQ (ground sensor) [fine-tuned, C regularised] [backfilled hindcast]",36,"[47.93, 43.78, 38.47, 34.52, 32.86, 32.25, 33.08, 35.28, 38.45, 41.94, 45.3, 46.3, 45.1, 43.79, 42.9, 41.4, 40.36, 40.96, 42.11, 42.79, 43.47, 44.35, 44.91, 45.11]","[56.47, 54.06, 50.3, 46.13, 42.27, 38.83, 36.1, 34.98, 34.09, 34.62, 36.11, 37.04, 37.24, 36.35, 34.72, 31.93, 30.07, 27.53, 26.48, 27.34, 29.15, 32.48, 35.43, 37.33]","[45.12, 42.57, 39.18, 36.28, 34.65, 34.19, 34.46, 35.21, 35.59, 35.5, 35.6, 35.53, 35.01, 34.45, 33.82, 33.72, 33.73, 34.33, 35.47, 36.03, 36.17, 36.22, 36.03, 35.56]","[46.11, 44.25, 42.97, 40.77, 40.66, 39.44, 37.54, 37.34, 36.44, 36.25, 35.55, 35.88, 35.77, 35.6, 35.62, 36.5, 36.24, 35.7, 35.69, 35.68, 37.28, 37.68, 37.68, 36.96]",29.19,"OpenAQ 'Barangay Tanza 2 Hall' (947m), mean of 22 hourly readings 2026-10-04 00:00-2026-10-05 00:00 UTC",2026-10-08T13:45:59.168142+00:00
2026-10-05T00:00:00+00:00,Navotas,"OpenAQ (ground sensor) [fine-tuned, C regularised] [backfilled hindcast]",41,"[31.41, 27.61, 23.49, 20.83, 20.43, 21.57, 23.58, 26.42, 29.42, 32.02, 34.84, 36.84, 37.23, 36.37, 35.63, 35.02, 35.16, 36.51, 38.76, 40.15, 40.61, 41.23, 40.86, 38.57]","[38.33, 34.31, 29.84, 26.55, 24.93, 25.13, 26.98, 29.31, 31.15, 32.63, 33.04, 32.09, 30.36, 28.8, 27.87, 27.28, 27.81, 28.7, 30.42, 32.95, 35.7, 37.23, 37.44, 37.05]","[42.37, 37.78, 32.63, 28.51, 27.55, 29.79, 32.62, 33.53, 32.71, 30.95, 29.98, 29.54, 28.95, 27.93, 26.59, 26.65, 26.99, 27.82, 28.4, 28.7, 29.27, 30.93, 32.88, 34.39]","[41.45, 39.0, 37.63, 36.44, 35.75, 34.97, 31.64, 32.7, 30.71, 30.47, 31.22, 31.52, 31.39, 30.8, 32.48, 32.69, 34.24, 33.79, 35.49, 35.12, 38.41, 38.51, 39.02, 39.33]",29.67,"OpenAQ 'Barangay Tanza 2 Hall' (947m), mean of 16 hourly readings 2026-10-05 00:00-2026-10-06 00:00 UTC",2026-10-08T13:45:59.194514+00:00
2026-10-06T00:00:00+00:00,Navotas,"OpenAQ (ground sensor) [fine-tuned, C regularised] [backfilled hindcast]",38,"[30.24, 29.11, 26.96, 24.71, 22.9, 21.94, 22.02, 22.55, 23.21, 23.51, 23.31, 22.21, 20.2, 18.63, 18.61, 18.77, 18.97, 20.18, 22.16, 25.0, 28.78, 31.19, 31.81, 32.15]","[34.94, 33.19, 30.44, 27.0, 23.72, 20.84, 19.0, 18.85, 19.48, 21.12, 23.03, 23.66, 23.34, 22.5, 21.24, 19.97, 19.65, 19.06, 19.49, 22.17, 25.94, 29.32, 31.77, 34.05]","[30.21, 30.26, 30.0, 29.34, 28.85, 28.41, 27.98, 27.79, 27.89, 27.8, 27.51, 27.32, 27.4, 28.1, 29.09, 29.57, 29.05, 28.42, 28.22, 28.24, 27.88, 27.51, 27.37, 27.34]","[29.47, 28.55, 27.42, 28.2, 27.17, 27.22, 25.4, 26.83, 26.52, 26.39, 27.02, 27.38, 27.34, 26.77, 27.87, 27.37, 28.52, 28.64, 29.46, 29.28, 30.6, 30.73, 31.03, 31.18]",39.82,"OpenAQ 'Barangay Tanza 2 Hall' (947m), mean of 13 hourly readings 2026-10-06 00:00-2026-10-07 00:00 UTC",2026-10-08T13:45:59.224979+00:00
2026-10-07T00:00:00+00:00,Navotas,"OpenAQ (ground sensor) [fine-tuned, C regularised] [backfilled hindcast]",29,"[37.06, 32.36, 28.56, 26.87, 26.78, 28.02, 30.62, 33.37, 35.07, 35.74, 35.62, 34.66, 32.9, 31.1, 29.08, 26.71, 25.3, 25.33, 26.46, 28.53, 31.36, 33.35, 33.19, 31.35]","[41.66, 33.16, 26.76, 22.87, 21.29, 21.26, 22.42, 24.34, 26.1, 27.99, 29.14, 29.41, 28.95, 27.7, 25.66, 23.27, 22.05, 21.23, 21.56, 22.94, 25.11, 27.33, 28.68, 29.0]","[36.85, 34.36, 32.33, 31.01, 30.28, 29.7, 29.7, 30.59, 31.67, 32.45, 32.67, 32.45, 31.91, 31.28, 31.0, 30.76, 29.85, 29.59, 30.17, 30.52, 30.9, 31.74, 32.2, 31.99]","[41.65, 39.28, 37.92, 35.33, 34.66, 33.36, 31.54, 31.39, 30.74, 30.59, 30.25, 30.92, 30.78, 30.64, 30.44, 31.23, 31.03, 30.6, 30.4, 30.38, 31.36, 31.7, 31.85, 31.6]",35.45,"OpenAQ 'Barangay Tanza 2 Hall' (947m), mean of 16 hourly readings 2026-10-07 00:00-2026-10-08 00:00 UTC",2026-10-08T13:45:59.251901+00:00
2026-09-30T00:00:00+00:00,Pasay,"OpenAQ (ground sensor) [fine-tuned, C regularised] [backfilled hindcast]",37,"[38.78, 37.49, 34.51, 31.84, 30.91, 29.72, 28.54, 27.85, 28.37, 31.24, 34.95, 34.74, 30.72, 27.74, 26.58, 24.98, 22.7, 21.45, 20.76, 21.37, 23.78, 26.63, 28.24, 29.15]","[46.24, 44.06, 40.46, 35.11, 28.59, 24.49, 23.92, 24.86, 26.26, 27.82, 28.54, 27.14, 26.02, 25.64, 25.9, 25.67, 25.63, 25.41, 25.34, 27.19, 30.12, 33.05, 35.87, 38.63]","[40.52, 37.41, 34.21, 31.71, 30.36, 29.75, 30.04, 31.22, 31.73, 31.15, 30.75, 31.6, 32.97, 33.47, 33.25, 32.82, 32.39, 32.78, 33.57, 33.83, 33.71, 34.15, 34.82, 35.02]","[52.45, 50.99, 49.92, 48.57, 48.93, 47.4, 44.43, 46.18, 43.15, 42.17, 42.31, 41.26, 41.3, 39.87, 40.83, 41.32, 41.18, 40.82, 40.67, 40.87, 43.13, 42.01, 43.38, 43.15]",64.96,"OpenAQ 'Santa Clara - Pasay City General Hospital' (1235m), mean of 23 hourly readings 2026-09-30 00:00-2026-10-01 00:00 UTC",2026-10-08T13:46:03.395140+00:00
2026-10-01T00:00:00+00:00,Pasay,"OpenAQ (ground sensor) [fine-tuned, C regularised] [backfilled hindcast]",42,"[33.65, 31.29, 29.73, 28.65, 27.6, 25.82, 25.37, 25.47, 24.38, 26.2, 32.54, 36.5, 30.94, 22.51, 19.98, 20.21, 18.62, 17.98, 17.9, 18.33, 20.12, 23.62, 26.37, 28.55]","[45.86, 40.51, 37.22, 35.46, 33.94, 32.68, 30.97, 30.11, 30.27, 31.03, 33.35, 36.8, 39.79, 40.41, 40.79, 38.93, 36.28, 35.57, 35.69, 37.6, 39.79, 41.62, 43.51, 43.52]","[36.13, 35.51, 33.58, 31.23, 28.74, 26.94, 26.99, 28.16, 29.27, 30.56, 31.3, 30.76, 29.84, 28.89, 28.12, 28.12, 28.2, 28.8, 29.99, 30.71, 31.01, 31.5, 32.11, 32.95]","[51.47, 53.42, 51.56, 49.12, 51.24, 49.78, 47.57, 47.78, 43.53, 41.15, 38.98, 35.88, 33.64, 32.16, 35.43, 35.27, 33.51, 34.98, 33.12, 36.51, 37.68, 36.18, 39.11, 38.68]",44.3,"OpenAQ 'Santa Clara - Pasay City General Hospital' (1235m), mean of 18 hourly readings 2026-10-01 00:00-2026-10-02 00:00 UTC",2026-10-08T13:46:03.421582+00:00
2026-10-02T00:00:00+00:00,Pasay,"OpenAQ (ground sensor) [fine-tuned, C regularised] [backfilled hindcast]",41,"[28.71, 30.0, 30.19, 29.76, 29.61, 29.14, 29.46, 28.53, 26.67, 28.14, 35.34, 40.96, 34.87, 23.45, 19.82, 21.83, 20.43, 18.42, 17.87, 18.55, 19.9, 22.33, 24.56, 26.82]","[27.08, 35.08, 38.93, 37.36, 32.81, 30.15, 30.9, 33.54, 37.44, 40.88, 41.22, 38.16, 34.47, 30.26, 30.58, 33.43, 36.54, 39.44, 40.35, 41.14, 41.26, 42.24, 44.74, 47.61]","[35.2, 31.47, 29.01, 27.86, 26.7, 26.17, 26.24, 26.2, 25.63, 25.37, 25.41, 25.26, 25.19, 24.18, 22.91, 22.12, 22.05, 22.51, 23.48, 23.98, 24.55, 25.23, 24.99, 23.96]","[57.18, 57.79, 57.0, 54.41, 55.08, 53.07, 50.11, 49.84, 44.25, 42.38, 40.73, 41.7, 40.09, 37.69, 38.4, 39.77, 39.56, 42.0, 42.36, 43.24, 49.05, 48.4, 49.67, 53.35]",56.34,"OpenAQ 'Santa Clara - Pasay City General Hospital' (1235m), mean of 16 hourly readings 2026-10-02 00:00-2026-10-03 00:00 UTC",2026-10-08T13:46:03.455157+00:00
2026-10-03T00:00:00+00:00,Pasay,"OpenAQ (ground sensor) [fine-tuned, C regularised] [backfilled hindcast]",34,"[37.08, 35.35, 32.23, 29.16, 26.93, 24.06, 22.31, 21.56, 21.23, 23.23, 29.08, 34.68, 32.38, 25.53, 21.82, 20.53, 18.75, 17.89, 16.66, 15.69, 17.42, 21.8, 25.72, 29.06]","[54.34, 42.52, 33.06, 28.06, 26.66, 26.57, 26.54, 27.08, 27.93, 29.67, 31.71, 34.12, 36.7, 38.76, 39.6, 36.83, 32.72, 30.04, 29.03, 30.38, 33.86, 37.8, 41.54, 43.57]","[39.19, 36.9, 33.33, 29.81, 27.23, 25.92, 26.33, 27.65, 28.7, 29.37, 29.63, 29.49, 29.4, 29.22, 28.92, 28.67, 27.85, 27.89, 28.92, 29.82, 30.58, 32.1, 33.96, 35.09]","[50.46, 51.65, 50.87, 48.79, 49.67, 48.85, 46.97, 47.08, 42.92, 41.04, 39.06, 36.36, 35.6, 34.36, 35.35, 36.11, 35.43, 35.68, 34.91, 36.97, 38.69, 38.0, 40.13, 39.71]",43.12,"OpenAQ 'Santa Clara - Pasay City General Hospital' (1235m), mean of 17 hourly readings 2026-10-03 00:00-2026-10-04 00:00 UTC",2026-10-08T13:46:03.486250+00:00
2026-10-04T00:00:00+00:00,Pasay,"OpenAQ (ground sensor) [fine-tuned, C regularised] [backfilled hindcast]",33,"[37.18, 39.68, 35.28, 29.66, 29.63, 30.95, 30.26, 28.64, 32.04, 40.54, 48.14, 43.73, 32.87, 28.3, 28.84, 27.16, 23.32, 23.86, 28.2, 32.63, 35.66, 37.95, 39.96, 41.32]","[38.32, 41.63, 41.62, 37.49, 32.0, 28.79, 29.12, 31.11, 33.22, 35.61, 36.29, 34.71, 32.72, 30.31, 29.11, 28.23, 27.69, 26.83, 27.02, 29.41, 33.09, 37.38, 41.24, 44.68]","[37.06, 33.04, 29.76, 27.5, 26.25, 25.66, 25.5, 25.82, 26.21, 26.46, 26.5, 26.37, 26.09, 25.16, 24.16, 23.44, 22.76, 23.06, 23.94, 24.21, 24.57, 25.9, 27.12, 27.33]","[43.81, 43.52, 43.11, 40.83, 41.01, 40.09, 38.76, 38.96, 36.84, 35.74, 34.66, 35.44, 34.92, 33.51, 33.34, 33.87, 33.36, 34.66, 34.76, 34.54, 35.72, 36.3, 36.66, 37.95]",26.71,"OpenAQ 'Santa Clara - Pasay City General Hospital' (1235m), mean of 22 hourly readings 2026-10-04 00:00-2026-10-05 00:00 UTC",2026-10-08T13:46:03.511907+00:00
2026-10-05T00:00:00+00:00,Pasay,"OpenAQ (ground sensor) [fine-tuned, C regularised] [backfilled hindcast]",39,"[29.73, 27.37, 23.81, 21.84, 21.93, 22.73, 23.69, 25.35, 28.05, 30.73, 32.51, 32.07, 30.63, 29.68, 29.18, 28.24, 27.71, 28.6, 30.3, 31.99, 33.82, 35.4, 35.64, 34.49]","[29.41, 28.04, 26.63, 24.87, 22.85, 21.47, 21.18, 21.59, 22.4, 23.54, 23.31, 21.78, 19.94, 18.54, 18.03, 18.32, 19.97, 22.13, 24.85, 28.21, 31.36, 33.16, 33.98, 34.5]","[34.09, 33.7, 32.08, 29.42, 26.97, 25.56, 25.98, 27.32, 28.3, 29.07, 29.21, 28.9, 28.86, 29.27, 29.64, 30.03, 29.62, 29.11, 28.84, 29.12, 30.11, 32.08, 34.3, 36.34]","[29.04, 28.53, 28.0, 28.23, 27.52, 27.68, 26.9, 27.58, 27.85, 28.01, 28.07, 28.11, 28.12, 27.67, 27.55, 27.08, 27.69, 27.51, 28.14, 27.52, 27.58, 28.13, 28.12, 27.91]",35.38,"OpenAQ 'Santa Clara - Pasay City General Hospital' (1235m), mean of 18 hourly readings 2026-10-05 00:00-2026-10-06 00:00 UTC",2026-10-08T13:46:03.537751+00:00
2026-10-06T00:00:00+00:00,Pasay,"OpenAQ (ground sensor) [fine-tuned, C regularised] [backfilled hindcast]",40,"[36.84, 34.18, 30.64, 27.77, 26.1, 24.7, 23.45, 22.65, 22.52, 22.92, 23.54, 24.94, 26.0, 25.73, 25.18, 24.17, 23.08, 22.83, 23.03, 23.94, 26.05, 29.04, 32.05, 34.36]","[29.84, 31.51, 32.62, 31.9, 29.53, 26.15, 22.97, 21.53, 21.13, 21.8, 22.69, 23.4, 24.1, 23.38, 21.73, 19.7, 18.69, 18.3, 19.52, 22.19, 24.94, 27.56, 29.5, 30.59]","[34.04, 33.65, 33.02, 32.01, 30.72, 29.66, 28.94, 28.53, 28.4, 28.14, 27.67, 26.62, 25.51, 24.85, 24.89, 25.29, 25.4, 25.36, 25.06, 24.6, 24.31, 24.72, 25.69, 26.69]","[32.74, 31.13, 30.23, 28.83, 28.39, 27.81, 26.34, 26.47, 26.14, 25.24, 25.26, 25.35, 25.06, 24.8, 25.36, 25.48, 25.17, 25.45, 25.16, 25.69, 26.44, 26.27, 27.43, 27.22]",31.35,"OpenAQ 'Santa Clara - Pasay City General Hospital' (1235m), mean of 15 hourly readings 2026-10-06 00:00-2026-10-07 00:00 UTC",2026-10-08T13:46:03.559368+00:00
2026-10-07T00:00:00+00:00,Pasay,"OpenAQ (ground sensor) [fine-tuned, C regularised] [backfilled hindcast]",33,"[35.97, 33.13, 28.99, 26.79, 26.19, 25.72, 26.27, 27.91, 30.99, 36.18, 42.14, 43.65, 39.88, 34.46, 30.45, 27.04, 24.16, 22.87, 23.01, 25.35, 30.89, 36.24, 38.76, 39.2]","[36.11, 32.97, 29.81, 26.71, 23.94, 22.78, 23.61, 26.66, 30.47, 34.53, 38.33, 41.02, 41.85, 40.02, 37.16, 34.01, 31.66, 29.81, 29.22, 30.11, 32.05, 34.15, 35.82, 37.64]","[31.47, 29.44, 27.65, 26.27, 25.37, 24.82, 25.01, 25.79, 26.68, 27.64, 28.42, 28.73, 28.45, 27.81, 27.29, 27.34, 27.04, 27.04, 27.22, 27.17, 27.06, 27.76, 29.1, 30.37]","[33.84, 33.48, 33.15, 32.72, 33.3, 32.98, 32.2, 32.05, 31.46, 31.56, 31.09, 30.82, 30.61, 30.79, 30.15, 30.66, 30.62, 30.21, 30.62, 30.26, 31.15, 31.28, 30.98, 30.95]",32.95,"OpenAQ 'Santa Clara - Pasay City General Hospital' (1235m), mean of 17 hourly readings 2026-10-07 00:00-2026-10-08 00:00 UTC",2026-10-08T13:46:03.585114+00:00
2026-09-30T00:00:00+00:00,San_Juan,"OpenAQ (ground sensor) [fine-tuned, C regularised] [backfilled hindcast]",35,"[29.66, 29.61, 28.52, 26.59, 25.67, 25.44, 24.7, 23.07, 21.1, 19.56, 18.85, 18.66, 18.91, 19.6, 21.78, 25.19, 28.08, 29.31, 29.37, 29.47, 28.85, 27.54, 25.86, 24.81]","[30.94, 28.47, 26.11, 24.1, 22.96, 22.29, 22.04, 21.47, 20.46, 19.25, 18.16, 17.21, 16.7, 16.34, 16.39, 16.83, 17.77, 18.74, 19.81, 21.54, 23.28, 24.24, 24.58, 24.72]","[29.59, 28.49, 28.43, 29.12, 30.27, 31.94, 33.03, 33.03, 32.54, 32.28, 31.56, 30.66, 30.08, 29.81, 29.18, 29.37, 29.9, 30.33, 31.4, 32.36, 32.0, 30.8, 29.54, 28.69]","[33.7, 32.6, 32.12, 31.82, 31.13, 30.35, 28.8, 29.49, 28.83, 28.45, 28.16, 28.39, 28.58, 27.78, 27.61, 27.56, 28.22, 27.98, 27.97, 27.26, 28.88, 28.73, 28.86, 28.9]",32.05,"OpenAQ 'San Juan Mini Park' (738m), mean of 19 hourly readings 2026-09-30 00:00-2026-10-01 00:00 UTC",2026-10-08T13:46:07.791588+00:00
2026-10-01T00:00:00+00:00,San_Juan,"OpenAQ (ground sensor) [fine-tuned, C regularised] [backfilled hindcast]",38,"[23.94, 25.16, 26.18, 27.81, 29.8, 30.04, 28.03, 25.85, 24.27, 23.65, 23.68, 24.05, 25.12, 27.38, 30.11, 31.28, 30.6, 29.1, 27.56, 26.05, 24.25, 22.57, 21.67, 21.38]","[32.11, 30.38, 29.41, 29.22, 29.34, 29.14, 28.31, 27.38, 26.22, 25.85, 26.27, 27.39, 28.92, 29.77, 30.28, 30.19, 30.39, 30.37, 30.5, 31.0, 31.35, 31.6, 32.25, 33.1]","[25.91, 29.93, 33.28, 34.88, 34.79, 33.97, 33.27, 32.15, 31.45, 30.71, 30.14, 29.26, 28.17, 27.45, 26.41, 26.01, 25.93, 25.42, 24.61, 23.93, 23.26, 23.12, 23.45, 24.38]","[34.72, 33.89, 33.51, 32.97, 32.4, 31.33, 30.25, 30.05, 29.48, 29.42, 28.91, 29.29, 29.13, 28.67, 28.04, 28.02, 28.25, 27.56, 27.17, 26.43, 27.55, 27.34, 27.24, 27.35]",25.17,"OpenAQ 'San Juan Mini Park' (738m), mean of 19 hourly readings 2026-10-01 00:00-2026-10-02 00:00 UTC",2026-10-08T13:46:07.819936+00:00
2026-10-02T00:00:00+00:00,San_Juan,"OpenAQ (ground sensor) [fine-tuned, C regularised] [backfilled hindcast]",38,"[25.28, 26.31, 26.14, 24.77, 22.57, 20.06, 18.26, 17.5, 17.83, 19.11, 21.84, 24.95, 26.53, 26.31, 25.02, 22.61, 20.04, 18.2, 17.04, 17.18, 19.25, 21.81, 23.61, 24.33]","[24.41, 24.89, 26.12, 27.49, 28.09, 27.34, 25.72, 24.64, 24.09, 24.39, 25.44, 26.68, 27.9, 28.06, 27.24, 25.26, 23.73, 22.57, 22.2, 22.85, 23.47, 24.11, 24.5, 25.41]","[26.66, 26.02, 25.92, 25.56, 25.49, 26.18, 27.72, 28.85, 27.92, 25.0, 23.39, 26.1, 30.87, 32.5, 31.3, 28.81, 26.86, 26.15, 26.01, 25.61, 24.66, 23.76, 22.99, 22.44]","[26.19, 25.98, 26.12, 26.21, 25.84, 25.79, 25.39, 25.65, 25.8, 25.9, 25.68, 25.9, 26.02, 25.74, 25.28, 25.08, 25.61, 25.19, 25.13, 24.48, 24.83, 25.06, 24.71, 24.73]",34.22,"OpenAQ 'San Juan Mini Park' (738m), mean of 17 hourly readings 2026-10-02 00:00-2026-10-03 00:00 UTC",2026-10-08T13:46:07.846056+00:00
2026-10-03T00:00:00+00:00,San_Juan,"OpenAQ (ground sensor) [fine-tuned, C regularised] [backfilled hindcast]",36,"[28.05, 25.35, 22.59, 21.03, 20.77, 20.85, 20.85, 20.84, 20.86, 21.22, 21.07, 19.92, 18.75, 18.91, 20.05, 21.12, 21.97, 22.62, 23.47, 24.55, 24.96, 24.29, 22.8, 21.12]","[34.83, 32.32, 30.13, 28.68, 27.54, 26.75, 25.96, 25.83, 25.86, 26.03, 26.25, 26.53, 26.48, 26.25, 26.43, 26.63, 28.05, 30.06, 32.38, 35.01, 37.3, 37.47, 36.09, 34.53]","[31.82, 31.03, 30.49, 29.82, 28.92, 28.06, 28.28, 29.65, 31.38, 32.47, 32.13, 30.79, 29.36, 28.83, 28.78, 28.56, 28.01, 27.95, 28.35, 28.62, 29.15, 29.9, 30.29, 30.47]","[33.22, 32.33, 31.85, 30.97, 30.7, 30.18, 29.08, 28.88, 28.86, 28.41, 27.68, 28.08, 27.89, 27.82, 27.23, 27.49, 27.76, 27.52, 27.21, 26.84, 27.67, 28.04, 27.75, 27.65]",37.94,"OpenAQ 'San Juan Mini Park' (738m), mean of 18 hourly readings 2026-10-03 00:00-2026-10-04 00:00 UTC",2026-10-08T13:46:07.874464+00:00
2026-10-04T00:00:00+00:00,San_Juan,"OpenAQ (ground sensor) [fine-tuned, C regularised] [backfilled hindcast]",35,"[30.65, 30.55, 29.98, 29.43, 28.96, 27.55, 25.95, 24.81, 24.21, 24.81, 26.3, 27.61, 29.1, 31.2, 32.97, 32.56, 30.57, 28.52, 26.65, 25.79, 25.92, 26.51, 26.96, 27.48]","[37.61, 34.6, 31.89, 29.78, 28.96, 29.01, 28.69, 28.13, 27.23, 26.94, 27.27, 28.31, 29.6, 29.98, 30.02, 29.43, 29.23, 28.72, 28.54, 29.06, 29.8, 30.55, 31.2, 31.7]","[38.11, 35.76, 33.67, 32.46, 32.94, 34.21, 34.65, 34.01, 33.23, 33.02, 33.67, 33.88, 33.32, 32.55, 31.4, 30.78, 30.5, 30.46, 30.39, 30.46, 30.58, 31.28, 32.26, 33.18]","[35.89, 35.15, 35.01, 34.69, 34.85, 34.41, 33.25, 33.85, 33.38, 33.66, 33.49, 33.66, 33.77, 33.3, 32.76, 32.84, 33.45, 32.79, 32.99, 31.65, 33.5, 33.63, 32.79, 33.04]",21.79,"OpenAQ 'San Juan Mini Park' (738m), mean of 22 hourly readings 2026-10-04 00:00-2026-10-05 00:00 UTC",2026-10-08T13:46:07.906535+00:00
2026-10-05T00:00:00+00:00,San_Juan,"OpenAQ (ground sensor) [fine-tuned, C regularised] [backfilled hindcast]",40,"[30.55, 28.74, 27.69, 28.19, 29.26, 29.35, 28.26, 27.82, 28.23, 28.31, 27.43, 25.7, 24.2, 23.72, 24.17, 25.06, 26.91, 29.24, 30.93, 31.92, 32.88, 33.86, 33.85, 31.97]","[31.96, 31.24, 30.11, 28.56, 26.58, 24.84, 23.59, 22.78, 22.12, 22.37, 22.95, 22.95, 23.03, 22.86, 22.64, 22.15, 22.16, 22.24, 23.38, 26.19, 29.88, 33.69, 36.54, 37.77]","[24.49, 24.21, 24.95, 26.11, 27.02, 27.1, 26.25, 24.81, 23.95, 23.84, 23.95, 23.49, 22.55, 21.5, 20.51, 20.83, 21.92, 22.81, 22.99, 22.85, 22.81, 23.43, 24.33, 25.52]","[30.84, 28.85, 27.57, 26.71, 25.27, 24.97, 23.22, 23.75, 23.18, 23.19, 23.95, 24.75, 24.45, 24.11, 25.55, 25.07, 26.61, 26.53, 27.68, 27.74, 29.19, 29.55, 30.15, 30.61]",23.96,"OpenAQ 'San Juan Mini Park' (738m), mean of 16 hourly readings 2026-10-05 00:00-2026-10-06 00:00 UTC",2026-10-08T13:46:07.936941+00:00
2026-10-06T00:00:00+00:00,San_Juan,"OpenAQ (ground sensor) [fine-tuned, C regularised] [backfilled hindcast]",38,"[26.62, 25.3, 23.74, 22.7, 22.51, 23.33, 24.03, 24.24, 23.85, 22.19, 19.43, 17.41, 16.25, 15.67, 16.34, 17.36, 18.1, 19.03, 20.25, 21.81, 24.13, 26.47, 27.81, 28.02]","[21.67, 23.04, 23.98, 24.23, 23.92, 22.62, 20.72, 19.25, 18.25, 18.16, 18.62, 18.76, 18.93, 18.7, 18.01, 17.09, 16.73, 16.14, 16.24, 17.9, 20.15, 22.43, 24.06, 25.31]","[26.68, 27.41, 28.63, 29.67, 30.08, 29.8, 29.21, 28.18, 27.52, 26.33, 25.22, 24.37, 23.53, 22.95, 22.33, 21.77, 21.16, 20.88, 20.78, 20.53, 20.21, 20.4, 21.02, 21.96]","[27.75, 27.0, 26.43, 25.72, 24.94, 24.52, 23.19, 22.69, 22.04, 21.37, 20.47, 20.78, 20.41, 20.61, 20.69, 20.85, 21.01, 21.18, 21.36, 21.9, 22.64, 23.05, 23.51, 23.21]",24.77,"OpenAQ 'San Juan Mini Park' (738m), mean of 14 hourly readings 2026-10-06 00:00-2026-10-07 00:00 UTC",2026-10-08T13:46:07.967438+00:00
2026-10-07T00:00:00+00:00,San_Juan,"OpenAQ (ground sensor) [fine-tuned, C regularised] [backfilled hindcast]",30,"[20.48, 18.35, 15.68, 13.96, 13.36, 13.39, 14.15, 15.91, 18.4, 20.46, 21.13, 20.51, 19.3, 18.56, 17.86, 16.37, 14.49, 13.12, 13.22, 14.83, 17.2, 18.88, 19.09, 18.56]","[21.91, 21.13, 20.08, 19.25, 18.82, 18.53, 18.19, 18.7, 19.91, 22.34, 25.42, 28.61, 31.71, 33.42, 33.51, 32.21, 30.05, 27.32, 24.96, 23.17, 21.83, 21.24, 21.04, 20.93]","[25.26, 24.3, 23.66, 23.17, 22.61, 22.14, 21.77, 21.74, 22.04, 22.29, 22.88, 24.0, 24.68, 24.74, 24.5, 24.2, 23.81, 23.48, 22.89, 22.05, 20.91, 20.04, 20.08, 20.26]","[23.08, 22.72, 22.96, 22.54, 22.21, 22.07, 21.52, 21.31, 21.19, 21.25, 20.82, 20.89, 20.88, 20.64, 19.9, 19.93, 19.71, 19.01, 19.13, 18.78, 18.53, 18.61, 18.56, 18.7]",23.75,"OpenAQ 'San Juan Mini Park' (738m), mean of 17 hourly readings 2026-10-07 00:00-2026-10-08 00:00 UTC",2026-10-08T13:46:07.998564+00:00
