city,anchor,variant,condition,pred,actual,abs_err
Manila,2026-08-14T00:00:00+00:00,A,A,15.433650970458984,23.813043478260873,8.379392507801889
Manila,2026-08-14T00:00:00+00:00,B,A,14.483691215515137,23.813043478260873,9.329352262745736
Manila,2026-08-14T00:00:00+00:00,C,A,14.19217586517334,23.813043478260873,9.620867613087533
Manila,2026-08-14T00:00:00+00:00,D,A,14.812034606933594,23.813043478260873,9.00100887132728
Manila,2026-08-14T00:00:00+00:00,A,B,15.433650970458984,23.813043478260873,8.379392507801889
Manila,2026-08-14T00:00:00+00:00,B,B,14.483691215515137,23.813043478260873,9.329352262745736
Manila,2026-08-14T00:00:00+00:00,C,B,14.19217586517334,23.813043478260873,9.620867613087533
Manila,2026-08-14T00:00:00+00:00,D,B,14.812034606933594,23.813043478260873,9.00100887132728
Manila,2026-08-14T00:00:00+00:00,A,S,14.154374122619629,23.813043478260873,9.658669355641244
Manila,2026-08-14T00:00:00+00:00,B,S,12.671000480651855,23.813043478260873,11.142042997609018
Manila,2026-08-14T00:00:00+00:00,C,S,16.162918090820312,23.813043478260873,7.650125387440561
Manila,2026-08-14T00:00:00+00:00,D,S,14.670886993408203,23.813043478260873,9.14215648485267
Manila,2026-08-14T00:00:00+00:00,A,C,13.40716552734375,23.813043478260873,10.405877950917123
Manila,2026-08-14T00:00:00+00:00,B,C,12.685769081115723,23.813043478260873,11.12727439714515
Manila,2026-08-14T00:00:00+00:00,C,C,15.907313346862793,23.813043478260873,7.90573013139808
Manila,2026-08-14T00:00:00+00:00,D,C,14.670886993408203,23.813043478260873,9.14215648485267
Manila,2026-08-15T00:00:00+00:00,A,A,17.267900466918945,24.40416666666667,7.136266199747723
Manila,2026-08-15T00:00:00+00:00,B,A,18.75048828125,24.40416666666667,5.653678385416669
Manila,2026-08-15T00:00:00+00:00,C,A,15.88247013092041,24.40416666666667,8.521696535746258
Manila,2026-08-15T00:00:00+00:00,D,A,22.424833297729492,24.40416666666667,1.9793333689371764
Manila,2026-08-15T00:00:00+00:00,A,B,17.267900466918945,24.40416666666667,7.136266199747723
Manila,2026-08-15T00:00:00+00:00,B,B,18.75048828125,24.40416666666667,5.653678385416669
Manila,2026-08-15T00:00:00+00:00,C,B,15.88247013092041,24.40416666666667,8.521696535746258
Manila,2026-08-15T00:00:00+00:00,D,B,22.424833297729492,24.40416666666667,1.9793333689371764
Manila,2026-08-15T00:00:00+00:00,A,S,16.521223068237305,24.40416666666667,7.882943598429364
Manila,2026-08-15T00:00:00+00:00,B,S,16.910825729370117,24.40416666666667,7.493340937296551
Manila,2026-08-15T00:00:00+00:00,C,S,16.165456771850586,24.40416666666667,8.238709894816083
Manila,2026-08-15T00:00:00+00:00,D,S,13.934832572937012,24.40416666666667,10.469334093729657
Manila,2026-08-15T00:00:00+00:00,A,C,15.41955280303955,24.40416666666667,8.984613863627118
Manila,2026-08-15T00:00:00+00:00,B,C,17.339839935302734,24.40416666666667,7.064326731363934
Manila,2026-08-15T00:00:00+00:00,C,C,15.222281455993652,24.40416666666667,9.181885210673016
Manila,2026-08-15T00:00:00+00:00,D,C,13.934832572937012,24.40416666666667,10.469334093729657
Manila,2026-08-16T00:00:00+00:00,A,A,15.37756061553955,17.142500000000002,1.764939384460451
Manila,2026-08-16T00:00:00+00:00,B,A,16.44754409790039,17.142500000000002,0.6949559020996112
Manila,2026-08-16T00:00:00+00:00,C,A,14.04211139678955,17.142500000000002,3.100388603210451
Manila,2026-08-16T00:00:00+00:00,D,A,12.469062805175781,17.142500000000002,4.673437194824221
Manila,2026-08-16T00:00:00+00:00,A,B,15.37756061553955,17.142500000000002,1.764939384460451
Manila,2026-08-16T00:00:00+00:00,B,B,16.44754409790039,17.142500000000002,0.6949559020996112
Manila,2026-08-16T00:00:00+00:00,C,B,14.04211139678955,17.142500000000002,3.100388603210451
Manila,2026-08-16T00:00:00+00:00,D,B,12.469062805175781,17.142500000000002,4.673437194824221
Manila,2026-08-16T00:00:00+00:00,A,S,15.402695655822754,17.142500000000002,1.739804344177248
Manila,2026-08-16T00:00:00+00:00,B,S,16.47608757019043,17.142500000000002,0.6664124298095722
Manila,2026-08-16T00:00:00+00:00,C,S,14.075139045715332,17.142500000000002,3.06736095428467
Manila,2026-08-16T00:00:00+00:00,D,S,12.524726867675781,17.142500000000002,4.617773132324221
Manila,2026-08-16T00:00:00+00:00,A,C,15.402695655822754,17.142500000000002,1.739804344177248
Manila,2026-08-16T00:00:00+00:00,B,C,16.47608757019043,17.142500000000002,0.6664124298095722
Manila,2026-08-16T00:00:00+00:00,C,C,14.075139045715332,17.142500000000002,3.06736095428467
Manila,2026-08-16T00:00:00+00:00,D,C,12.524726867675781,17.142500000000002,4.617773132324221
Manila,2026-08-19T00:00:00+00:00,A,A,11.196032524108887,28.26111111111111,17.065078587002223
Manila,2026-08-19T00:00:00+00:00,B,A,13.028668403625488,28.26111111111111,15.232442707485621
Manila,2026-08-19T00:00:00+00:00,C,A,13.44979190826416,28.26111111111111,14.81131920284695
Manila,2026-08-19T00:00:00+00:00,D,A,13.554280281066895,28.26111111111111,14.706830830044215
Manila,2026-08-19T00:00:00+00:00,A,B,11.196032524108887,28.26111111111111,17.065078587002223
Manila,2026-08-19T00:00:00+00:00,B,B,13.028668403625488,28.26111111111111,15.232442707485621
Manila,2026-08-19T00:00:00+00:00,C,B,13.44979190826416,28.26111111111111,14.81131920284695
Manila,2026-08-19T00:00:00+00:00,D,B,13.554280281066895,28.26111111111111,14.706830830044215
Manila,2026-08-19T00:00:00+00:00,A,S,11.91626262664795,28.26111111111111,16.34484848446316
Manila,2026-08-19T00:00:00+00:00,B,S,12.125804901123047,28.26111111111111,16.135306209988062
Manila,2026-08-19T00:00:00+00:00,C,S,12.869903564453125,28.26111111111111,15.391207546657984
Manila,2026-08-19T00:00:00+00:00,D,S,9.380163192749023,28.26111111111111,18.880947918362086
Manila,2026-08-19T00:00:00+00:00,A,C,11.485806465148926,28.26111111111111,16.775304645962184
Manila,2026-08-19T00:00:00+00:00,B,C,11.935898780822754,28.26111111111111,16.325212330288355
Manila,2026-08-19T00:00:00+00:00,C,C,12.555994987487793,28.26111111111111,15.705116123623316
Manila,2026-08-19T00:00:00+00:00,D,C,9.380163192749023,28.26111111111111,18.880947918362086
Manila,2026-08-21T00:00:00+00:00,A,A,18.254981994628906,30.849999999999998,12.595018005371092
Manila,2026-08-21T00:00:00+00:00,B,A,18.43309211730957,30.849999999999998,12.416907882690428
Manila,2026-08-21T00:00:00+00:00,C,A,18.118257522583008,30.849999999999998,12.73174247741699
Manila,2026-08-21T00:00:00+00:00,D,A,16.304353713989258,30.849999999999998,14.54564628601074
Manila,2026-08-21T00:00:00+00:00,A,B,18.254981994628906,30.849999999999998,12.595018005371092
Manila,2026-08-21T00:00:00+00:00,B,B,18.43309211730957,30.849999999999998,12.416907882690428
Manila,2026-08-21T00:00:00+00:00,C,B,18.118257522583008,30.849999999999998,12.73174247741699
Manila,2026-08-21T00:00:00+00:00,D,B,16.304353713989258,30.849999999999998,14.54564628601074
Manila,2026-08-21T00:00:00+00:00,A,S,17.715665817260742,30.849999999999998,13.134334182739256
Manila,2026-08-21T00:00:00+00:00,B,S,15.377558708190918,30.849999999999998,15.47244129180908
Manila,2026-08-21T00:00:00+00:00,C,S,17.548215866088867,30.849999999999998,13.30178413391113
Manila,2026-08-21T00:00:00+00:00,D,S,22.184595108032227,30.849999999999998,8.665404891967771
Manila,2026-08-21T00:00:00+00:00,A,C,18.080303192138672,30.849999999999998,12.769696807861326
Manila,2026-08-21T00:00:00+00:00,B,C,16.54427146911621,30.849999999999998,14.305728530883787
Manila,2026-08-21T00:00:00+00:00,C,C,17.028427124023438,30.849999999999998,13.82157287597656
Manila,2026-08-21T00:00:00+00:00,D,C,22.184595108032227,30.849999999999998,8.665404891967771
Manila,2026-08-24T00:00:00+00:00,A,A,17.290002822875977,36.62608695652174,19.336084133645763
Manila,2026-08-24T00:00:00+00:00,B,A,20.225461959838867,36.62608695652174,16.400624996682872
Manila,2026-08-24T00:00:00+00:00,C,A,21.471817016601562,36.62608695652174,15.154269939920177
Manila,2026-08-24T00:00:00+00:00,D,A,22.32236671447754,36.62608695652174,14.3037202420442
Manila,2026-08-24T00:00:00+00:00,A,B,17.290002822875977,36.62608695652174,19.336084133645763
Manila,2026-08-24T00:00:00+00:00,B,B,20.225461959838867,36.62608695652174,16.400624996682872
Manila,2026-08-24T00:00:00+00:00,C,B,21.471817016601562,36.62608695652174,15.154269939920177
Manila,2026-08-24T00:00:00+00:00,D,B,22.32236671447754,36.62608695652174,14.3037202420442
Manila,2026-08-24T00:00:00+00:00,A,S,13.8603515625,36.62608695652174,22.76573539402174
Manila,2026-08-24T00:00:00+00:00,B,S,16.032726287841797,36.62608695652174,20.593360668679942
Manila,2026-08-24T00:00:00+00:00,C,S,18.364728927612305,36.62608695652174,18.261358028909434
Manila,2026-08-24T00:00:00+00:00,D,S,22.16948890686035,36.62608695652174,14.456598049661388
Manila,2026-08-24T00:00:00+00:00,A,C,16.24643898010254,36.62608695652174,20.3796479764192
Manila,2026-08-24T00:00:00+00:00,B,C,16.486696243286133,36.62608695652174,20.139390713235606
Manila,2026-08-24T00:00:00+00:00,C,C,18.605567932128906,36.62608695652174,18.020519024392833
Manila,2026-08-24T00:00:00+00:00,D,C,22.16948890686035,36.62608695652174,14.456598049661388
Manila,2026-08-25T00:00:00+00:00,A,A,17.185380935668945,29.722727272727273,12.537346337058327
Manila,2026-08-25T00:00:00+00:00,B,A,20.771554946899414,29.722727272727273,8.951172325827859
Manila,2026-08-25T00:00:00+00:00,C,A,19.67621421813965,29.722727272727273,10.046513054587624
Manila,2026-08-25T00:00:00+00:00,D,A,24.566131591796875,29.722727272727273,5.156595680930398
Manila,2026-08-25T00:00:00+00:00,A,B,17.185380935668945,29.722727272727273,12.537346337058327
Manila,2026-08-25T00:00:00+00:00,B,B,20.771554946899414,29.722727272727273,8.951172325827859
Manila,2026-08-25T00:00:00+00:00,C,B,19.67621421813965,29.722727272727273,10.046513054587624
Manila,2026-08-25T00:00:00+00:00,D,B,24.566131591796875,29.722727272727273,5.156595680930398
Manila,2026-08-25T00:00:00+00:00,A,S,17.892127990722656,29.722727272727273,11.830599282004616
Manila,2026-08-25T00:00:00+00:00,B,S,19.58375358581543,29.722727272727273,10.138973686911843
Manila,2026-08-25T00:00:00+00:00,C,S,21.178218841552734,29.722727272727273,8.544508431174538
Manila,2026-08-25T00:00:00+00:00,D,S,30.91452980041504,29.722727272727273,1.1918025276877664
Manila,2026-08-25T00:00:00+00:00,A,C,17.613222122192383,29.722727272727273,12.10950515053489
Manila,2026-08-25T00:00:00+00:00,B,C,19.44077491760254,29.722727272727273,10.281952355124734
Manila,2026-08-25T00:00:00+00:00,C,C,20.932100296020508,29.722727272727273,8.790626976706765
Manila,2026-08-25T00:00:00+00:00,D,C,30.91452980041504,29.722727272727273,1.1918025276877664
Manila,2026-08-26T00:00:00+00:00,A,A,16.048845291137695,21.852380952380955,5.803535661243259
Manila,2026-08-26T00:00:00+00:00,B,A,18.17821502685547,21.852380952380955,3.674165925525486
Manila,2026-08-26T00:00:00+00:00,C,A,18.837892532348633,21.852380952380955,3.014488420032322
Manila,2026-08-26T00:00:00+00:00,D,A,16.498239517211914,21.852380952380955,5.354141435169041
Manila,2026-08-26T00:00:00+00:00,A,B,16.048845291137695,21.852380952380955,5.803535661243259
Manila,2026-08-26T00:00:00+00:00,B,B,18.17821502685547,21.852380952380955,3.674165925525486
Manila,2026-08-26T00:00:00+00:00,C,B,18.837892532348633,21.852380952380955,3.014488420032322
Manila,2026-08-26T00:00:00+00:00,D,B,16.498239517211914,21.852380952380955,5.354141435169041
Manila,2026-08-26T00:00:00+00:00,A,S,16.201711654663086,21.852380952380955,5.650669297717869
Manila,2026-08-26T00:00:00+00:00,B,S,17.25838851928711,21.852380952380955,4.593992433093845
Manila,2026-08-26T00:00:00+00:00,C,S,18.885772705078125,21.852380952380955,2.9666082473028297
Manila,2026-08-26T00:00:00+00:00,D,S,17.977216720581055,21.852380952380955,3.8751642317999
Manila,2026-08-26T00:00:00+00:00,A,C,16.568035125732422,21.852380952380955,5.284345826648533
Manila,2026-08-26T00:00:00+00:00,B,C,17.319063186645508,21.852380952380955,4.533317765735447
Manila,2026-08-26T00:00:00+00:00,C,C,18.806486129760742,21.852380952380955,3.0458948226202125
Manila,2026-08-26T00:00:00+00:00,D,C,17.977216720581055,21.852380952380955,3.8751642317999
Manila,2026-08-27T00:00:00+00:00,A,A,14.798583984375,18.442105263157895,3.6435212787828952
Manila,2026-08-27T00:00:00+00:00,B,A,14.933930397033691,18.442105263157895,3.508174866124204
Manila,2026-08-27T00:00:00+00:00,C,A,14.958534240722656,18.442105263157895,3.483571022435239
Manila,2026-08-27T00:00:00+00:00,D,A,19.745685577392578,18.442105263157895,1.303580314234683
Manila,2026-08-27T00:00:00+00:00,A,B,14.798583984375,18.442105263157895,3.6435212787828952
Manila,2026-08-27T00:00:00+00:00,B,B,14.933930397033691,18.442105263157895,3.508174866124204
Manila,2026-08-27T00:00:00+00:00,C,B,14.958534240722656,18.442105263157895,3.483571022435239
Manila,2026-08-27T00:00:00+00:00,D,B,19.745685577392578,18.442105263157895,1.303580314234683
Manila,2026-08-27T00:00:00+00:00,A,S,16.075105667114258,18.442105263157895,2.3669995960436374
Manila,2026-08-27T00:00:00+00:00,B,S,15.981667518615723,18.442105263157895,2.4604377445421726
Manila,2026-08-27T00:00:00+00:00,C,S,16.78287124633789,18.442105263157895,1.6592340168200046
Manila,2026-08-27T00:00:00+00:00,D,S,20.45524787902832,18.442105263157895,2.013142615870425
Manila,2026-08-27T00:00:00+00:00,A,C,15.977652549743652,18.442105263157895,2.464452713414243
Manila,2026-08-27T00:00:00+00:00,B,C,16.109270095825195,18.442105263157895,2.3328351673327
Manila,2026-08-27T00:00:00+00:00,C,C,16.800983428955078,18.442105263157895,1.641121834202817
Manila,2026-08-27T00:00:00+00:00,D,C,20.45524787902832,18.442105263157895,2.013142615870425
Manila,2026-08-28T00:00:00+00:00,A,A,15.510940551757812,18.350454545454543,2.8395139936967304
Manila,2026-08-28T00:00:00+00:00,B,A,14.184308052062988,18.350454545454543,4.166146493391555
Manila,2026-08-28T00:00:00+00:00,C,A,14.45202922821045,18.350454545454543,3.8984253172440937
Manila,2026-08-28T00:00:00+00:00,D,A,13.856559753417969,18.350454545454543,4.493894792036574
Manila,2026-08-28T00:00:00+00:00,A,B,15.510940551757812,18.350454545454543,2.8395139936967304
Manila,2026-08-28T00:00:00+00:00,B,B,14.184308052062988,18.350454545454543,4.166146493391555
Manila,2026-08-28T00:00:00+00:00,C,B,14.45202922821045,18.350454545454543,3.8984253172440937
Manila,2026-08-28T00:00:00+00:00,D,B,13.856559753417969,18.350454545454543,4.493894792036574
Manila,2026-08-28T00:00:00+00:00,A,S,15.592754364013672,18.350454545454543,2.757700181440871
Manila,2026-08-28T00:00:00+00:00,B,S,15.801440238952637,18.350454545454543,2.549014306501906
Manila,2026-08-28T00:00:00+00:00,C,S,16.089431762695312,18.350454545454543,2.2610227827592304
Manila,2026-08-28T00:00:00+00:00,D,S,12.80512523651123,18.350454545454543,5.545329308943312
Manila,2026-08-28T00:00:00+00:00,A,C,15.304417610168457,18.350454545454543,3.046036935286086
Manila,2026-08-28T00:00:00+00:00,B,C,15.618012428283691,18.350454545454543,2.7324421171708515
Manila,2026-08-28T00:00:00+00:00,C,C,14.92982006072998,18.350454545454543,3.4206344847245624
Manila,2026-08-28T00:00:00+00:00,D,C,12.80512523651123,18.350454545454543,5.545329308943312
Manila,2026-08-30T00:00:00+00:00,A,A,17.3559513092041,35.89,18.5340486907959
Manila,2026-08-30T00:00:00+00:00,B,A,16.352819442749023,35.89,19.537180557250977
Manila,2026-08-30T00:00:00+00:00,C,A,14.646873474121094,35.89,21.243126525878907
Manila,2026-08-30T00:00:00+00:00,D,A,15.92672061920166,35.89,19.96327938079834
Manila,2026-08-30T00:00:00+00:00,A,B,17.3559513092041,35.89,18.5340486907959
Manila,2026-08-30T00:00:00+00:00,B,B,16.352819442749023,35.89,19.537180557250977
Manila,2026-08-30T00:00:00+00:00,C,B,14.646873474121094,35.89,21.243126525878907
Manila,2026-08-30T00:00:00+00:00,D,B,15.92672061920166,35.89,19.96327938079834
Manila,2026-08-30T00:00:00+00:00,A,S,16.522397994995117,35.89,19.367602005004883
Manila,2026-08-30T00:00:00+00:00,B,S,15.128979682922363,35.89,20.761020317077637
Manila,2026-08-30T00:00:00+00:00,C,S,14.553364753723145,35.89,21.336635246276856
Manila,2026-08-30T00:00:00+00:00,D,S,14.241920471191406,35.89,21.648079528808594
Manila,2026-08-30T00:00:00+00:00,A,C,16.362457275390625,35.89,19.527542724609376
Manila,2026-08-30T00:00:00+00:00,B,C,15.065213203430176,35.89,20.824786796569825
Manila,2026-08-30T00:00:00+00:00,C,C,14.622912406921387,35.89,21.267087593078614
Manila,2026-08-30T00:00:00+00:00,D,C,14.241920471191406,35.89,21.648079528808594
Manila,2026-08-31T00:00:00+00:00,A,A,23.20074462890625,53.91363636363637,30.71289173473012
Manila,2026-08-31T00:00:00+00:00,B,A,19.918046951293945,53.91363636363637,33.995589412342426
Manila,2026-08-31T00:00:00+00:00,C,A,22.425649642944336,53.91363636363637,31.487986720692035
Manila,2026-08-31T00:00:00+00:00,D,A,19.76846694946289,53.91363636363637,34.14516941417348
Manila,2026-08-31T00:00:00+00:00,A,B,23.20074462890625,53.91363636363637,30.71289173473012
Manila,2026-08-31T00:00:00+00:00,B,B,19.918046951293945,53.91363636363637,33.995589412342426
Manila,2026-08-31T00:00:00+00:00,C,B,22.425649642944336,53.91363636363637,31.487986720692035
Manila,2026-08-31T00:00:00+00:00,D,B,19.76846694946289,53.91363636363637,34.14516941417348
Manila,2026-08-31T00:00:00+00:00,A,S,21.13737678527832,53.91363636363637,32.77625957835805
Manila,2026-08-31T00:00:00+00:00,B,S,20.53495216369629,53.91363636363637,33.37868419994008
Manila,2026-08-31T00:00:00+00:00,C,S,21.909912109375,53.91363636363637,32.00372425426137
Manila,2026-08-31T00:00:00+00:00,D,S,18.68235206604004,53.91363636363637,35.23128429759633
Manila,2026-08-31T00:00:00+00:00,A,C,21.422616958618164,53.91363636363637,32.49101940501821
Manila,2026-08-31T00:00:00+00:00,B,C,20.553804397583008,53.91363636363637,33.35983196605336
Manila,2026-08-31T00:00:00+00:00,C,C,22.72882652282715,53.91363636363637,31.184809840809223
Manila,2026-08-31T00:00:00+00:00,D,C,18.68235206604004,53.91363636363637,35.23128429759633
Manila,2026-09-01T00:00:00+00:00,A,A,23.55307960510254,31.87391304347826,8.320833438375722
Manila,2026-09-01T00:00:00+00:00,B,A,19.632905960083008,31.87391304347826,12.241007083395253
Manila,2026-09-01T00:00:00+00:00,C,A,24.45304298400879,31.87391304347826,7.420870059469472
Manila,2026-09-01T00:00:00+00:00,D,A,34.176273345947266,31.87391304347826,2.3023603024690047
Manila,2026-09-01T00:00:00+00:00,A,B,23.55307960510254,31.87391304347826,8.320833438375722
Manila,2026-09-01T00:00:00+00:00,B,B,19.632905960083008,31.87391304347826,12.241007083395253
Manila,2026-09-01T00:00:00+00:00,C,B,24.45304298400879,31.87391304347826,7.420870059469472
Manila,2026-09-01T00:00:00+00:00,D,B,34.176273345947266,31.87391304347826,2.3023603024690047
Manila,2026-09-01T00:00:00+00:00,A,S,22.690322875976562,31.87391304347826,9.183590167501698
Manila,2026-09-01T00:00:00+00:00,B,S,21.069747924804688,31.87391304347826,10.804165118673573
Manila,2026-09-01T00:00:00+00:00,C,S,24.732614517211914,31.87391304347826,7.141298526266347
Manila,2026-09-01T00:00:00+00:00,D,S,41.256591796875,31.87391304347826,9.382678753396739
Manila,2026-09-01T00:00:00+00:00,A,C,22.685670852661133,31.87391304347826,9.188242190817128
Manila,2026-09-01T00:00:00+00:00,B,C,21.149452209472656,31.87391304347826,10.724460834005605
Manila,2026-09-01T00:00:00+00:00,C,C,25.0076847076416,31.87391304347826,6.866228335836659
Manila,2026-09-01T00:00:00+00:00,D,C,41.256591796875,31.87391304347826,9.382678753396739
Manila,2026-09-02T00:00:00+00:00,A,A,17.10626792907715,25.849999999999998,8.74373207092285
Manila,2026-09-02T00:00:00+00:00,B,A,15.7939453125,25.849999999999998,10.056054687499998
Manila,2026-09-02T00:00:00+00:00,C,A,17.662588119506836,25.849999999999998,8.187411880493162
Manila,2026-09-02T00:00:00+00:00,D,A,15.231942176818848,25.849999999999998,10.61805782318115
Manila,2026-09-02T00:00:00+00:00,A,B,17.10626792907715,25.849999999999998,8.74373207092285
Manila,2026-09-02T00:00:00+00:00,B,B,15.7939453125,25.849999999999998,10.056054687499998
Manila,2026-09-02T00:00:00+00:00,C,B,17.662588119506836,25.849999999999998,8.187411880493162
Manila,2026-09-02T00:00:00+00:00,D,B,15.231942176818848,25.849999999999998,10.61805782318115
Manila,2026-09-02T00:00:00+00:00,A,S,17.952802658081055,25.849999999999998,7.897197341918943
Manila,2026-09-02T00:00:00+00:00,B,S,15.616520881652832,25.849999999999998,10.233479118347166
Manila,2026-09-02T00:00:00+00:00,C,S,18.325458526611328,25.849999999999998,7.52454147338867
Manila,2026-09-02T00:00:00+00:00,D,S,17.149717330932617,25.849999999999998,8.70028266906738
Manila,2026-09-02T00:00:00+00:00,A,C,17.568437576293945,25.849999999999998,8.281562423706053
Manila,2026-09-02T00:00:00+00:00,B,C,15.66654109954834,25.849999999999998,10.183458900451658
Manila,2026-09-02T00:00:00+00:00,C,C,18.13504409790039,25.849999999999998,7.714955902099607
Manila,2026-09-02T00:00:00+00:00,D,C,17.149717330932617,25.849999999999998,8.70028266906738
Manila,2026-09-03T00:00:00+00:00,A,A,19.614009857177734,19.431818181818183,0.18219167535955094
Manila,2026-09-03T00:00:00+00:00,B,A,20.358551025390625,19.431818181818183,0.9267328435724416
Manila,2026-09-03T00:00:00+00:00,C,A,21.724014282226562,19.431818181818183,2.292196100408379
Manila,2026-09-03T00:00:00+00:00,D,A,20.822717666625977,19.431818181818183,1.3908994848077931
Manila,2026-09-03T00:00:00+00:00,A,B,19.614009857177734,19.431818181818183,0.18219167535955094
Manila,2026-09-03T00:00:00+00:00,B,B,20.358551025390625,19.431818181818183,0.9267328435724416
Manila,2026-09-03T00:00:00+00:00,C,B,21.724014282226562,19.431818181818183,2.292196100408379
Manila,2026-09-03T00:00:00+00:00,D,B,20.822717666625977,19.431818181818183,1.3908994848077931
Manila,2026-09-03T00:00:00+00:00,A,S,19.85506248474121,19.431818181818183,0.4232443029230275
Manila,2026-09-03T00:00:00+00:00,B,S,16.604055404663086,19.431818181818183,2.8277627771550975
Manila,2026-09-03T00:00:00+00:00,C,S,20.69658851623535,19.431818181818183,1.2647703344171681
Manila,2026-09-03T00:00:00+00:00,D,S,20.476987838745117,19.431818181818183,1.0451696569269338
Manila,2026-09-03T00:00:00+00:00,A,C,20.14166831970215,19.431818181818183,0.709850137883965
Manila,2026-09-03T00:00:00+00:00,B,C,16.44622039794922,19.431818181818183,2.9855977838689647
Manila,2026-09-03T00:00:00+00:00,C,C,19.888492584228516,19.431818181818183,0.4566744024103322
Manila,2026-09-03T00:00:00+00:00,D,C,20.476987838745117,19.431818181818183,1.0451696569269338
Manila,2026-09-04T00:00:00+00:00,A,A,16.91258430480957,17.62909090909091,0.7165066042813386
Manila,2026-09-04T00:00:00+00:00,B,A,16.580381393432617,17.62909090909091,1.0487095156582917
Manila,2026-09-04T00:00:00+00:00,C,A,17.45989418029785,17.62909090909091,0.16919672879305736
Manila,2026-09-04T00:00:00+00:00,D,A,15.433433532714844,17.62909090909091,2.195657376376065
Manila,2026-09-04T00:00:00+00:00,A,B,16.91258430480957,17.62909090909091,0.7165066042813386
Manila,2026-09-04T00:00:00+00:00,B,B,16.580381393432617,17.62909090909091,1.0487095156582917
Manila,2026-09-04T00:00:00+00:00,C,B,17.45989418029785,17.62909090909091,0.16919672879305736
Manila,2026-09-04T00:00:00+00:00,D,B,15.433433532714844,17.62909090909091,2.195657376376065
Manila,2026-09-04T00:00:00+00:00,A,S,16.7120418548584,17.62909090909091,0.9170490542325105
Manila,2026-09-04T00:00:00+00:00,B,S,14.671310424804688,17.62909090909091,2.9577804842862214
Manila,2026-09-04T00:00:00+00:00,C,S,17.589399337768555,17.62909090909091,0.039691571322354235
Manila,2026-09-04T00:00:00+00:00,D,S,18.810455322265625,17.62909090909091,1.181364413174716
Manila,2026-09-04T00:00:00+00:00,A,C,16.01927375793457,17.62909090909091,1.6098171511563386
Manila,2026-09-04T00:00:00+00:00,B,C,15.039542198181152,17.62909090909091,2.5895487109097566
Manila,2026-09-04T00:00:00+00:00,C,C,17.63618278503418,17.62909090909091,0.0070918759432707645
Manila,2026-09-04T00:00:00+00:00,D,C,18.810455322265625,17.62909090909091,1.181364413174716
Manila,2026-09-05T00:00:00+00:00,A,A,15.342875480651855,15.0475,0.29537548065185604
Manila,2026-09-05T00:00:00+00:00,B,A,13.379450798034668,15.0475,1.6680492019653315
Manila,2026-09-05T00:00:00+00:00,C,A,13.103370666503906,15.0475,1.9441293334960932
Manila,2026-09-05T00:00:00+00:00,D,A,13.382942199707031,15.0475,1.6645578002929682
Manila,2026-09-05T00:00:00+00:00,A,B,15.342875480651855,15.0475,0.29537548065185604
Manila,2026-09-05T00:00:00+00:00,B,B,13.379450798034668,15.0475,1.6680492019653315
Manila,2026-09-05T00:00:00+00:00,C,B,13.103370666503906,15.0475,1.9441293334960932
Manila,2026-09-05T00:00:00+00:00,D,B,13.382942199707031,15.0475,1.6645578002929682
Manila,2026-09-05T00:00:00+00:00,A,S,14.237040519714355,15.0475,0.810459480285644
Manila,2026-09-05T00:00:00+00:00,B,S,14.631484985351562,15.0475,0.41601501464843693
Manila,2026-09-05T00:00:00+00:00,C,S,12.680099487304688,15.0475,2.367400512695312
Manila,2026-09-05T00:00:00+00:00,D,S,12.618820190429688,15.0475,2.428679809570312
Manila,2026-09-05T00:00:00+00:00,A,C,14.015292167663574,15.0475,1.0322078323364252
Manila,2026-09-05T00:00:00+00:00,B,C,15.33154010772705,15.0475,0.28404010772705135
Manila,2026-09-05T00:00:00+00:00,C,C,12.482704162597656,15.0475,2.564795837402343
Manila,2026-09-05T00:00:00+00:00,D,C,12.618820190429688,15.0475,2.428679809570312
Manila,2026-09-06T00:00:00+00:00,A,A,15.000164031982422,14.628260869565219,0.3719031624172029
Manila,2026-09-06T00:00:00+00:00,B,A,14.048164367675781,14.628260869565219,0.5800965018894377
Manila,2026-09-06T00:00:00+00:00,C,A,13.335408210754395,14.628260869565219,1.2928526588108245
Manila,2026-09-06T00:00:00+00:00,D,A,12.086817741394043,14.628260869565219,2.541443128171176
Manila,2026-09-06T00:00:00+00:00,A,B,15.000164031982422,14.628260869565219,0.3719031624172029
Manila,2026-09-06T00:00:00+00:00,B,B,14.048164367675781,14.628260869565219,0.5800965018894377
Manila,2026-09-06T00:00:00+00:00,C,B,13.335408210754395,14.628260869565219,1.2928526588108245
Manila,2026-09-06T00:00:00+00:00,D,B,12.086817741394043,14.628260869565219,2.541443128171176
Manila,2026-09-06T00:00:00+00:00,A,S,14.768653869628906,14.628260869565219,0.14039300006368727
Manila,2026-09-06T00:00:00+00:00,B,S,13.704093933105469,14.628260869565219,0.9241669364597502
Manila,2026-09-06T00:00:00+00:00,C,S,13.256321907043457,14.628260869565219,1.371938962521762
Manila,2026-09-06T00:00:00+00:00,D,S,12.399104118347168,14.628260869565219,2.229156751218051
Manila,2026-09-06T00:00:00+00:00,A,C,13.03801441192627,14.628260869565219,1.5902464576389495
Manila,2026-09-06T00:00:00+00:00,B,C,13.576159477233887,14.628260869565219,1.0521013923313323
Manila,2026-09-06T00:00:00+00:00,C,C,13.205880165100098,14.628260869565219,1.4223807044651213
Manila,2026-09-06T00:00:00+00:00,D,C,12.399104118347168,14.628260869565219,2.229156751218051
Manila,2026-09-07T00:00:00+00:00,A,A,13.621981620788574,20.936666666666664,7.31468504587809
Manila,2026-09-07T00:00:00+00:00,B,A,11.340121269226074,20.936666666666664,9.59654539744059
Manila,2026-09-07T00:00:00+00:00,C,A,11.685521125793457,20.936666666666664,9.251145540873207
Manila,2026-09-07T00:00:00+00:00,D,A,15.44935131072998,20.936666666666664,5.487315355936683
Manila,2026-09-07T00:00:00+00:00,A,B,13.621981620788574,20.936666666666664,7.31468504587809
Manila,2026-09-07T00:00:00+00:00,B,B,11.340121269226074,20.936666666666664,9.59654539744059
Manila,2026-09-07T00:00:00+00:00,C,B,11.685521125793457,20.936666666666664,9.251145540873207
Manila,2026-09-07T00:00:00+00:00,D,B,15.44935131072998,20.936666666666664,5.487315355936683
Manila,2026-09-07T00:00:00+00:00,A,S,13.095904350280762,20.936666666666664,7.840762316385902
Manila,2026-09-07T00:00:00+00:00,B,S,12.715876579284668,20.936666666666664,8.220790087381996
Manila,2026-09-07T00:00:00+00:00,C,S,11.425663948059082,20.936666666666664,9.511002718607582
Manila,2026-09-07T00:00:00+00:00,D,S,15.122894287109375,20.936666666666664,5.813772379557289
Manila,2026-09-07T00:00:00+00:00,A,C,13.701682090759277,20.936666666666664,7.2349845759073865
Manila,2026-09-07T00:00:00+00:00,B,C,12.742908477783203,20.936666666666664,8.19375818888346
Manila,2026-09-07T00:00:00+00:00,C,C,11.577564239501953,20.936666666666664,9.35910242716471
Manila,2026-09-07T00:00:00+00:00,D,C,15.122894287109375,20.936666666666664,5.813772379557289
Manila,2026-09-08T00:00:00+00:00,A,A,11.5507173538208,21.830476190476187,10.279758836655386
Manila,2026-09-08T00:00:00+00:00,B,A,14.436808586120605,21.830476190476187,7.393667604355581
Manila,2026-09-08T00:00:00+00:00,C,A,10.507811546325684,21.830476190476187,11.322664644150503
Manila,2026-09-08T00:00:00+00:00,D,A,11.392329216003418,21.830476190476187,10.438146974472769
Manila,2026-09-08T00:00:00+00:00,A,B,11.5507173538208,21.830476190476187,10.279758836655386
Manila,2026-09-08T00:00:00+00:00,B,B,14.436808586120605,21.830476190476187,7.393667604355581
Manila,2026-09-08T00:00:00+00:00,C,B,10.507811546325684,21.830476190476187,11.322664644150503
Manila,2026-09-08T00:00:00+00:00,D,B,11.392329216003418,21.830476190476187,10.438146974472769
Manila,2026-09-08T00:00:00+00:00,A,S,12.37131118774414,21.830476190476187,9.459165002732046
Manila,2026-09-08T00:00:00+00:00,B,S,13.24768352508545,21.830476190476187,8.582792665390738
Manila,2026-09-08T00:00:00+00:00,C,S,10.791638374328613,21.830476190476187,11.038837816147574
Manila,2026-09-08T00:00:00+00:00,D,S,12.599678039550781,21.830476190476187,9.230798150925406
Manila,2026-09-08T00:00:00+00:00,A,C,12.1459321975708,21.830476190476187,9.684543992905386
Manila,2026-09-08T00:00:00+00:00,B,C,13.741569519042969,21.830476190476187,8.088906671433218
Manila,2026-09-08T00:00:00+00:00,C,C,11.748619079589844,21.830476190476187,10.081857110886343
Manila,2026-09-08T00:00:00+00:00,D,C,12.599678039550781,21.830476190476187,9.230798150925406
Manila,2026-09-14T00:00:00+00:00,A,A,13.56108570098877,26.246666666666666,12.685580965677897
Manila,2026-09-14T00:00:00+00:00,B,A,14.604850769042969,26.246666666666666,11.641815897623697
Manila,2026-09-14T00:00:00+00:00,C,A,13.812771797180176,26.246666666666666,12.43389486948649
Manila,2026-09-14T00:00:00+00:00,D,A,13.531216621398926,26.246666666666666,12.71545004526774
Manila,2026-09-14T00:00:00+00:00,A,B,13.56108570098877,26.246666666666666,12.685580965677897
Manila,2026-09-14T00:00:00+00:00,B,B,14.604850769042969,26.246666666666666,11.641815897623697
Manila,2026-09-14T00:00:00+00:00,C,B,13.812771797180176,26.246666666666666,12.43389486948649
Manila,2026-09-14T00:00:00+00:00,D,B,13.531216621398926,26.246666666666666,12.71545004526774
Manila,2026-09-14T00:00:00+00:00,A,S,15.04308795928955,26.246666666666666,11.203578707377115
Manila,2026-09-14T00:00:00+00:00,B,S,16.42192840576172,26.246666666666666,9.824738260904947
Manila,2026-09-14T00:00:00+00:00,C,S,13.27048110961914,26.246666666666666,12.976185557047526
Manila,2026-09-14T00:00:00+00:00,D,S,12.8518705368042,26.246666666666666,13.394796129862467
Manila,2026-09-14T00:00:00+00:00,A,C,14.70995044708252,26.246666666666666,11.536716219584147
Manila,2026-09-14T00:00:00+00:00,B,C,16.019922256469727,26.246666666666666,10.22674441019694
Manila,2026-09-14T00:00:00+00:00,C,C,13.456993103027344,26.246666666666666,12.789673563639322
Manila,2026-09-14T00:00:00+00:00,D,C,12.8518705368042,26.246666666666666,13.394796129862467
Manila,2026-09-15T00:00:00+00:00,A,A,16.392518997192383,30.022916666666664,13.63039766947428
Manila,2026-09-15T00:00:00+00:00,B,A,12.938403129577637,30.022916666666664,17.084513537089027
Manila,2026-09-15T00:00:00+00:00,C,A,13.835347175598145,30.022916666666664,16.18756949106852
Manila,2026-09-15T00:00:00+00:00,D,A,14.245009422302246,30.022916666666664,15.777907244364417
Manila,2026-09-15T00:00:00+00:00,A,B,16.392518997192383,30.022916666666664,13.63039766947428
Manila,2026-09-15T00:00:00+00:00,B,B,12.938403129577637,30.022916666666664,17.084513537089027
Manila,2026-09-15T00:00:00+00:00,C,B,13.835347175598145,30.022916666666664,16.18756949106852
Manila,2026-09-15T00:00:00+00:00,D,B,14.245009422302246,30.022916666666664,15.777907244364417
Manila,2026-09-15T00:00:00+00:00,A,S,16.533849716186523,30.022916666666664,13.48906695048014
Manila,2026-09-15T00:00:00+00:00,B,S,13.280699729919434,30.022916666666664,16.74221693674723
Manila,2026-09-15T00:00:00+00:00,C,S,13.851338386535645,30.022916666666664,16.17157828013102
Manila,2026-09-15T00:00:00+00:00,D,S,14.3046236038208,30.022916666666664,15.718293062845863
Manila,2026-09-15T00:00:00+00:00,A,C,16.533849716186523,30.022916666666664,13.48906695048014
Manila,2026-09-15T00:00:00+00:00,B,C,13.280699729919434,30.022916666666664,16.74221693674723
Manila,2026-09-15T00:00:00+00:00,C,C,13.851338386535645,30.022916666666664,16.17157828013102
Manila,2026-09-15T00:00:00+00:00,D,C,14.3046236038208,30.022916666666664,15.718293062845863
Manila,2026-09-16T00:00:00+00:00,A,A,13.838961601257324,23.648571428571426,9.809609827314102
Manila,2026-09-16T00:00:00+00:00,B,A,11.93726634979248,23.648571428571426,11.711305078778945
Manila,2026-09-16T00:00:00+00:00,C,A,15.079460144042969,23.648571428571426,8.569111284528457
Manila,2026-09-16T00:00:00+00:00,D,A,14.187320709228516,23.648571428571426,9.46125071934291
Manila,2026-09-16T00:00:00+00:00,A,B,13.838961601257324,23.648571428571426,9.809609827314102
Manila,2026-09-16T00:00:00+00:00,B,B,11.93726634979248,23.648571428571426,11.711305078778945
Manila,2026-09-16T00:00:00+00:00,C,B,15.079460144042969,23.648571428571426,8.569111284528457
Manila,2026-09-16T00:00:00+00:00,D,B,14.187320709228516,23.648571428571426,9.46125071934291
Manila,2026-09-16T00:00:00+00:00,A,S,13.838961601257324,23.648571428571426,9.809609827314102
Manila,2026-09-16T00:00:00+00:00,B,S,11.93726634979248,23.648571428571426,11.711305078778945
Manila,2026-09-16T00:00:00+00:00,C,S,15.079460144042969,23.648571428571426,8.569111284528457
Manila,2026-09-16T00:00:00+00:00,D,S,14.187320709228516,23.648571428571426,9.46125071934291
Manila,2026-09-16T00:00:00+00:00,A,C,13.838961601257324,23.648571428571426,9.809609827314102
Manila,2026-09-16T00:00:00+00:00,B,C,11.93726634979248,23.648571428571426,11.711305078778945
Manila,2026-09-16T00:00:00+00:00,C,C,15.079460144042969,23.648571428571426,8.569111284528457
Manila,2026-09-16T00:00:00+00:00,D,C,14.187320709228516,23.648571428571426,9.46125071934291
Manila,2026-09-18T00:00:00+00:00,A,A,12.794119834899902,21.15,8.355880165100096
Manila,2026-09-18T00:00:00+00:00,B,A,11.960372924804688,21.15,9.189627075195311
Manila,2026-09-18T00:00:00+00:00,C,A,10.850377082824707,21.15,10.299622917175292
Manila,2026-09-18T00:00:00+00:00,D,A,13.057599067687988,21.15,8.09240093231201
Manila,2026-09-18T00:00:00+00:00,A,B,12.794119834899902,21.15,8.355880165100096
Manila,2026-09-18T00:00:00+00:00,B,B,11.960372924804688,21.15,9.189627075195311
Manila,2026-09-18T00:00:00+00:00,C,B,10.850377082824707,21.15,10.299622917175292
Manila,2026-09-18T00:00:00+00:00,D,B,13.057599067687988,21.15,8.09240093231201
Manila,2026-09-18T00:00:00+00:00,A,S,11.318074226379395,21.15,9.831925773620604
Manila,2026-09-18T00:00:00+00:00,B,S,12.167622566223145,21.15,8.982377433776854
Manila,2026-09-18T00:00:00+00:00,C,S,12.307148933410645,21.15,8.842851066589354
Manila,2026-09-18T00:00:00+00:00,D,S,12.723456382751465,21.15,8.426543617248534
Manila,2026-09-18T00:00:00+00:00,A,C,12.024028778076172,21.15,9.125971221923827
Manila,2026-09-18T00:00:00+00:00,B,C,12.289741516113281,21.15,8.860258483886717
Manila,2026-09-18T00:00:00+00:00,C,C,11.574471473693848,21.15,9.575528526306151
Manila,2026-09-18T00:00:00+00:00,D,C,12.723456382751465,21.15,8.426543617248534
Manila,2026-09-19T00:00:00+00:00,A,A,12.704745292663574,23.549999999999997,10.845254707336423
Manila,2026-09-19T00:00:00+00:00,B,A,10.544628143310547,23.549999999999997,13.00537185668945
Manila,2026-09-19T00:00:00+00:00,C,A,12.152449607849121,23.549999999999997,11.397550392150876
Manila,2026-09-19T00:00:00+00:00,D,A,12.832589149475098,23.549999999999997,10.7174108505249
Manila,2026-09-19T00:00:00+00:00,A,B,12.704745292663574,23.549999999999997,10.845254707336423
Manila,2026-09-19T00:00:00+00:00,B,B,10.544628143310547,23.549999999999997,13.00537185668945
Manila,2026-09-19T00:00:00+00:00,C,B,12.152449607849121,23.549999999999997,11.397550392150876
Manila,2026-09-19T00:00:00+00:00,D,B,12.832589149475098,23.549999999999997,10.7174108505249
Manila,2026-09-19T00:00:00+00:00,A,S,12.676891326904297,23.549999999999997,10.8731086730957
Manila,2026-09-19T00:00:00+00:00,B,S,14.095535278320312,23.549999999999997,9.454464721679685
Manila,2026-09-19T00:00:00+00:00,C,S,12.425524711608887,23.549999999999997,11.12447528839111
Manila,2026-09-19T00:00:00+00:00,D,S,14.173108100891113,23.549999999999997,9.376891899108884
Manila,2026-09-19T00:00:00+00:00,A,C,11.683062553405762,23.549999999999997,11.866937446594235
Manila,2026-09-19T00:00:00+00:00,B,C,13.804634094238281,23.549999999999997,9.745365905761716
Manila,2026-09-19T00:00:00+00:00,C,C,12.791350364685059,23.549999999999997,10.758649635314939
Manila,2026-09-19T00:00:00+00:00,D,C,14.173108100891113,23.549999999999997,9.376891899108884
Manila,2026-09-20T00:00:00+00:00,A,A,13.377154350280762,18.72375,5.346595649719237
Manila,2026-09-20T00:00:00+00:00,B,A,13.317059516906738,18.72375,5.406690483093261
Manila,2026-09-20T00:00:00+00:00,C,A,13.152260780334473,18.72375,5.571489219665526
Manila,2026-09-20T00:00:00+00:00,D,A,16.89274787902832,18.72375,1.8310021209716787
Manila,2026-09-20T00:00:00+00:00,A,B,13.377154350280762,18.72375,5.346595649719237
Manila,2026-09-20T00:00:00+00:00,B,B,13.317059516906738,18.72375,5.406690483093261
Manila,2026-09-20T00:00:00+00:00,C,B,13.152260780334473,18.72375,5.571489219665526
Manila,2026-09-20T00:00:00+00:00,D,B,16.89274787902832,18.72375,1.8310021209716787
Manila,2026-09-20T00:00:00+00:00,A,S,12.893881797790527,18.72375,5.829868202209472
Manila,2026-09-20T00:00:00+00:00,B,S,15.194903373718262,18.72375,3.5288466262817373
Manila,2026-09-20T00:00:00+00:00,C,S,12.826701164245605,18.72375,5.8970488357543935
Manila,2026-09-20T00:00:00+00:00,D,S,15.45804214477539,18.72375,3.2657078552246084
Manila,2026-09-20T00:00:00+00:00,A,C,13.991363525390625,18.72375,4.732386474609374
Manila,2026-09-20T00:00:00+00:00,B,C,14.85226821899414,18.72375,3.8714817810058584
Manila,2026-09-20T00:00:00+00:00,C,C,12.960320472717285,18.72375,5.763429527282714
Manila,2026-09-20T00:00:00+00:00,D,C,15.45804214477539,18.72375,3.2657078552246084
Manila,2026-09-21T00:00:00+00:00,A,A,14.535996437072754,19.14818181818182,4.6121853811090645
Manila,2026-09-21T00:00:00+00:00,B,A,13.343615531921387,19.14818181818182,5.804566286260432
Manila,2026-09-21T00:00:00+00:00,C,A,13.990056037902832,19.14818181818182,5.158125780278986
Manila,2026-09-21T00:00:00+00:00,D,A,23.224815368652344,19.14818181818182,4.076633550470525
Manila,2026-09-21T00:00:00+00:00,A,B,14.535996437072754,19.14818181818182,4.6121853811090645
Manila,2026-09-21T00:00:00+00:00,B,B,13.343615531921387,19.14818181818182,5.804566286260432
Manila,2026-09-21T00:00:00+00:00,C,B,13.990056037902832,19.14818181818182,5.158125780278986
Manila,2026-09-21T00:00:00+00:00,D,B,23.224815368652344,19.14818181818182,4.076633550470525
Manila,2026-09-21T00:00:00+00:00,A,S,14.671714782714844,19.14818181818182,4.476467035466975
Manila,2026-09-21T00:00:00+00:00,B,S,13.208970069885254,19.14818181818182,5.9392117482965645
Manila,2026-09-21T00:00:00+00:00,C,S,15.14511489868164,19.14818181818182,4.003066919500178
Manila,2026-09-21T00:00:00+00:00,D,S,20.978910446166992,19.14818181818182,1.8307286279851738
Manila,2026-09-21T00:00:00+00:00,A,C,14.460095405578613,19.14818181818182,4.688086412603205
Manila,2026-09-21T00:00:00+00:00,B,C,12.750393867492676,19.14818181818182,6.397787950689143
Manila,2026-09-21T00:00:00+00:00,C,C,15.094943046569824,19.14818181818182,4.053238771611994
Manila,2026-09-21T00:00:00+00:00,D,C,20.978910446166992,19.14818181818182,1.8307286279851738
Manila,2026-09-22T00:00:00+00:00,A,A,13.189312934875488,22.64166666666667,9.452353731791181
Manila,2026-09-22T00:00:00+00:00,B,A,13.68200397491455,22.64166666666667,8.959662691752118
Manila,2026-09-22T00:00:00+00:00,C,A,11.734046936035156,22.64166666666667,10.907619730631513
Manila,2026-09-22T00:00:00+00:00,D,A,16.495195388793945,22.64166666666667,6.146471277872724
Manila,2026-09-22T00:00:00+00:00,A,B,13.189312934875488,22.64166666666667,9.452353731791181
Manila,2026-09-22T00:00:00+00:00,B,B,13.68200397491455,22.64166666666667,8.959662691752118
Manila,2026-09-22T00:00:00+00:00,C,B,11.734046936035156,22.64166666666667,10.907619730631513
Manila,2026-09-22T00:00:00+00:00,D,B,16.495195388793945,22.64166666666667,6.146471277872724
Manila,2026-09-22T00:00:00+00:00,A,S,13.819014549255371,22.64166666666667,8.822652117411298
Manila,2026-09-22T00:00:00+00:00,B,S,14.080619812011719,22.64166666666667,8.56104685465495
Manila,2026-09-22T00:00:00+00:00,C,S,12.615643501281738,22.64166666666667,10.026023165384931
Manila,2026-09-22T00:00:00+00:00,D,S,14.096501350402832,22.64166666666667,8.545165316263837
Manila,2026-09-22T00:00:00+00:00,A,C,13.603724479675293,22.64166666666667,9.037942186991376
Manila,2026-09-22T00:00:00+00:00,B,C,14.159174919128418,22.64166666666667,8.482491747538251
Manila,2026-09-22T00:00:00+00:00,C,C,12.718291282653809,22.64166666666667,9.92337538401286
Manila,2026-09-22T00:00:00+00:00,D,C,14.096501350402832,22.64166666666667,8.545165316263837
Manila,2026-09-23T00:00:00+00:00,A,A,13.345707893371582,27.38695652173913,14.041248628367548
Manila,2026-09-23T00:00:00+00:00,B,A,13.285015106201172,27.38695652173913,14.101941415537958
Manila,2026-09-23T00:00:00+00:00,C,A,14.136029243469238,27.38695652173913,13.250927278269891
Manila,2026-09-23T00:00:00+00:00,D,A,19.935293197631836,27.38695652173913,7.451663324107294
Manila,2026-09-23T00:00:00+00:00,A,B,13.345707893371582,27.38695652173913,14.041248628367548
Manila,2026-09-23T00:00:00+00:00,B,B,13.285015106201172,27.38695652173913,14.101941415537958
Manila,2026-09-23T00:00:00+00:00,C,B,14.136029243469238,27.38695652173913,13.250927278269891
Manila,2026-09-23T00:00:00+00:00,D,B,19.935293197631836,27.38695652173913,7.451663324107294
Manila,2026-09-23T00:00:00+00:00,A,S,12.933550834655762,27.38695652173913,14.453405687083368
Manila,2026-09-23T00:00:00+00:00,B,S,12.047440528869629,27.38695652173913,15.3395159928695
Manila,2026-09-23T00:00:00+00:00,C,S,13.861361503601074,27.38695652173913,13.525595018138056
Manila,2026-09-23T00:00:00+00:00,D,S,13.741050720214844,27.38695652173913,13.645905801524286
Manila,2026-09-23T00:00:00+00:00,A,C,13.105441093444824,27.38695652173913,14.281515428294306
Manila,2026-09-23T00:00:00+00:00,B,C,12.103137969970703,27.38695652173913,15.283818551768427
Manila,2026-09-23T00:00:00+00:00,C,C,14.213294982910156,27.38695652173913,13.173661538828974
Manila,2026-09-23T00:00:00+00:00,D,C,13.741050720214844,27.38695652173913,13.645905801524286
Manila,2026-09-24T00:00:00+00:00,A,A,13.329460144042969,24.66444444444444,11.334984300401473
Manila,2026-09-24T00:00:00+00:00,B,A,14.3279390335083,24.66444444444444,10.336505410936141
Manila,2026-09-24T00:00:00+00:00,C,A,12.491085052490234,24.66444444444444,12.173359391954207
Manila,2026-09-24T00:00:00+00:00,D,A,14.882366180419922,24.66444444444444,9.78207826402452
Manila,2026-09-24T00:00:00+00:00,A,B,13.329460144042969,24.66444444444444,11.334984300401473
Manila,2026-09-24T00:00:00+00:00,B,B,14.3279390335083,24.66444444444444,10.336505410936141
Manila,2026-09-24T00:00:00+00:00,C,B,12.491085052490234,24.66444444444444,12.173359391954207
Manila,2026-09-24T00:00:00+00:00,D,B,14.882366180419922,24.66444444444444,9.78207826402452
Manila,2026-09-24T00:00:00+00:00,A,S,13.579068183898926,24.66444444444444,11.085376260545516
Manila,2026-09-24T00:00:00+00:00,B,S,15.136286735534668,24.66444444444444,9.528157708909774
Manila,2026-09-24T00:00:00+00:00,C,S,12.990318298339844,24.66444444444444,11.674126146104598
Manila,2026-09-24T00:00:00+00:00,D,S,15.06973934173584,24.66444444444444,9.594705102708602
Manila,2026-09-24T00:00:00+00:00,A,C,13.451249122619629,24.66444444444444,11.213195321824813
Manila,2026-09-24T00:00:00+00:00,B,C,14.9645357131958,24.66444444444444,9.699908731248641
Manila,2026-09-24T00:00:00+00:00,C,C,12.678703308105469,24.66444444444444,11.985741136338973
Manila,2026-09-24T00:00:00+00:00,D,C,15.06973934173584,24.66444444444444,9.594705102708602
Manila,2026-09-25T00:00:00+00:00,A,A,13.028556823730469,22.05090909090909,9.022352267178622
Manila,2026-09-25T00:00:00+00:00,B,A,12.711670875549316,22.05090909090909,9.339238215359774
Manila,2026-09-25T00:00:00+00:00,C,A,17.01936912536621,22.05090909090909,5.03153996554288
Manila,2026-09-25T00:00:00+00:00,D,A,24.759641647338867,22.05090909090909,2.7087325564297764
Manila,2026-09-25T00:00:00+00:00,A,B,13.028556823730469,22.05090909090909,9.022352267178622
Manila,2026-09-25T00:00:00+00:00,B,B,12.711670875549316,22.05090909090909,9.339238215359774
Manila,2026-09-25T00:00:00+00:00,C,B,17.01936912536621,22.05090909090909,5.03153996554288
Manila,2026-09-25T00:00:00+00:00,D,B,24.759641647338867,22.05090909090909,2.7087325564297764
Manila,2026-09-25T00:00:00+00:00,A,S,13.840736389160156,22.05090909090909,8.210172701748935
Manila,2026-09-25T00:00:00+00:00,B,S,13.571640968322754,22.05090909090909,8.479268122586337
Manila,2026-09-25T00:00:00+00:00,C,S,13.799290657043457,22.05090909090909,8.251618433865634
Manila,2026-09-25T00:00:00+00:00,D,S,23.128164291381836,22.05090909090909,1.0772552004727451
Manila,2026-09-25T00:00:00+00:00,A,C,14.279019355773926,22.05090909090909,7.771889735135165
Manila,2026-09-25T00:00:00+00:00,B,C,13.402543067932129,22.05090909090909,8.648366022976962
Manila,2026-09-25T00:00:00+00:00,C,C,14.603446960449219,22.05090909090909,7.447462130459872
Manila,2026-09-25T00:00:00+00:00,D,C,23.128164291381836,22.05090909090909,1.0772552004727451
Manila,2026-09-26T00:00:00+00:00,A,A,11.729792594909668,30.645833333333332,18.916040738423664
Manila,2026-09-26T00:00:00+00:00,B,A,13.399563789367676,30.645833333333332,17.246269543965656
Manila,2026-09-26T00:00:00+00:00,C,A,14.584175109863281,30.645833333333332,16.06165822347005
Manila,2026-09-26T00:00:00+00:00,D,A,14.011734008789062,30.645833333333332,16.63409932454427
Manila,2026-09-26T00:00:00+00:00,A,B,11.729792594909668,30.645833333333332,18.916040738423664
Manila,2026-09-26T00:00:00+00:00,B,B,13.399563789367676,30.645833333333332,17.246269543965656
Manila,2026-09-26T00:00:00+00:00,C,B,14.584175109863281,30.645833333333332,16.06165822347005
Manila,2026-09-26T00:00:00+00:00,D,B,14.011734008789062,30.645833333333332,16.63409932454427
Manila,2026-09-26T00:00:00+00:00,A,S,13.928507804870605,30.645833333333332,16.717325528462727
Manila,2026-09-26T00:00:00+00:00,B,S,11.328410148620605,30.645833333333332,19.317423184712727
Manila,2026-09-26T00:00:00+00:00,C,S,11.832762718200684,30.645833333333332,18.81307061513265
Manila,2026-09-26T00:00:00+00:00,D,S,11.284920692443848,30.645833333333332,19.360912640889484
Manila,2026-09-26T00:00:00+00:00,A,C,13.088645935058594,30.645833333333332,17.55718739827474
Manila,2026-09-26T00:00:00+00:00,B,C,11.501693725585938,30.645833333333332,19.144139607747395
Manila,2026-09-26T00:00:00+00:00,C,C,12.982643127441406,30.645833333333332,17.663190205891926
Manila,2026-09-26T00:00:00+00:00,D,C,11.284920692443848,30.645833333333332,19.360912640889484
Manila,2026-09-27T00:00:00+00:00,A,A,15.634282112121582,30.175,14.540717887878419
Manila,2026-09-27T00:00:00+00:00,B,A,15.893389701843262,30.175,14.281610298156739
Manila,2026-09-27T00:00:00+00:00,C,A,17.00556182861328,30.175,13.16943817138672
Manila,2026-09-27T00:00:00+00:00,D,A,18.148897171020508,30.175,12.026102828979493
Manila,2026-09-27T00:00:00+00:00,A,B,15.634282112121582,30.175,14.540717887878419
Manila,2026-09-27T00:00:00+00:00,B,B,15.893389701843262,30.175,14.281610298156739
Manila,2026-09-27T00:00:00+00:00,C,B,17.00556182861328,30.175,13.16943817138672
Manila,2026-09-27T00:00:00+00:00,D,B,18.148897171020508,30.175,12.026102828979493
Manila,2026-09-27T00:00:00+00:00,A,S,15.410784721374512,30.175,14.764215278625489
Manila,2026-09-27T00:00:00+00:00,B,S,15.393081665039062,30.175,14.781918334960938
Manila,2026-09-27T00:00:00+00:00,C,S,16.34459686279297,30.175,13.830403137207032
Manila,2026-09-27T00:00:00+00:00,D,S,16.347455978393555,30.175,13.827544021606446
Manila,2026-09-27T00:00:00+00:00,A,C,14.935813903808594,30.175,15.239186096191407
Manila,2026-09-27T00:00:00+00:00,B,C,15.112457275390625,30.175,15.062542724609376
Manila,2026-09-27T00:00:00+00:00,C,C,16.473844528198242,30.175,13.701155471801759
Manila,2026-09-27T00:00:00+00:00,D,C,16.347455978393555,30.175,13.827544021606446
Quezon_City,2026-08-14T00:00:00+00:00,A,A,10.793526649475098,28.612499999999997,17.8189733505249
Quezon_City,2026-08-14T00:00:00+00:00,B,A,15.765315055847168,28.612499999999997,12.84718494415283
Quezon_City,2026-08-14T00:00:00+00:00,C,A,13.468364715576172,28.612499999999997,15.144135284423825
Quezon_City,2026-08-14T00:00:00+00:00,D,A,13.809088706970215,28.612499999999997,14.803411293029782
Quezon_City,2026-08-14T00:00:00+00:00,A,B,10.793526649475098,28.612499999999997,17.8189733505249
Quezon_City,2026-08-14T00:00:00+00:00,B,B,15.765315055847168,28.612499999999997,12.84718494415283
Quezon_City,2026-08-14T00:00:00+00:00,C,B,13.468364715576172,28.612499999999997,15.144135284423825
Quezon_City,2026-08-14T00:00:00+00:00,D,B,13.809088706970215,28.612499999999997,14.803411293029782
Quezon_City,2026-08-14T00:00:00+00:00,A,S,10.793526649475098,28.612499999999997,17.8189733505249
Quezon_City,2026-08-14T00:00:00+00:00,B,S,15.765315055847168,28.612499999999997,12.84718494415283
Quezon_City,2026-08-14T00:00:00+00:00,C,S,13.468364715576172,28.612499999999997,15.144135284423825
Quezon_City,2026-08-14T00:00:00+00:00,D,S,13.809088706970215,28.612499999999997,14.803411293029782
Quezon_City,2026-08-14T00:00:00+00:00,A,C,10.793526649475098,28.612499999999997,17.8189733505249
Quezon_City,2026-08-14T00:00:00+00:00,B,C,15.765315055847168,28.612499999999997,12.84718494415283
Quezon_City,2026-08-14T00:00:00+00:00,C,C,13.468364715576172,28.612499999999997,15.144135284423825
Quezon_City,2026-08-14T00:00:00+00:00,D,C,13.809088706970215,28.612499999999997,14.803411293029782
Quezon_City,2026-08-15T00:00:00+00:00,A,A,14.66773509979248,22.3125,7.6447649002075195
Quezon_City,2026-08-15T00:00:00+00:00,B,A,14.013583183288574,22.3125,8.298916816711426
Quezon_City,2026-08-15T00:00:00+00:00,C,A,15.787239074707031,22.3125,6.525260925292969
Quezon_City,2026-08-15T00:00:00+00:00,D,A,17.5914363861084,22.3125,4.721063613891602
Quezon_City,2026-08-15T00:00:00+00:00,A,B,14.66773509979248,22.3125,7.6447649002075195
Quezon_City,2026-08-15T00:00:00+00:00,B,B,14.013583183288574,22.3125,8.298916816711426
Quezon_City,2026-08-15T00:00:00+00:00,C,B,15.787239074707031,22.3125,6.525260925292969
Quezon_City,2026-08-15T00:00:00+00:00,D,B,17.5914363861084,22.3125,4.721063613891602
Quezon_City,2026-08-15T00:00:00+00:00,A,S,14.66773509979248,22.3125,7.6447649002075195
Quezon_City,2026-08-15T00:00:00+00:00,B,S,14.013583183288574,22.3125,8.298916816711426
Quezon_City,2026-08-15T00:00:00+00:00,C,S,15.787239074707031,22.3125,6.525260925292969
Quezon_City,2026-08-15T00:00:00+00:00,D,S,17.5914363861084,22.3125,4.721063613891602
Quezon_City,2026-08-15T00:00:00+00:00,A,C,14.66773509979248,22.3125,7.6447649002075195
Quezon_City,2026-08-15T00:00:00+00:00,B,C,14.013583183288574,22.3125,8.298916816711426
Quezon_City,2026-08-15T00:00:00+00:00,C,C,15.787239074707031,22.3125,6.525260925292969
Quezon_City,2026-08-15T00:00:00+00:00,D,C,17.5914363861084,22.3125,4.721063613891602
Quezon_City,2026-08-16T00:00:00+00:00,A,A,17.125688552856445,15.25,1.8756885528564453
Quezon_City,2026-08-16T00:00:00+00:00,B,A,15.2030611038208,15.25,0.04693889617919922
Quezon_City,2026-08-16T00:00:00+00:00,C,A,15.735234260559082,15.25,0.48523426055908203
Quezon_City,2026-08-16T00:00:00+00:00,D,A,18.419187545776367,15.25,3.169187545776367
Quezon_City,2026-08-16T00:00:00+00:00,A,B,17.125688552856445,15.25,1.8756885528564453
Quezon_City,2026-08-16T00:00:00+00:00,B,B,15.2030611038208,15.25,0.04693889617919922
Quezon_City,2026-08-16T00:00:00+00:00,C,B,15.735234260559082,15.25,0.48523426055908203
Quezon_City,2026-08-16T00:00:00+00:00,D,B,18.419187545776367,15.25,3.169187545776367
Quezon_City,2026-08-16T00:00:00+00:00,A,S,17.125688552856445,15.25,1.8756885528564453
Quezon_City,2026-08-16T00:00:00+00:00,B,S,15.2030611038208,15.25,0.04693889617919922
Quezon_City,2026-08-16T00:00:00+00:00,C,S,15.735234260559082,15.25,0.48523426055908203
Quezon_City,2026-08-16T00:00:00+00:00,D,S,18.419187545776367,15.25,3.169187545776367
Quezon_City,2026-08-16T00:00:00+00:00,A,C,17.125688552856445,15.25,1.8756885528564453
Quezon_City,2026-08-16T00:00:00+00:00,B,C,15.2030611038208,15.25,0.04693889617919922
Quezon_City,2026-08-16T00:00:00+00:00,C,C,15.735234260559082,15.25,0.48523426055908203
Quezon_City,2026-08-16T00:00:00+00:00,D,C,18.419187545776367,15.25,3.169187545776367
Quezon_City,2026-08-17T00:00:00+00:00,A,A,15.771756172180176,11.80952380952381,3.9622323626563656
Quezon_City,2026-08-17T00:00:00+00:00,B,A,11.881767272949219,11.80952380952381,0.07224346342540855
Quezon_City,2026-08-17T00:00:00+00:00,C,A,13.109881401062012,11.80952380952381,1.3003575915382015
Quezon_City,2026-08-17T00:00:00+00:00,D,A,11.777267456054688,11.80952380952381,0.0322563534691227
Quezon_City,2026-08-17T00:00:00+00:00,A,B,15.771756172180176,11.80952380952381,3.9622323626563656
Quezon_City,2026-08-17T00:00:00+00:00,B,B,11.881767272949219,11.80952380952381,0.07224346342540855
Quezon_City,2026-08-17T00:00:00+00:00,C,B,13.109881401062012,11.80952380952381,1.3003575915382015
Quezon_City,2026-08-17T00:00:00+00:00,D,B,11.777267456054688,11.80952380952381,0.0322563534691227
Quezon_City,2026-08-17T00:00:00+00:00,A,S,15.771756172180176,11.80952380952381,3.9622323626563656
Quezon_City,2026-08-17T00:00:00+00:00,B,S,11.881767272949219,11.80952380952381,0.07224346342540855
Quezon_City,2026-08-17T00:00:00+00:00,C,S,13.109881401062012,11.80952380952381,1.3003575915382015
Quezon_City,2026-08-17T00:00:00+00:00,D,S,11.777267456054688,11.80952380952381,0.0322563534691227
Quezon_City,2026-08-17T00:00:00+00:00,A,C,15.771756172180176,11.80952380952381,3.9622323626563656
Quezon_City,2026-08-17T00:00:00+00:00,B,C,11.881767272949219,11.80952380952381,0.07224346342540855
Quezon_City,2026-08-17T00:00:00+00:00,C,C,13.109881401062012,11.80952380952381,1.3003575915382015
Quezon_City,2026-08-17T00:00:00+00:00,D,C,11.777267456054688,11.80952380952381,0.0322563534691227
Quezon_City,2026-08-18T00:00:00+00:00,A,A,8.940213203430176,6.6875,2.252713203430176
Quezon_City,2026-08-18T00:00:00+00:00,B,A,11.419879913330078,6.6875,4.732379913330078
Quezon_City,2026-08-18T00:00:00+00:00,C,A,11.567925453186035,6.6875,4.880425453186035
Quezon_City,2026-08-18T00:00:00+00:00,D,A,13.002044677734375,6.6875,6.314544677734375
Quezon_City,2026-08-18T00:00:00+00:00,A,B,8.940213203430176,6.6875,2.252713203430176
Quezon_City,2026-08-18T00:00:00+00:00,B,B,11.419879913330078,6.6875,4.732379913330078
Quezon_City,2026-08-18T00:00:00+00:00,C,B,11.567925453186035,6.6875,4.880425453186035
Quezon_City,2026-08-18T00:00:00+00:00,D,B,13.002044677734375,6.6875,6.314544677734375
Quezon_City,2026-08-18T00:00:00+00:00,A,S,8.904850006103516,6.6875,2.2173500061035156
Quezon_City,2026-08-18T00:00:00+00:00,B,S,11.621575355529785,6.6875,4.934075355529785
Quezon_City,2026-08-18T00:00:00+00:00,C,S,11.254440307617188,6.6875,4.5669403076171875
Quezon_City,2026-08-18T00:00:00+00:00,D,S,12.67090892791748,6.6875,5.9834089279174805
Quezon_City,2026-08-18T00:00:00+00:00,A,C,9.195195198059082,6.6875,2.507695198059082
Quezon_City,2026-08-18T00:00:00+00:00,B,C,11.857001304626465,6.6875,5.169501304626465
Quezon_City,2026-08-18T00:00:00+00:00,C,C,11.656646728515625,6.6875,4.969146728515625
Quezon_City,2026-08-18T00:00:00+00:00,D,C,12.67090892791748,6.6875,5.9834089279174805
Quezon_City,2026-08-19T00:00:00+00:00,A,A,7.657007694244385,30.8,23.142992305755616
Quezon_City,2026-08-19T00:00:00+00:00,B,A,10.62930965423584,30.8,20.17069034576416
Quezon_City,2026-08-19T00:00:00+00:00,C,A,12.260692596435547,30.8,18.539307403564454
Quezon_City,2026-08-19T00:00:00+00:00,D,A,10.487500190734863,30.8,20.312499809265137
Quezon_City,2026-08-19T00:00:00+00:00,A,B,7.657007694244385,30.8,23.142992305755616
Quezon_City,2026-08-19T00:00:00+00:00,B,B,10.62930965423584,30.8,20.17069034576416
Quezon_City,2026-08-19T00:00:00+00:00,C,B,12.260692596435547,30.8,18.539307403564454
Quezon_City,2026-08-19T00:00:00+00:00,D,B,10.487500190734863,30.8,20.312499809265137
Quezon_City,2026-08-19T00:00:00+00:00,A,S,7.751049041748047,30.8,23.048950958251954
Quezon_City,2026-08-19T00:00:00+00:00,B,S,10.923062324523926,30.8,19.876937675476075
Quezon_City,2026-08-19T00:00:00+00:00,C,S,12.005973815917969,30.8,18.794026184082032
Quezon_City,2026-08-19T00:00:00+00:00,D,S,10.345000267028809,30.8,20.454999732971192
Quezon_City,2026-08-19T00:00:00+00:00,A,C,6.952503204345703,30.8,23.847496795654298
Quezon_City,2026-08-19T00:00:00+00:00,B,C,10.879867553710938,30.8,19.920132446289063
Quezon_City,2026-08-19T00:00:00+00:00,C,C,12.1858491897583,30.8,18.6141508102417
Quezon_City,2026-08-19T00:00:00+00:00,D,C,10.345000267028809,30.8,20.454999732971192
Quezon_City,2026-08-20T00:00:00+00:00,A,A,16.26790428161621,32.065217391304344,15.797313109688133
Quezon_City,2026-08-20T00:00:00+00:00,B,A,16.56884002685547,32.065217391304344,15.496377364448875
Quezon_City,2026-08-20T00:00:00+00:00,C,A,14.5558443069458,32.065217391304344,17.509373084358543
Quezon_City,2026-08-20T00:00:00+00:00,D,A,14.003888130187988,32.065217391304344,18.061329261116356
Quezon_City,2026-08-20T00:00:00+00:00,A,B,16.26790428161621,32.065217391304344,15.797313109688133
Quezon_City,2026-08-20T00:00:00+00:00,B,B,16.56884002685547,32.065217391304344,15.496377364448875
Quezon_City,2026-08-20T00:00:00+00:00,C,B,14.5558443069458,32.065217391304344,17.509373084358543
Quezon_City,2026-08-20T00:00:00+00:00,D,B,14.003888130187988,32.065217391304344,18.061329261116356
Quezon_City,2026-08-20T00:00:00+00:00,A,S,16.26790428161621,32.065217391304344,15.797313109688133
Quezon_City,2026-08-20T00:00:00+00:00,B,S,16.56884002685547,32.065217391304344,15.496377364448875
Quezon_City,2026-08-20T00:00:00+00:00,C,S,14.5558443069458,32.065217391304344,17.509373084358543
Quezon_City,2026-08-20T00:00:00+00:00,D,S,14.003888130187988,32.065217391304344,18.061329261116356
Quezon_City,2026-08-20T00:00:00+00:00,A,C,16.26790428161621,32.065217391304344,15.797313109688133
Quezon_City,2026-08-20T00:00:00+00:00,B,C,16.56884002685547,32.065217391304344,15.496377364448875
Quezon_City,2026-08-20T00:00:00+00:00,C,C,14.5558443069458,32.065217391304344,17.509373084358543
Quezon_City,2026-08-20T00:00:00+00:00,D,C,14.003888130187988,32.065217391304344,18.061329261116356
Quezon_City,2026-08-21T00:00:00+00:00,A,A,20.614665985107422,38.270833333333336,17.656167348225914
Quezon_City,2026-08-21T00:00:00+00:00,B,A,16.5189266204834,38.270833333333336,21.751906712849937
Quezon_City,2026-08-21T00:00:00+00:00,C,A,18.314523696899414,38.270833333333336,19.95630963643392
Quezon_City,2026-08-21T00:00:00+00:00,D,A,13.065227508544922,38.270833333333336,25.205605824788414
Quezon_City,2026-08-21T00:00:00+00:00,A,B,20.614665985107422,38.270833333333336,17.656167348225914
Quezon_City,2026-08-21T00:00:00+00:00,B,B,16.5189266204834,38.270833333333336,21.751906712849937
Quezon_City,2026-08-21T00:00:00+00:00,C,B,18.314523696899414,38.270833333333336,19.95630963643392
Quezon_City,2026-08-21T00:00:00+00:00,D,B,13.065227508544922,38.270833333333336,25.205605824788414
Quezon_City,2026-08-21T00:00:00+00:00,A,S,20.41265869140625,38.270833333333336,17.858174641927086
Quezon_City,2026-08-21T00:00:00+00:00,B,S,16.033185958862305,38.270833333333336,22.23764737447103
Quezon_City,2026-08-21T00:00:00+00:00,C,S,17.920074462890625,38.270833333333336,20.35075887044271
Quezon_City,2026-08-21T00:00:00+00:00,D,S,13.015915870666504,38.270833333333336,25.254917462666832
Quezon_City,2026-08-21T00:00:00+00:00,A,C,20.7009220123291,38.270833333333336,17.569911321004234
Quezon_City,2026-08-21T00:00:00+00:00,B,C,15.998100280761719,38.270833333333336,22.272733052571617
Quezon_City,2026-08-21T00:00:00+00:00,C,C,18.105600357055664,38.270833333333336,20.16523297627767
Quezon_City,2026-08-21T00:00:00+00:00,D,C,13.015915870666504,38.270833333333336,25.254917462666832
Quezon_City,2026-08-22T00:00:00+00:00,A,A,20.071250915527344,36.07083333333333,15.999582417805989
Quezon_City,2026-08-22T00:00:00+00:00,B,A,20.36280632019043,36.07083333333333,15.708027013142903
Quezon_City,2026-08-22T00:00:00+00:00,C,A,22.604576110839844,36.07083333333333,13.466257222493489
Quezon_City,2026-08-22T00:00:00+00:00,D,A,20.799089431762695,36.07083333333333,15.271743901570638
Quezon_City,2026-08-22T00:00:00+00:00,A,B,20.071250915527344,36.07083333333333,15.999582417805989
Quezon_City,2026-08-22T00:00:00+00:00,B,B,20.36280632019043,36.07083333333333,15.708027013142903
Quezon_City,2026-08-22T00:00:00+00:00,C,B,22.604576110839844,36.07083333333333,13.466257222493489
Quezon_City,2026-08-22T00:00:00+00:00,D,B,20.799089431762695,36.07083333333333,15.271743901570638
Quezon_City,2026-08-22T00:00:00+00:00,A,S,19.85133171081543,36.07083333333333,16.219501622517903
Quezon_City,2026-08-22T00:00:00+00:00,B,S,20.381776809692383,36.07083333333333,15.68905652364095
Quezon_City,2026-08-22T00:00:00+00:00,C,S,22.403640747070312,36.07083333333333,13.66719258626302
Quezon_City,2026-08-22T00:00:00+00:00,D,S,21.496492385864258,36.07083333333333,14.574340947469075
Quezon_City,2026-08-22T00:00:00+00:00,A,C,20.31553077697754,36.07083333333333,15.755302556355794
Quezon_City,2026-08-22T00:00:00+00:00,B,C,20.374853134155273,36.07083333333333,15.69598019917806
Quezon_City,2026-08-22T00:00:00+00:00,C,C,22.345800399780273,36.07083333333333,13.72503293355306
Quezon_City,2026-08-22T00:00:00+00:00,D,C,21.496492385864258,36.07083333333333,14.574340947469075
Quezon_City,2026-08-23T00:00:00+00:00,A,A,20.244001388549805,42.22083333333334,21.976831944783534
Quezon_City,2026-08-23T00:00:00+00:00,B,A,21.955659866333008,42.22083333333334,20.26517346700033
Quezon_City,2026-08-23T00:00:00+00:00,C,A,22.958654403686523,42.22083333333334,19.262178929646815
Quezon_City,2026-08-23T00:00:00+00:00,D,A,20.38734245300293,42.22083333333334,21.83349088033041
Quezon_City,2026-08-23T00:00:00+00:00,A,B,20.244001388549805,42.22083333333334,21.976831944783534
Quezon_City,2026-08-23T00:00:00+00:00,B,B,21.955659866333008,42.22083333333334,20.26517346700033
Quezon_City,2026-08-23T00:00:00+00:00,C,B,22.958654403686523,42.22083333333334,19.262178929646815
Quezon_City,2026-08-23T00:00:00+00:00,D,B,20.38734245300293,42.22083333333334,21.83349088033041
Quezon_City,2026-08-23T00:00:00+00:00,A,S,20.244001388549805,42.22083333333334,21.976831944783534
Quezon_City,2026-08-23T00:00:00+00:00,B,S,21.955659866333008,42.22083333333334,20.26517346700033
Quezon_City,2026-08-23T00:00:00+00:00,C,S,22.958654403686523,42.22083333333334,19.262178929646815
Quezon_City,2026-08-23T00:00:00+00:00,D,S,20.38734245300293,42.22083333333334,21.83349088033041
Quezon_City,2026-08-23T00:00:00+00:00,A,C,20.244001388549805,42.22083333333334,21.976831944783534
Quezon_City,2026-08-23T00:00:00+00:00,B,C,21.955659866333008,42.22083333333334,20.26517346700033
Quezon_City,2026-08-23T00:00:00+00:00,C,C,22.958654403686523,42.22083333333334,19.262178929646815
Quezon_City,2026-08-23T00:00:00+00:00,D,C,20.38734245300293,42.22083333333334,21.83349088033041
Quezon_City,2026-08-24T00:00:00+00:00,A,A,19.68733787536621,41.229166666666664,21.541828791300453
Quezon_City,2026-08-24T00:00:00+00:00,B,A,22.79051399230957,41.229166666666664,18.438652674357094
Quezon_City,2026-08-24T00:00:00+00:00,C,A,23.638166427612305,41.229166666666664,17.59100023905436
Quezon_City,2026-08-24T00:00:00+00:00,D,A,27.386932373046875,41.229166666666664,13.84223429361979
Quezon_City,2026-08-24T00:00:00+00:00,A,B,19.68733787536621,41.229166666666664,21.541828791300453
Quezon_City,2026-08-24T00:00:00+00:00,B,B,22.79051399230957,41.229166666666664,18.438652674357094
Quezon_City,2026-08-24T00:00:00+00:00,C,B,23.638166427612305,41.229166666666664,17.59100023905436
Quezon_City,2026-08-24T00:00:00+00:00,D,B,27.386932373046875,41.229166666666664,13.84223429361979
Quezon_City,2026-08-24T00:00:00+00:00,A,S,19.68733787536621,41.229166666666664,21.541828791300453
Quezon_City,2026-08-24T00:00:00+00:00,B,S,22.79051399230957,41.229166666666664,18.438652674357094
Quezon_City,2026-08-24T00:00:00+00:00,C,S,23.638166427612305,41.229166666666664,17.59100023905436
Quezon_City,2026-08-24T00:00:00+00:00,D,S,27.386932373046875,41.229166666666664,13.84223429361979
Quezon_City,2026-08-24T00:00:00+00:00,A,C,19.68733787536621,41.229166666666664,21.541828791300453
Quezon_City,2026-08-24T00:00:00+00:00,B,C,22.79051399230957,41.229166666666664,18.438652674357094
Quezon_City,2026-08-24T00:00:00+00:00,C,C,23.638166427612305,41.229166666666664,17.59100023905436
Quezon_City,2026-08-24T00:00:00+00:00,D,C,27.386932373046875,41.229166666666664,13.84223429361979
Quezon_City,2026-08-25T00:00:00+00:00,A,A,21.17527961730957,36.82916666666667,15.653887049357103
Quezon_City,2026-08-25T00:00:00+00:00,B,A,20.145444869995117,36.82916666666667,16.683721796671556
Quezon_City,2026-08-25T00:00:00+00:00,C,A,22.771352767944336,36.82916666666667,14.057813898722337
Quezon_City,2026-08-25T00:00:00+00:00,D,A,19.86023712158203,36.82916666666667,16.96892954508464
Quezon_City,2026-08-25T00:00:00+00:00,A,B,21.17527961730957,36.82916666666667,15.653887049357103
Quezon_City,2026-08-25T00:00:00+00:00,B,B,20.145444869995117,36.82916666666667,16.683721796671556
Quezon_City,2026-08-25T00:00:00+00:00,C,B,22.771352767944336,36.82916666666667,14.057813898722337
Quezon_City,2026-08-25T00:00:00+00:00,D,B,19.86023712158203,36.82916666666667,16.96892954508464
Quezon_City,2026-08-25T00:00:00+00:00,A,S,21.17527961730957,36.82916666666667,15.653887049357103
Quezon_City,2026-08-25T00:00:00+00:00,B,S,20.145444869995117,36.82916666666667,16.683721796671556
Quezon_City,2026-08-25T00:00:00+00:00,C,S,22.771352767944336,36.82916666666667,14.057813898722337
Quezon_City,2026-08-25T00:00:00+00:00,D,S,19.86023712158203,36.82916666666667,16.96892954508464
Quezon_City,2026-08-25T00:00:00+00:00,A,C,21.17527961730957,36.82916666666667,15.653887049357103
Quezon_City,2026-08-25T00:00:00+00:00,B,C,20.145444869995117,36.82916666666667,16.683721796671556
Quezon_City,2026-08-25T00:00:00+00:00,C,C,22.771352767944336,36.82916666666667,14.057813898722337
Quezon_City,2026-08-25T00:00:00+00:00,D,C,19.86023712158203,36.82916666666667,16.96892954508464
Quezon_City,2026-08-26T00:00:00+00:00,A,A,20.159692764282227,17.6125,2.547192764282226
Quezon_City,2026-08-26T00:00:00+00:00,B,A,20.944931030273438,17.6125,3.332431030273437
Quezon_City,2026-08-26T00:00:00+00:00,C,A,22.119455337524414,17.6125,4.506955337524413
Quezon_City,2026-08-26T00:00:00+00:00,D,A,18.615140914916992,17.6125,1.0026409149169915
Quezon_City,2026-08-26T00:00:00+00:00,A,B,20.159692764282227,17.6125,2.547192764282226
Quezon_City,2026-08-26T00:00:00+00:00,B,B,20.944931030273438,17.6125,3.332431030273437
Quezon_City,2026-08-26T00:00:00+00:00,C,B,22.119455337524414,17.6125,4.506955337524413
Quezon_City,2026-08-26T00:00:00+00:00,D,B,18.615140914916992,17.6125,1.0026409149169915
Quezon_City,2026-08-26T00:00:00+00:00,A,S,20.159692764282227,17.6125,2.547192764282226
Quezon_City,2026-08-26T00:00:00+00:00,B,S,20.944931030273438,17.6125,3.332431030273437
Quezon_City,2026-08-26T00:00:00+00:00,C,S,22.119455337524414,17.6125,4.506955337524413
Quezon_City,2026-08-26T00:00:00+00:00,D,S,18.615140914916992,17.6125,1.0026409149169915
Quezon_City,2026-08-26T00:00:00+00:00,A,C,20.159692764282227,17.6125,2.547192764282226
Quezon_City,2026-08-26T00:00:00+00:00,B,C,20.944931030273438,17.6125,3.332431030273437
Quezon_City,2026-08-26T00:00:00+00:00,C,C,22.119455337524414,17.6125,4.506955337524413
Quezon_City,2026-08-26T00:00:00+00:00,D,C,18.615140914916992,17.6125,1.0026409149169915
Quezon_City,2026-08-27T00:00:00+00:00,A,A,17.373275756835938,16.754166666666666,0.6191090901692711
Quezon_City,2026-08-27T00:00:00+00:00,B,A,15.452632904052734,16.754166666666666,1.301533762613932
Quezon_City,2026-08-27T00:00:00+00:00,C,A,14.22601318359375,16.754166666666666,2.5281534830729164
Quezon_City,2026-08-27T00:00:00+00:00,D,A,15.053672790527344,16.754166666666666,1.7004938761393227
Quezon_City,2026-08-27T00:00:00+00:00,A,B,17.373275756835938,16.754166666666666,0.6191090901692711
Quezon_City,2026-08-27T00:00:00+00:00,B,B,15.452632904052734,16.754166666666666,1.301533762613932
Quezon_City,2026-08-27T00:00:00+00:00,C,B,14.22601318359375,16.754166666666666,2.5281534830729164
Quezon_City,2026-08-27T00:00:00+00:00,D,B,15.053672790527344,16.754166666666666,1.7004938761393227
Quezon_City,2026-08-27T00:00:00+00:00,A,S,17.373275756835938,16.754166666666666,0.6191090901692711
Quezon_City,2026-08-27T00:00:00+00:00,B,S,15.452632904052734,16.754166666666666,1.301533762613932
Quezon_City,2026-08-27T00:00:00+00:00,C,S,14.22601318359375,16.754166666666666,2.5281534830729164
Quezon_City,2026-08-27T00:00:00+00:00,D,S,15.053672790527344,16.754166666666666,1.7004938761393227
Quezon_City,2026-08-27T00:00:00+00:00,A,C,17.373275756835938,16.754166666666666,0.6191090901692711
Quezon_City,2026-08-27T00:00:00+00:00,B,C,15.452632904052734,16.754166666666666,1.301533762613932
Quezon_City,2026-08-27T00:00:00+00:00,C,C,14.22601318359375,16.754166666666666,2.5281534830729164
Quezon_City,2026-08-27T00:00:00+00:00,D,C,15.053672790527344,16.754166666666666,1.7004938761393227
Quezon_City,2026-08-28T00:00:00+00:00,A,A,15.781822204589844,9.25,6.531822204589844
Quezon_City,2026-08-28T00:00:00+00:00,B,A,14.599934577941895,9.25,5.3499345779418945
Quezon_City,2026-08-28T00:00:00+00:00,C,A,15.394526481628418,9.25,6.144526481628418
Quezon_City,2026-08-28T00:00:00+00:00,D,A,10.814240455627441,9.25,1.5642404556274414
Quezon_City,2026-08-28T00:00:00+00:00,A,B,15.781822204589844,9.25,6.531822204589844
Quezon_City,2026-08-28T00:00:00+00:00,B,B,14.599934577941895,9.25,5.3499345779418945
Quezon_City,2026-08-28T00:00:00+00:00,C,B,15.394526481628418,9.25,6.144526481628418
Quezon_City,2026-08-28T00:00:00+00:00,D,B,10.814240455627441,9.25,1.5642404556274414
Quezon_City,2026-08-28T00:00:00+00:00,A,S,15.781822204589844,9.25,6.531822204589844
Quezon_City,2026-08-28T00:00:00+00:00,B,S,14.599934577941895,9.25,5.3499345779418945
Quezon_City,2026-08-28T00:00:00+00:00,C,S,15.394526481628418,9.25,6.144526481628418
Quezon_City,2026-08-28T00:00:00+00:00,D,S,10.814240455627441,9.25,1.5642404556274414
Quezon_City,2026-08-28T00:00:00+00:00,A,C,15.781822204589844,9.25,6.531822204589844
Quezon_City,2026-08-28T00:00:00+00:00,B,C,14.599934577941895,9.25,5.3499345779418945
Quezon_City,2026-08-28T00:00:00+00:00,C,C,15.394526481628418,9.25,6.144526481628418
Quezon_City,2026-08-28T00:00:00+00:00,D,C,10.814240455627441,9.25,1.5642404556274414
Quezon_City,2026-08-29T00:00:00+00:00,A,A,9.298103332519531,24.045833333333334,14.747730000813803
Quezon_City,2026-08-29T00:00:00+00:00,B,A,9.753222465515137,24.045833333333334,14.292610867818198
Quezon_City,2026-08-29T00:00:00+00:00,C,A,11.50927734375,24.045833333333334,12.536555989583334
Quezon_City,2026-08-29T00:00:00+00:00,D,A,11.012516975402832,24.045833333333334,13.033316357930502
Quezon_City,2026-08-29T00:00:00+00:00,A,B,9.298103332519531,24.045833333333334,14.747730000813803
Quezon_City,2026-08-29T00:00:00+00:00,B,B,9.753222465515137,24.045833333333334,14.292610867818198
Quezon_City,2026-08-29T00:00:00+00:00,C,B,11.50927734375,24.045833333333334,12.536555989583334
Quezon_City,2026-08-29T00:00:00+00:00,D,B,11.012516975402832,24.045833333333334,13.033316357930502
Quezon_City,2026-08-29T00:00:00+00:00,A,S,9.298103332519531,24.045833333333334,14.747730000813803
Quezon_City,2026-08-29T00:00:00+00:00,B,S,9.753222465515137,24.045833333333334,14.292610867818198
Quezon_City,2026-08-29T00:00:00+00:00,C,S,11.50927734375,24.045833333333334,12.536555989583334
Quezon_City,2026-08-29T00:00:00+00:00,D,S,11.012516975402832,24.045833333333334,13.033316357930502
Quezon_City,2026-08-29T00:00:00+00:00,A,C,9.298103332519531,24.045833333333334,14.747730000813803
Quezon_City,2026-08-29T00:00:00+00:00,B,C,9.753222465515137,24.045833333333334,14.292610867818198
Quezon_City,2026-08-29T00:00:00+00:00,C,C,11.50927734375,24.045833333333334,12.536555989583334
Quezon_City,2026-08-29T00:00:00+00:00,D,C,11.012516975402832,24.045833333333334,13.033316357930502
Quezon_City,2026-08-30T00:00:00+00:00,A,A,15.388728141784668,51.06666666666666,35.677938524881995
Quezon_City,2026-08-30T00:00:00+00:00,B,A,17.074033737182617,51.06666666666666,33.992632929484046
Quezon_City,2026-08-30T00:00:00+00:00,C,A,14.60982894897461,51.06666666666666,36.45683771769205
Quezon_City,2026-08-30T00:00:00+00:00,D,A,17.569503784179688,51.06666666666666,33.497162882486975
Quezon_City,2026-08-30T00:00:00+00:00,A,B,15.388728141784668,51.06666666666666,35.677938524881995
Quezon_City,2026-08-30T00:00:00+00:00,B,B,17.074033737182617,51.06666666666666,33.992632929484046
Quezon_City,2026-08-30T00:00:00+00:00,C,B,14.60982894897461,51.06666666666666,36.45683771769205
Quezon_City,2026-08-30T00:00:00+00:00,D,B,17.569503784179688,51.06666666666666,33.497162882486975
Quezon_City,2026-08-30T00:00:00+00:00,A,S,15.388728141784668,51.06666666666666,35.677938524881995
Quezon_City,2026-08-30T00:00:00+00:00,B,S,17.074033737182617,51.06666666666666,33.992632929484046
Quezon_City,2026-08-30T00:00:00+00:00,C,S,14.60982894897461,51.06666666666666,36.45683771769205
Quezon_City,2026-08-30T00:00:00+00:00,D,S,17.569503784179688,51.06666666666666,33.497162882486975
Quezon_City,2026-08-30T00:00:00+00:00,A,C,15.388728141784668,51.06666666666666,35.677938524881995
Quezon_City,2026-08-30T00:00:00+00:00,B,C,17.074033737182617,51.06666666666666,33.992632929484046
Quezon_City,2026-08-30T00:00:00+00:00,C,C,14.60982894897461,51.06666666666666,36.45683771769205
Quezon_City,2026-08-30T00:00:00+00:00,D,C,17.569503784179688,51.06666666666666,33.497162882486975
Quezon_City,2026-08-31T00:00:00+00:00,A,A,21.3134708404541,84.42916666666667,63.11569582621257
Quezon_City,2026-08-31T00:00:00+00:00,B,A,19.817346572875977,84.42916666666667,64.6118200937907
Quezon_City,2026-08-31T00:00:00+00:00,C,A,24.078567504882812,84.42916666666667,60.35059916178386
Quezon_City,2026-08-31T00:00:00+00:00,D,A,18.320938110351562,84.42916666666667,66.10822855631511
Quezon_City,2026-08-31T00:00:00+00:00,A,B,21.3134708404541,84.42916666666667,63.11569582621257
Quezon_City,2026-08-31T00:00:00+00:00,B,B,19.817346572875977,84.42916666666667,64.6118200937907
Quezon_City,2026-08-31T00:00:00+00:00,C,B,24.078567504882812,84.42916666666667,60.35059916178386
Quezon_City,2026-08-31T00:00:00+00:00,D,B,18.320938110351562,84.42916666666667,66.10822855631511
Quezon_City,2026-08-31T00:00:00+00:00,A,S,21.3134708404541,84.42916666666667,63.11569582621257
Quezon_City,2026-08-31T00:00:00+00:00,B,S,19.817346572875977,84.42916666666667,64.6118200937907
Quezon_City,2026-08-31T00:00:00+00:00,C,S,24.078567504882812,84.42916666666667,60.35059916178386
Quezon_City,2026-08-31T00:00:00+00:00,D,S,18.320938110351562,84.42916666666667,66.10822855631511
Quezon_City,2026-08-31T00:00:00+00:00,A,C,21.3134708404541,84.42916666666667,63.11569582621257
Quezon_City,2026-08-31T00:00:00+00:00,B,C,19.817346572875977,84.42916666666667,64.6118200937907
Quezon_City,2026-08-31T00:00:00+00:00,C,C,24.078567504882812,84.42916666666667,60.35059916178386
Quezon_City,2026-08-31T00:00:00+00:00,D,C,18.320938110351562,84.42916666666667,66.10822855631511
Quezon_City,2026-09-01T00:00:00+00:00,A,A,23.1688289642334,33.7125,10.5436710357666
Quezon_City,2026-09-01T00:00:00+00:00,B,A,17.29302215576172,33.7125,16.41947784423828
Quezon_City,2026-09-01T00:00:00+00:00,C,A,24.579538345336914,33.7125,9.132961654663085
Quezon_City,2026-09-01T00:00:00+00:00,D,A,34.411922454833984,33.7125,0.6994224548339858
Quezon_City,2026-09-01T00:00:00+00:00,A,B,23.1688289642334,33.7125,10.5436710357666
Quezon_City,2026-09-01T00:00:00+00:00,B,B,17.29302215576172,33.7125,16.41947784423828
Quezon_City,2026-09-01T00:00:00+00:00,C,B,24.579538345336914,33.7125,9.132961654663085
Quezon_City,2026-09-01T00:00:00+00:00,D,B,34.411922454833984,33.7125,0.6994224548339858
Quezon_City,2026-09-01T00:00:00+00:00,A,S,23.1688289642334,33.7125,10.5436710357666
Quezon_City,2026-09-01T00:00:00+00:00,B,S,17.29302215576172,33.7125,16.41947784423828
Quezon_City,2026-09-01T00:00:00+00:00,C,S,24.579538345336914,33.7125,9.132961654663085
Quezon_City,2026-09-01T00:00:00+00:00,D,S,34.411922454833984,33.7125,0.6994224548339858
Quezon_City,2026-09-01T00:00:00+00:00,A,C,23.1688289642334,33.7125,10.5436710357666
Quezon_City,2026-09-01T00:00:00+00:00,B,C,17.29302215576172,33.7125,16.41947784423828
Quezon_City,2026-09-01T00:00:00+00:00,C,C,24.579538345336914,33.7125,9.132961654663085
Quezon_City,2026-09-01T00:00:00+00:00,D,C,34.411922454833984,33.7125,0.6994224548339858
Quezon_City,2026-09-02T00:00:00+00:00,A,A,16.35618782043457,27.70416666666667,11.347978846232099
Quezon_City,2026-09-02T00:00:00+00:00,B,A,13.33417797088623,27.70416666666667,14.369988695780439
Quezon_City,2026-09-02T00:00:00+00:00,C,A,19.594600677490234,27.70416666666667,8.109565989176435
Quezon_City,2026-09-02T00:00:00+00:00,D,A,15.483078002929688,27.70416666666667,12.221088663736982
Quezon_City,2026-09-02T00:00:00+00:00,A,B,16.35618782043457,27.70416666666667,11.347978846232099
Quezon_City,2026-09-02T00:00:00+00:00,B,B,13.33417797088623,27.70416666666667,14.369988695780439
Quezon_City,2026-09-02T00:00:00+00:00,C,B,19.594600677490234,27.70416666666667,8.109565989176435
Quezon_City,2026-09-02T00:00:00+00:00,D,B,15.483078002929688,27.70416666666667,12.221088663736982
Quezon_City,2026-09-02T00:00:00+00:00,A,S,16.35618782043457,27.70416666666667,11.347978846232099
Quezon_City,2026-09-02T00:00:00+00:00,B,S,13.33417797088623,27.70416666666667,14.369988695780439
Quezon_City,2026-09-02T00:00:00+00:00,C,S,19.594600677490234,27.70416666666667,8.109565989176435
Quezon_City,2026-09-02T00:00:00+00:00,D,S,15.483078002929688,27.70416666666667,12.221088663736982
Quezon_City,2026-09-02T00:00:00+00:00,A,C,16.35618782043457,27.70416666666667,11.347978846232099
Quezon_City,2026-09-02T00:00:00+00:00,B,C,13.33417797088623,27.70416666666667,14.369988695780439
Quezon_City,2026-09-02T00:00:00+00:00,C,C,19.594600677490234,27.70416666666667,8.109565989176435
Quezon_City,2026-09-02T00:00:00+00:00,D,C,15.483078002929688,27.70416666666667,12.221088663736982
Quezon_City,2026-09-03T00:00:00+00:00,A,A,20.984127044677734,12.091666666666667,8.892460378011068
Quezon_City,2026-09-03T00:00:00+00:00,B,A,21.69061279296875,12.091666666666667,9.598946126302083
Quezon_City,2026-09-03T00:00:00+00:00,C,A,23.008100509643555,12.091666666666667,10.916433842976888
Quezon_City,2026-09-03T00:00:00+00:00,D,A,21.902013778686523,12.091666666666667,9.810347112019857
Quezon_City,2026-09-03T00:00:00+00:00,A,B,20.984127044677734,12.091666666666667,8.892460378011068
Quezon_City,2026-09-03T00:00:00+00:00,B,B,21.69061279296875,12.091666666666667,9.598946126302083
Quezon_City,2026-09-03T00:00:00+00:00,C,B,23.008100509643555,12.091666666666667,10.916433842976888
Quezon_City,2026-09-03T00:00:00+00:00,D,B,21.902013778686523,12.091666666666667,9.810347112019857
Quezon_City,2026-09-03T00:00:00+00:00,A,S,20.984127044677734,12.091666666666667,8.892460378011068
Quezon_City,2026-09-03T00:00:00+00:00,B,S,21.69061279296875,12.091666666666667,9.598946126302083
Quezon_City,2026-09-03T00:00:00+00:00,C,S,23.008100509643555,12.091666666666667,10.916433842976888
Quezon_City,2026-09-03T00:00:00+00:00,D,S,21.902013778686523,12.091666666666667,9.810347112019857
Quezon_City,2026-09-03T00:00:00+00:00,A,C,20.984127044677734,12.091666666666667,8.892460378011068
Quezon_City,2026-09-03T00:00:00+00:00,B,C,21.69061279296875,12.091666666666667,9.598946126302083
Quezon_City,2026-09-03T00:00:00+00:00,C,C,23.008100509643555,12.091666666666667,10.916433842976888
Quezon_City,2026-09-03T00:00:00+00:00,D,C,21.902013778686523,12.091666666666667,9.810347112019857
Quezon_City,2026-09-04T00:00:00+00:00,A,A,15.014411926269531,14.35,0.6644119262695316
Quezon_City,2026-09-04T00:00:00+00:00,B,A,11.478327751159668,14.35,2.8716722488403317
Quezon_City,2026-09-04T00:00:00+00:00,C,A,15.4551420211792,14.35,1.1051420211791996
Quezon_City,2026-09-04T00:00:00+00:00,D,A,12.734910011291504,14.35,1.6150899887084957
Quezon_City,2026-09-04T00:00:00+00:00,A,B,15.014411926269531,14.35,0.6644119262695316
Quezon_City,2026-09-04T00:00:00+00:00,B,B,11.478327751159668,14.35,2.8716722488403317
Quezon_City,2026-09-04T00:00:00+00:00,C,B,15.4551420211792,14.35,1.1051420211791996
Quezon_City,2026-09-04T00:00:00+00:00,D,B,12.734910011291504,14.35,1.6150899887084957
Quezon_City,2026-09-04T00:00:00+00:00,A,S,15.014411926269531,14.35,0.6644119262695316
Quezon_City,2026-09-04T00:00:00+00:00,B,S,11.478327751159668,14.35,2.8716722488403317
Quezon_City,2026-09-04T00:00:00+00:00,C,S,15.4551420211792,14.35,1.1051420211791996
Quezon_City,2026-09-04T00:00:00+00:00,D,S,12.734910011291504,14.35,1.6150899887084957
Quezon_City,2026-09-04T00:00:00+00:00,A,C,15.014411926269531,14.35,0.6644119262695316
Quezon_City,2026-09-04T00:00:00+00:00,B,C,11.478327751159668,14.35,2.8716722488403317
Quezon_City,2026-09-04T00:00:00+00:00,C,C,15.4551420211792,14.35,1.1051420211791996
Quezon_City,2026-09-04T00:00:00+00:00,D,C,12.734910011291504,14.35,1.6150899887084957
Quezon_City,2026-09-05T00:00:00+00:00,A,A,10.388744354248047,13.204166666666666,2.815422312418619
Quezon_City,2026-09-05T00:00:00+00:00,B,A,12.586575508117676,13.204166666666666,0.6175911585489899
Quezon_City,2026-09-05T00:00:00+00:00,C,A,13.055956840515137,13.204166666666666,0.148209826151529
Quezon_City,2026-09-05T00:00:00+00:00,D,A,12.864283561706543,13.204166666666666,0.33988310496012275
Quezon_City,2026-09-05T00:00:00+00:00,A,B,10.388744354248047,13.204166666666666,2.815422312418619
Quezon_City,2026-09-05T00:00:00+00:00,B,B,12.586575508117676,13.204166666666666,0.6175911585489899
Quezon_City,2026-09-05T00:00:00+00:00,C,B,13.055956840515137,13.204166666666666,0.148209826151529
Quezon_City,2026-09-05T00:00:00+00:00,D,B,12.864283561706543,13.204166666666666,0.33988310496012275
Quezon_City,2026-09-05T00:00:00+00:00,A,S,10.388744354248047,13.204166666666666,2.815422312418619
Quezon_City,2026-09-05T00:00:00+00:00,B,S,12.586575508117676,13.204166666666666,0.6175911585489899
Quezon_City,2026-09-05T00:00:00+00:00,C,S,13.055956840515137,13.204166666666666,0.148209826151529
Quezon_City,2026-09-05T00:00:00+00:00,D,S,12.864283561706543,13.204166666666666,0.33988310496012275
Quezon_City,2026-09-05T00:00:00+00:00,A,C,10.388744354248047,13.204166666666666,2.815422312418619
Quezon_City,2026-09-05T00:00:00+00:00,B,C,12.586575508117676,13.204166666666666,0.6175911585489899
Quezon_City,2026-09-05T00:00:00+00:00,C,C,13.055956840515137,13.204166666666666,0.148209826151529
Quezon_City,2026-09-05T00:00:00+00:00,D,C,12.864283561706543,13.204166666666666,0.33988310496012275
Quezon_City,2026-09-06T00:00:00+00:00,A,A,11.052978515625,9.745833333333334,1.3071451822916664
Quezon_City,2026-09-06T00:00:00+00:00,B,A,10.734772682189941,9.745833333333334,0.9889393488566078
Quezon_City,2026-09-06T00:00:00+00:00,C,A,12.149197578430176,9.745833333333334,2.403364245096842
Quezon_City,2026-09-06T00:00:00+00:00,D,A,13.30357837677002,9.745833333333334,3.557745043436686
Quezon_City,2026-09-06T00:00:00+00:00,A,B,11.052978515625,9.745833333333334,1.3071451822916664
Quezon_City,2026-09-06T00:00:00+00:00,B,B,10.734772682189941,9.745833333333334,0.9889393488566078
Quezon_City,2026-09-06T00:00:00+00:00,C,B,12.149197578430176,9.745833333333334,2.403364245096842
Quezon_City,2026-09-06T00:00:00+00:00,D,B,13.30357837677002,9.745833333333334,3.557745043436686
Quezon_City,2026-09-06T00:00:00+00:00,A,S,11.052978515625,9.745833333333334,1.3071451822916664
Quezon_City,2026-09-06T00:00:00+00:00,B,S,10.734772682189941,9.745833333333334,0.9889393488566078
Quezon_City,2026-09-06T00:00:00+00:00,C,S,12.149197578430176,9.745833333333334,2.403364245096842
Quezon_City,2026-09-06T00:00:00+00:00,D,S,13.30357837677002,9.745833333333334,3.557745043436686
Quezon_City,2026-09-06T00:00:00+00:00,A,C,11.052978515625,9.745833333333334,1.3071451822916664
Quezon_City,2026-09-06T00:00:00+00:00,B,C,10.734772682189941,9.745833333333334,0.9889393488566078
Quezon_City,2026-09-06T00:00:00+00:00,C,C,12.149197578430176,9.745833333333334,2.403364245096842
Quezon_City,2026-09-06T00:00:00+00:00,D,C,13.30357837677002,9.745833333333334,3.557745043436686
Quezon_City,2026-09-07T00:00:00+00:00,A,A,12.984461784362793,24.970833333333335,11.986371548970542
Quezon_City,2026-09-07T00:00:00+00:00,B,A,12.649433135986328,24.970833333333335,12.321400197347007
Quezon_City,2026-09-07T00:00:00+00:00,C,A,11.497105598449707,24.970833333333335,13.473727734883628
Quezon_City,2026-09-07T00:00:00+00:00,D,A,13.600735664367676,24.970833333333335,11.37009766896566
Quezon_City,2026-09-07T00:00:00+00:00,A,B,12.984461784362793,24.970833333333335,11.986371548970542
Quezon_City,2026-09-07T00:00:00+00:00,B,B,12.649433135986328,24.970833333333335,12.321400197347007
Quezon_City,2026-09-07T00:00:00+00:00,C,B,11.497105598449707,24.970833333333335,13.473727734883628
Quezon_City,2026-09-07T00:00:00+00:00,D,B,13.600735664367676,24.970833333333335,11.37009766896566
Quezon_City,2026-09-07T00:00:00+00:00,A,S,12.984461784362793,24.970833333333335,11.986371548970542
Quezon_City,2026-09-07T00:00:00+00:00,B,S,12.649433135986328,24.970833333333335,12.321400197347007
Quezon_City,2026-09-07T00:00:00+00:00,C,S,11.497105598449707,24.970833333333335,13.473727734883628
Quezon_City,2026-09-07T00:00:00+00:00,D,S,13.600735664367676,24.970833333333335,11.37009766896566
Quezon_City,2026-09-07T00:00:00+00:00,A,C,12.984461784362793,24.970833333333335,11.986371548970542
Quezon_City,2026-09-07T00:00:00+00:00,B,C,12.649433135986328,24.970833333333335,12.321400197347007
Quezon_City,2026-09-07T00:00:00+00:00,C,C,11.497105598449707,24.970833333333335,13.473727734883628
Quezon_City,2026-09-07T00:00:00+00:00,D,C,13.600735664367676,24.970833333333335,11.37009766896566
Quezon_City,2026-09-08T00:00:00+00:00,A,A,12.926399230957031,16.266666666666666,3.3402674357096345
Quezon_City,2026-09-08T00:00:00+00:00,B,A,12.634081840515137,16.266666666666666,3.632584826151529
Quezon_City,2026-09-08T00:00:00+00:00,C,A,14.157544136047363,16.266666666666666,2.1091225306193024
Quezon_City,2026-09-08T00:00:00+00:00,D,A,13.464653968811035,16.266666666666666,2.8020126978556306
Quezon_City,2026-09-08T00:00:00+00:00,A,B,12.926399230957031,16.266666666666666,3.3402674357096345
Quezon_City,2026-09-08T00:00:00+00:00,B,B,12.634081840515137,16.266666666666666,3.632584826151529
Quezon_City,2026-09-08T00:00:00+00:00,C,B,14.157544136047363,16.266666666666666,2.1091225306193024
Quezon_City,2026-09-08T00:00:00+00:00,D,B,13.464653968811035,16.266666666666666,2.8020126978556306
Quezon_City,2026-09-08T00:00:00+00:00,A,S,12.926399230957031,16.266666666666666,3.3402674357096345
Quezon_City,2026-09-08T00:00:00+00:00,B,S,12.634081840515137,16.266666666666666,3.632584826151529
Quezon_City,2026-09-08T00:00:00+00:00,C,S,14.157544136047363,16.266666666666666,2.1091225306193024
Quezon_City,2026-09-08T00:00:00+00:00,D,S,13.464653968811035,16.266666666666666,2.8020126978556306
Quezon_City,2026-09-08T00:00:00+00:00,A,C,12.926399230957031,16.266666666666666,3.3402674357096345
Quezon_City,2026-09-08T00:00:00+00:00,B,C,12.634081840515137,16.266666666666666,3.632584826151529
Quezon_City,2026-09-08T00:00:00+00:00,C,C,14.157544136047363,16.266666666666666,2.1091225306193024
Quezon_City,2026-09-08T00:00:00+00:00,D,C,13.464653968811035,16.266666666666666,2.8020126978556306
Quezon_City,2026-09-09T00:00:00+00:00,A,A,12.067527770996094,12.6625,0.5949722290039059
Quezon_City,2026-09-09T00:00:00+00:00,B,A,13.64797592163086,12.6625,0.9854759216308597
Quezon_City,2026-09-09T00:00:00+00:00,C,A,12.832249641418457,12.6625,0.1697496414184574
Quezon_City,2026-09-09T00:00:00+00:00,D,A,13.68871784210205,12.6625,1.0262178421020511
Quezon_City,2026-09-09T00:00:00+00:00,A,B,12.067527770996094,12.6625,0.5949722290039059
Quezon_City,2026-09-09T00:00:00+00:00,B,B,13.64797592163086,12.6625,0.9854759216308597
Quezon_City,2026-09-09T00:00:00+00:00,C,B,12.832249641418457,12.6625,0.1697496414184574
Quezon_City,2026-09-09T00:00:00+00:00,D,B,13.68871784210205,12.6625,1.0262178421020511
Quezon_City,2026-09-09T00:00:00+00:00,A,S,12.067527770996094,12.6625,0.5949722290039059
Quezon_City,2026-09-09T00:00:00+00:00,B,S,13.64797592163086,12.6625,0.9854759216308597
Quezon_City,2026-09-09T00:00:00+00:00,C,S,12.832249641418457,12.6625,0.1697496414184574
Quezon_City,2026-09-09T00:00:00+00:00,D,S,13.68871784210205,12.6625,1.0262178421020511
Quezon_City,2026-09-09T00:00:00+00:00,A,C,12.067527770996094,12.6625,0.5949722290039059
Quezon_City,2026-09-09T00:00:00+00:00,B,C,13.64797592163086,12.6625,0.9854759216308597
Quezon_City,2026-09-09T00:00:00+00:00,C,C,12.832249641418457,12.6625,0.1697496414184574
Quezon_City,2026-09-09T00:00:00+00:00,D,C,13.68871784210205,12.6625,1.0262178421020511
Quezon_City,2026-09-10T00:00:00+00:00,A,A,10.750256538391113,18.979166666666668,8.228910128275555
Quezon_City,2026-09-10T00:00:00+00:00,B,A,10.558334350585938,18.979166666666668,8.42083231608073
Quezon_City,2026-09-10T00:00:00+00:00,C,A,9.973699569702148,18.979166666666668,9.00546709696452
Quezon_City,2026-09-10T00:00:00+00:00,D,A,13.802788734436035,18.979166666666668,5.176377932230633
Quezon_City,2026-09-10T00:00:00+00:00,A,B,10.750256538391113,18.979166666666668,8.228910128275555
Quezon_City,2026-09-10T00:00:00+00:00,B,B,10.558334350585938,18.979166666666668,8.42083231608073
Quezon_City,2026-09-10T00:00:00+00:00,C,B,9.973699569702148,18.979166666666668,9.00546709696452
Quezon_City,2026-09-10T00:00:00+00:00,D,B,13.802788734436035,18.979166666666668,5.176377932230633
Quezon_City,2026-09-10T00:00:00+00:00,A,S,10.750256538391113,18.979166666666668,8.228910128275555
Quezon_City,2026-09-10T00:00:00+00:00,B,S,10.558334350585938,18.979166666666668,8.42083231608073
Quezon_City,2026-09-10T00:00:00+00:00,C,S,9.973699569702148,18.979166666666668,9.00546709696452
Quezon_City,2026-09-10T00:00:00+00:00,D,S,13.802788734436035,18.979166666666668,5.176377932230633
Quezon_City,2026-09-10T00:00:00+00:00,A,C,10.750256538391113,18.979166666666668,8.228910128275555
Quezon_City,2026-09-10T00:00:00+00:00,B,C,10.558334350585938,18.979166666666668,8.42083231608073
Quezon_City,2026-09-10T00:00:00+00:00,C,C,9.973699569702148,18.979166666666668,9.00546709696452
Quezon_City,2026-09-10T00:00:00+00:00,D,C,13.802788734436035,18.979166666666668,5.176377932230633
Quezon_City,2026-09-11T00:00:00+00:00,A,A,10.032896041870117,32.958333333333336,22.92543729146322
Quezon_City,2026-09-11T00:00:00+00:00,B,A,9.274200439453125,32.958333333333336,23.68413289388021
Quezon_City,2026-09-11T00:00:00+00:00,C,A,11.586112976074219,32.958333333333336,21.372220357259117
Quezon_City,2026-09-11T00:00:00+00:00,D,A,11.262279510498047,32.958333333333336,21.69605382283529
Quezon_City,2026-09-11T00:00:00+00:00,A,B,10.032896041870117,32.958333333333336,22.92543729146322
Quezon_City,2026-09-11T00:00:00+00:00,B,B,9.274200439453125,32.958333333333336,23.68413289388021
Quezon_City,2026-09-11T00:00:00+00:00,C,B,11.586112976074219,32.958333333333336,21.372220357259117
Quezon_City,2026-09-11T00:00:00+00:00,D,B,11.262279510498047,32.958333333333336,21.69605382283529
Quezon_City,2026-09-11T00:00:00+00:00,A,S,10.032896041870117,32.958333333333336,22.92543729146322
Quezon_City,2026-09-11T00:00:00+00:00,B,S,9.274200439453125,32.958333333333336,23.68413289388021
Quezon_City,2026-09-11T00:00:00+00:00,C,S,11.586112976074219,32.958333333333336,21.372220357259117
Quezon_City,2026-09-11T00:00:00+00:00,D,S,11.262279510498047,32.958333333333336,21.69605382283529
Quezon_City,2026-09-11T00:00:00+00:00,A,C,10.032896041870117,32.958333333333336,22.92543729146322
Quezon_City,2026-09-11T00:00:00+00:00,B,C,9.274200439453125,32.958333333333336,23.68413289388021
Quezon_City,2026-09-11T00:00:00+00:00,C,C,11.586112976074219,32.958333333333336,21.372220357259117
Quezon_City,2026-09-11T00:00:00+00:00,D,C,11.262279510498047,32.958333333333336,21.69605382283529
Quezon_City,2026-09-12T00:00:00+00:00,A,A,14.854512214660645,30.32916666666667,15.474654452006025
Quezon_City,2026-09-12T00:00:00+00:00,B,A,12.537344932556152,30.32916666666667,17.791821734110517
Quezon_City,2026-09-12T00:00:00+00:00,C,A,15.066494941711426,30.32916666666667,15.262671724955243
Quezon_City,2026-09-12T00:00:00+00:00,D,A,15.144733428955078,30.32916666666667,15.184433237711591
Quezon_City,2026-09-12T00:00:00+00:00,A,B,14.854512214660645,30.32916666666667,15.474654452006025
Quezon_City,2026-09-12T00:00:00+00:00,B,B,12.537344932556152,30.32916666666667,17.791821734110517
Quezon_City,2026-09-12T00:00:00+00:00,C,B,15.066494941711426,30.32916666666667,15.262671724955243
Quezon_City,2026-09-12T00:00:00+00:00,D,B,15.144733428955078,30.32916666666667,15.184433237711591
Quezon_City,2026-09-12T00:00:00+00:00,A,S,14.854512214660645,30.32916666666667,15.474654452006025
Quezon_City,2026-09-12T00:00:00+00:00,B,S,12.537344932556152,30.32916666666667,17.791821734110517
Quezon_City,2026-09-12T00:00:00+00:00,C,S,15.066494941711426,30.32916666666667,15.262671724955243
Quezon_City,2026-09-12T00:00:00+00:00,D,S,15.144733428955078,30.32916666666667,15.184433237711591
Quezon_City,2026-09-12T00:00:00+00:00,A,C,14.854512214660645,30.32916666666667,15.474654452006025
Quezon_City,2026-09-12T00:00:00+00:00,B,C,12.537344932556152,30.32916666666667,17.791821734110517
Quezon_City,2026-09-12T00:00:00+00:00,C,C,15.066494941711426,30.32916666666667,15.262671724955243
Quezon_City,2026-09-12T00:00:00+00:00,D,C,15.144733428955078,30.32916666666667,15.184433237711591
Quezon_City,2026-09-13T00:00:00+00:00,A,A,14.242484092712402,11.441666666666668,2.800817426045734
Quezon_City,2026-09-13T00:00:00+00:00,B,A,12.539298057556152,11.441666666666668,1.0976313908894841
Quezon_City,2026-09-13T00:00:00+00:00,C,A,13.328239440917969,11.441666666666668,1.8865727742513005
Quezon_City,2026-09-13T00:00:00+00:00,D,A,13.493034362792969,11.441666666666668,2.0513676961263005
Quezon_City,2026-09-13T00:00:00+00:00,A,B,14.242484092712402,11.441666666666668,2.800817426045734
Quezon_City,2026-09-13T00:00:00+00:00,B,B,12.539298057556152,11.441666666666668,1.0976313908894841
Quezon_City,2026-09-13T00:00:00+00:00,C,B,13.328239440917969,11.441666666666668,1.8865727742513005
Quezon_City,2026-09-13T00:00:00+00:00,D,B,13.493034362792969,11.441666666666668,2.0513676961263005
Quezon_City,2026-09-13T00:00:00+00:00,A,S,14.242484092712402,11.441666666666668,2.800817426045734
Quezon_City,2026-09-13T00:00:00+00:00,B,S,12.539298057556152,11.441666666666668,1.0976313908894841
Quezon_City,2026-09-13T00:00:00+00:00,C,S,13.328239440917969,11.441666666666668,1.8865727742513005
Quezon_City,2026-09-13T00:00:00+00:00,D,S,13.493034362792969,11.441666666666668,2.0513676961263005
Quezon_City,2026-09-13T00:00:00+00:00,A,C,14.242484092712402,11.441666666666668,2.800817426045734
Quezon_City,2026-09-13T00:00:00+00:00,B,C,12.539298057556152,11.441666666666668,1.0976313908894841
Quezon_City,2026-09-13T00:00:00+00:00,C,C,13.328239440917969,11.441666666666668,1.8865727742513005
Quezon_City,2026-09-13T00:00:00+00:00,D,C,13.493034362792969,11.441666666666668,2.0513676961263005
Quezon_City,2026-09-14T00:00:00+00:00,A,A,12.845000267028809,25.579166666666666,12.734166399637857
Quezon_City,2026-09-14T00:00:00+00:00,B,A,11.989384651184082,25.579166666666666,13.589782015482584
Quezon_City,2026-09-14T00:00:00+00:00,C,A,15.547164916992188,25.579166666666666,10.032001749674478
Quezon_City,2026-09-14T00:00:00+00:00,D,A,14.531750679016113,25.579166666666666,11.047415987650552
Quezon_City,2026-09-14T00:00:00+00:00,A,B,12.845000267028809,25.579166666666666,12.734166399637857
Quezon_City,2026-09-14T00:00:00+00:00,B,B,11.989384651184082,25.579166666666666,13.589782015482584
Quezon_City,2026-09-14T00:00:00+00:00,C,B,15.547164916992188,25.579166666666666,10.032001749674478
Quezon_City,2026-09-14T00:00:00+00:00,D,B,14.531750679016113,25.579166666666666,11.047415987650552
Quezon_City,2026-09-14T00:00:00+00:00,A,S,12.845000267028809,25.579166666666666,12.734166399637857
Quezon_City,2026-09-14T00:00:00+00:00,B,S,11.989384651184082,25.579166666666666,13.589782015482584
Quezon_City,2026-09-14T00:00:00+00:00,C,S,15.547164916992188,25.579166666666666,10.032001749674478
Quezon_City,2026-09-14T00:00:00+00:00,D,S,14.531750679016113,25.579166666666666,11.047415987650552
Quezon_City,2026-09-14T00:00:00+00:00,A,C,12.845000267028809,25.579166666666666,12.734166399637857
Quezon_City,2026-09-14T00:00:00+00:00,B,C,11.989384651184082,25.579166666666666,13.589782015482584
Quezon_City,2026-09-14T00:00:00+00:00,C,C,15.547164916992188,25.579166666666666,10.032001749674478
Quezon_City,2026-09-14T00:00:00+00:00,D,C,14.531750679016113,25.579166666666666,11.047415987650552
Quezon_City,2026-09-15T00:00:00+00:00,A,A,14.142638206481934,38.0,23.857361793518066
Quezon_City,2026-09-15T00:00:00+00:00,B,A,13.293801307678223,38.0,24.706198692321777
Quezon_City,2026-09-15T00:00:00+00:00,C,A,12.959999084472656,38.0,25.040000915527344
Quezon_City,2026-09-15T00:00:00+00:00,D,A,14.077031135559082,38.0,23.922968864440918
Quezon_City,2026-09-15T00:00:00+00:00,A,B,14.142638206481934,38.0,23.857361793518066
Quezon_City,2026-09-15T00:00:00+00:00,B,B,13.293801307678223,38.0,24.706198692321777
Quezon_City,2026-09-15T00:00:00+00:00,C,B,12.959999084472656,38.0,25.040000915527344
Quezon_City,2026-09-15T00:00:00+00:00,D,B,14.077031135559082,38.0,23.922968864440918
Quezon_City,2026-09-15T00:00:00+00:00,A,S,14.142638206481934,38.0,23.857361793518066
Quezon_City,2026-09-15T00:00:00+00:00,B,S,13.293801307678223,38.0,24.706198692321777
Quezon_City,2026-09-15T00:00:00+00:00,C,S,12.959999084472656,38.0,25.040000915527344
Quezon_City,2026-09-15T00:00:00+00:00,D,S,14.077031135559082,38.0,23.922968864440918
Quezon_City,2026-09-15T00:00:00+00:00,A,C,14.142638206481934,38.0,23.857361793518066
Quezon_City,2026-09-15T00:00:00+00:00,B,C,13.293801307678223,38.0,24.706198692321777
Quezon_City,2026-09-15T00:00:00+00:00,C,C,12.959999084472656,38.0,25.040000915527344
Quezon_City,2026-09-15T00:00:00+00:00,D,C,14.077031135559082,38.0,23.922968864440918
Quezon_City,2026-09-16T00:00:00+00:00,A,A,17.27068519592285,20.6375,3.3668148040771477
Quezon_City,2026-09-16T00:00:00+00:00,B,A,13.863327026367188,20.6375,6.774172973632812
Quezon_City,2026-09-16T00:00:00+00:00,C,A,16.02773666381836,20.6375,4.60976333618164
Quezon_City,2026-09-16T00:00:00+00:00,D,A,14.571921348571777,20.6375,6.065578651428222
Quezon_City,2026-09-16T00:00:00+00:00,A,B,17.27068519592285,20.6375,3.3668148040771477
Quezon_City,2026-09-16T00:00:00+00:00,B,B,13.863327026367188,20.6375,6.774172973632812
Quezon_City,2026-09-16T00:00:00+00:00,C,B,16.02773666381836,20.6375,4.60976333618164
Quezon_City,2026-09-16T00:00:00+00:00,D,B,14.571921348571777,20.6375,6.065578651428222
Quezon_City,2026-09-16T00:00:00+00:00,A,S,17.27068519592285,20.6375,3.3668148040771477
Quezon_City,2026-09-16T00:00:00+00:00,B,S,13.863327026367188,20.6375,6.774172973632812
Quezon_City,2026-09-16T00:00:00+00:00,C,S,16.02773666381836,20.6375,4.60976333618164
Quezon_City,2026-09-16T00:00:00+00:00,D,S,14.571921348571777,20.6375,6.065578651428222
Quezon_City,2026-09-16T00:00:00+00:00,A,C,17.27068519592285,20.6375,3.3668148040771477
Quezon_City,2026-09-16T00:00:00+00:00,B,C,13.863327026367188,20.6375,6.774172973632812
Quezon_City,2026-09-16T00:00:00+00:00,C,C,16.02773666381836,20.6375,4.60976333618164
Quezon_City,2026-09-16T00:00:00+00:00,D,C,14.571921348571777,20.6375,6.065578651428222
Quezon_City,2026-09-17T00:00:00+00:00,A,A,12.035667419433594,26.675,14.639332580566407
Quezon_City,2026-09-17T00:00:00+00:00,B,A,12.586932182312012,26.675,14.088067817687989
Quezon_City,2026-09-17T00:00:00+00:00,C,A,13.963910102844238,26.675,12.711089897155762
Quezon_City,2026-09-17T00:00:00+00:00,D,A,14.580558776855469,26.675,12.094441223144532
Quezon_City,2026-09-17T00:00:00+00:00,A,B,12.035667419433594,26.675,14.639332580566407
Quezon_City,2026-09-17T00:00:00+00:00,B,B,12.586932182312012,26.675,14.088067817687989
Quezon_City,2026-09-17T00:00:00+00:00,C,B,13.963910102844238,26.675,12.711089897155762
Quezon_City,2026-09-17T00:00:00+00:00,D,B,14.580558776855469,26.675,12.094441223144532
Quezon_City,2026-09-17T00:00:00+00:00,A,S,12.035667419433594,26.675,14.639332580566407
Quezon_City,2026-09-17T00:00:00+00:00,B,S,12.586932182312012,26.675,14.088067817687989
Quezon_City,2026-09-17T00:00:00+00:00,C,S,13.963910102844238,26.675,12.711089897155762
Quezon_City,2026-09-17T00:00:00+00:00,D,S,14.580558776855469,26.675,12.094441223144532
Quezon_City,2026-09-17T00:00:00+00:00,A,C,12.035667419433594,26.675,14.639332580566407
Quezon_City,2026-09-17T00:00:00+00:00,B,C,12.586932182312012,26.675,14.088067817687989
Quezon_City,2026-09-17T00:00:00+00:00,C,C,13.963910102844238,26.675,12.711089897155762
Quezon_City,2026-09-17T00:00:00+00:00,D,C,14.580558776855469,26.675,12.094441223144532
Quezon_City,2026-09-18T00:00:00+00:00,A,A,10.430176734924316,27.504166666666666,17.07398993174235
Quezon_City,2026-09-18T00:00:00+00:00,B,A,11.9401273727417,27.504166666666666,15.564039293924967
Quezon_City,2026-09-18T00:00:00+00:00,C,A,11.304595947265625,27.504166666666666,16.19957071940104
Quezon_City,2026-09-18T00:00:00+00:00,D,A,12.419265747070312,27.504166666666666,15.084900919596354
Quezon_City,2026-09-18T00:00:00+00:00,A,B,10.430176734924316,27.504166666666666,17.07398993174235
Quezon_City,2026-09-18T00:00:00+00:00,B,B,11.9401273727417,27.504166666666666,15.564039293924967
Quezon_City,2026-09-18T00:00:00+00:00,C,B,11.304595947265625,27.504166666666666,16.19957071940104
Quezon_City,2026-09-18T00:00:00+00:00,D,B,12.419265747070312,27.504166666666666,15.084900919596354
Quezon_City,2026-09-18T00:00:00+00:00,A,S,10.430176734924316,27.504166666666666,17.07398993174235
Quezon_City,2026-09-18T00:00:00+00:00,B,S,11.9401273727417,27.504166666666666,15.564039293924967
Quezon_City,2026-09-18T00:00:00+00:00,C,S,11.304595947265625,27.504166666666666,16.19957071940104
Quezon_City,2026-09-18T00:00:00+00:00,D,S,12.419265747070312,27.504166666666666,15.084900919596354
Quezon_City,2026-09-18T00:00:00+00:00,A,C,10.430176734924316,27.504166666666666,17.07398993174235
Quezon_City,2026-09-18T00:00:00+00:00,B,C,11.9401273727417,27.504166666666666,15.564039293924967
Quezon_City,2026-09-18T00:00:00+00:00,C,C,11.304595947265625,27.504166666666666,16.19957071940104
Quezon_City,2026-09-18T00:00:00+00:00,D,C,12.419265747070312,27.504166666666666,15.084900919596354
Quezon_City,2026-09-19T00:00:00+00:00,A,A,12.280657768249512,24.166666666666668,11.886008898417156
Quezon_City,2026-09-19T00:00:00+00:00,B,A,13.16301441192627,24.166666666666668,11.003652254740398
Quezon_City,2026-09-19T00:00:00+00:00,C,A,12.283862113952637,24.166666666666668,11.882804552714031
Quezon_City,2026-09-19T00:00:00+00:00,D,A,13.643746376037598,24.166666666666668,10.52292029062907
Quezon_City,2026-09-19T00:00:00+00:00,A,B,12.280657768249512,24.166666666666668,11.886008898417156
Quezon_City,2026-09-19T00:00:00+00:00,B,B,13.16301441192627,24.166666666666668,11.003652254740398
Quezon_City,2026-09-19T00:00:00+00:00,C,B,12.283862113952637,24.166666666666668,11.882804552714031
Quezon_City,2026-09-19T00:00:00+00:00,D,B,13.643746376037598,24.166666666666668,10.52292029062907
Quezon_City,2026-09-19T00:00:00+00:00,A,S,12.280657768249512,24.166666666666668,11.886008898417156
Quezon_City,2026-09-19T00:00:00+00:00,B,S,13.16301441192627,24.166666666666668,11.003652254740398
Quezon_City,2026-09-19T00:00:00+00:00,C,S,12.283862113952637,24.166666666666668,11.882804552714031
Quezon_City,2026-09-19T00:00:00+00:00,D,S,13.643746376037598,24.166666666666668,10.52292029062907
Quezon_City,2026-09-19T00:00:00+00:00,A,C,12.280657768249512,24.166666666666668,11.886008898417156
Quezon_City,2026-09-19T00:00:00+00:00,B,C,13.16301441192627,24.166666666666668,11.003652254740398
Quezon_City,2026-09-19T00:00:00+00:00,C,C,12.283862113952637,24.166666666666668,11.882804552714031
Quezon_City,2026-09-19T00:00:00+00:00,D,C,13.643746376037598,24.166666666666668,10.52292029062907
Quezon_City,2026-09-20T00:00:00+00:00,A,A,15.45971965789795,20.145833333333332,4.686113675435383
Quezon_City,2026-09-20T00:00:00+00:00,B,A,12.58661937713623,20.145833333333332,7.559213956197102
Quezon_City,2026-09-20T00:00:00+00:00,C,A,13.42929744720459,20.145833333333332,6.716535886128742
Quezon_City,2026-09-20T00:00:00+00:00,D,A,16.075101852416992,20.145833333333332,4.07073148091634
Quezon_City,2026-09-20T00:00:00+00:00,A,B,15.45971965789795,20.145833333333332,4.686113675435383
Quezon_City,2026-09-20T00:00:00+00:00,B,B,12.58661937713623,20.145833333333332,7.559213956197102
Quezon_City,2026-09-20T00:00:00+00:00,C,B,13.42929744720459,20.145833333333332,6.716535886128742
Quezon_City,2026-09-20T00:00:00+00:00,D,B,16.075101852416992,20.145833333333332,4.07073148091634
Quezon_City,2026-09-20T00:00:00+00:00,A,S,15.45971965789795,20.145833333333332,4.686113675435383
Quezon_City,2026-09-20T00:00:00+00:00,B,S,12.58661937713623,20.145833333333332,7.559213956197102
Quezon_City,2026-09-20T00:00:00+00:00,C,S,13.42929744720459,20.145833333333332,6.716535886128742
Quezon_City,2026-09-20T00:00:00+00:00,D,S,16.075101852416992,20.145833333333332,4.07073148091634
Quezon_City,2026-09-20T00:00:00+00:00,A,C,15.45971965789795,20.145833333333332,4.686113675435383
Quezon_City,2026-09-20T00:00:00+00:00,B,C,12.58661937713623,20.145833333333332,7.559213956197102
Quezon_City,2026-09-20T00:00:00+00:00,C,C,13.42929744720459,20.145833333333332,6.716535886128742
Quezon_City,2026-09-20T00:00:00+00:00,D,C,16.075101852416992,20.145833333333332,4.07073148091634
Quezon_City,2026-09-21T00:00:00+00:00,A,A,12.075702667236328,17.46666666666667,5.39096399943034
Quezon_City,2026-09-21T00:00:00+00:00,B,A,13.483551025390625,17.46666666666667,3.9831156412760436
Quezon_City,2026-09-21T00:00:00+00:00,C,A,13.395037651062012,17.46666666666667,4.071629015604657
Quezon_City,2026-09-21T00:00:00+00:00,D,A,14.732434272766113,17.46666666666667,2.7342323939005553
Quezon_City,2026-09-21T00:00:00+00:00,A,B,12.075702667236328,17.46666666666667,5.39096399943034
Quezon_City,2026-09-21T00:00:00+00:00,B,B,13.483551025390625,17.46666666666667,3.9831156412760436
Quezon_City,2026-09-21T00:00:00+00:00,C,B,13.395037651062012,17.46666666666667,4.071629015604657
Quezon_City,2026-09-21T00:00:00+00:00,D,B,14.732434272766113,17.46666666666667,2.7342323939005553
Quezon_City,2026-09-21T00:00:00+00:00,A,S,12.075702667236328,17.46666666666667,5.39096399943034
Quezon_City,2026-09-21T00:00:00+00:00,B,S,13.483551025390625,17.46666666666667,3.9831156412760436
Quezon_City,2026-09-21T00:00:00+00:00,C,S,13.395037651062012,17.46666666666667,4.071629015604657
Quezon_City,2026-09-21T00:00:00+00:00,D,S,14.732434272766113,17.46666666666667,2.7342323939005553
Quezon_City,2026-09-21T00:00:00+00:00,A,C,12.075702667236328,17.46666666666667,5.39096399943034
Quezon_City,2026-09-21T00:00:00+00:00,B,C,13.483551025390625,17.46666666666667,3.9831156412760436
Quezon_City,2026-09-21T00:00:00+00:00,C,C,13.395037651062012,17.46666666666667,4.071629015604657
Quezon_City,2026-09-21T00:00:00+00:00,D,C,14.732434272766113,17.46666666666667,2.7342323939005553
Quezon_City,2026-09-22T00:00:00+00:00,A,A,12.623797416687012,32.01666666666667,19.39286924997966
Quezon_City,2026-09-22T00:00:00+00:00,B,A,11.47421932220459,32.01666666666667,20.542447344462083
Quezon_City,2026-09-22T00:00:00+00:00,C,A,11.575730323791504,32.01666666666667,20.44093634287517
Quezon_City,2026-09-22T00:00:00+00:00,D,A,13.71017074584961,32.01666666666667,18.306495920817063
Quezon_City,2026-09-22T00:00:00+00:00,A,B,12.623797416687012,32.01666666666667,19.39286924997966
Quezon_City,2026-09-22T00:00:00+00:00,B,B,11.47421932220459,32.01666666666667,20.542447344462083
Quezon_City,2026-09-22T00:00:00+00:00,C,B,11.575730323791504,32.01666666666667,20.44093634287517
Quezon_City,2026-09-22T00:00:00+00:00,D,B,13.71017074584961,32.01666666666667,18.306495920817063
Quezon_City,2026-09-22T00:00:00+00:00,A,S,12.623797416687012,32.01666666666667,19.39286924997966
Quezon_City,2026-09-22T00:00:00+00:00,B,S,11.47421932220459,32.01666666666667,20.542447344462083
Quezon_City,2026-09-22T00:00:00+00:00,C,S,11.575730323791504,32.01666666666667,20.44093634287517
Quezon_City,2026-09-22T00:00:00+00:00,D,S,13.71017074584961,32.01666666666667,18.306495920817063
Quezon_City,2026-09-22T00:00:00+00:00,A,C,12.623797416687012,32.01666666666667,19.39286924997966
Quezon_City,2026-09-22T00:00:00+00:00,B,C,11.47421932220459,32.01666666666667,20.542447344462083
Quezon_City,2026-09-22T00:00:00+00:00,C,C,11.575730323791504,32.01666666666667,20.44093634287517
Quezon_City,2026-09-22T00:00:00+00:00,D,C,13.71017074584961,32.01666666666667,18.306495920817063
Quezon_City,2026-09-23T00:00:00+00:00,A,A,13.949089050292969,30.72083333333333,16.771744283040363
Quezon_City,2026-09-23T00:00:00+00:00,B,A,14.299934387207031,30.72083333333333,16.4208989461263
Quezon_City,2026-09-23T00:00:00+00:00,C,A,16.011062622070312,30.72083333333333,14.709770711263019
Quezon_City,2026-09-23T00:00:00+00:00,D,A,17.349740982055664,30.72083333333333,13.371092351277667
Quezon_City,2026-09-23T00:00:00+00:00,A,B,13.949089050292969,30.72083333333333,16.771744283040363
Quezon_City,2026-09-23T00:00:00+00:00,B,B,14.299934387207031,30.72083333333333,16.4208989461263
Quezon_City,2026-09-23T00:00:00+00:00,C,B,16.011062622070312,30.72083333333333,14.709770711263019
Quezon_City,2026-09-23T00:00:00+00:00,D,B,17.349740982055664,30.72083333333333,13.371092351277667
Quezon_City,2026-09-23T00:00:00+00:00,A,S,13.949089050292969,30.72083333333333,16.771744283040363
Quezon_City,2026-09-23T00:00:00+00:00,B,S,14.299934387207031,30.72083333333333,16.4208989461263
Quezon_City,2026-09-23T00:00:00+00:00,C,S,16.011062622070312,30.72083333333333,14.709770711263019
Quezon_City,2026-09-23T00:00:00+00:00,D,S,17.349740982055664,30.72083333333333,13.371092351277667
Quezon_City,2026-09-23T00:00:00+00:00,A,C,13.949089050292969,30.72083333333333,16.771744283040363
Quezon_City,2026-09-23T00:00:00+00:00,B,C,14.299934387207031,30.72083333333333,16.4208989461263
Quezon_City,2026-09-23T00:00:00+00:00,C,C,16.011062622070312,30.72083333333333,14.709770711263019
Quezon_City,2026-09-23T00:00:00+00:00,D,C,17.349740982055664,30.72083333333333,13.371092351277667
Quezon_City,2026-09-24T00:00:00+00:00,A,A,12.798174858093262,33.36666666666667,20.568491808573405
Quezon_City,2026-09-24T00:00:00+00:00,B,A,10.702040672302246,33.36666666666667,22.66462599436442
Quezon_City,2026-09-24T00:00:00+00:00,C,A,12.05014419555664,33.36666666666667,21.316522471110027
Quezon_City,2026-09-24T00:00:00+00:00,D,A,15.22424602508545,33.36666666666667,18.142420641581218
Quezon_City,2026-09-24T00:00:00+00:00,A,B,12.798174858093262,33.36666666666667,20.568491808573405
Quezon_City,2026-09-24T00:00:00+00:00,B,B,10.702040672302246,33.36666666666667,22.66462599436442
Quezon_City,2026-09-24T00:00:00+00:00,C,B,12.05014419555664,33.36666666666667,21.316522471110027
Quezon_City,2026-09-24T00:00:00+00:00,D,B,15.22424602508545,33.36666666666667,18.142420641581218
Quezon_City,2026-09-24T00:00:00+00:00,A,S,12.798174858093262,33.36666666666667,20.568491808573405
Quezon_City,2026-09-24T00:00:00+00:00,B,S,10.702040672302246,33.36666666666667,22.66462599436442
Quezon_City,2026-09-24T00:00:00+00:00,C,S,12.05014419555664,33.36666666666667,21.316522471110027
Quezon_City,2026-09-24T00:00:00+00:00,D,S,15.22424602508545,33.36666666666667,18.142420641581218
Quezon_City,2026-09-24T00:00:00+00:00,A,C,12.798174858093262,33.36666666666667,20.568491808573405
Quezon_City,2026-09-24T00:00:00+00:00,B,C,10.702040672302246,33.36666666666667,22.66462599436442
Quezon_City,2026-09-24T00:00:00+00:00,C,C,12.05014419555664,33.36666666666667,21.316522471110027
Quezon_City,2026-09-24T00:00:00+00:00,D,C,15.22424602508545,33.36666666666667,18.142420641581218
Quezon_City,2026-09-25T00:00:00+00:00,A,A,12.326703071594238,22.662499999999998,10.33579692840576
Quezon_City,2026-09-25T00:00:00+00:00,B,A,12.758564949035645,22.662499999999998,9.903935050964353
Quezon_City,2026-09-25T00:00:00+00:00,C,A,12.639086723327637,22.662499999999998,10.023413276672361
Quezon_City,2026-09-25T00:00:00+00:00,D,A,14.596674919128418,22.662499999999998,8.06582508087158
Quezon_City,2026-09-25T00:00:00+00:00,A,B,12.326703071594238,22.662499999999998,10.33579692840576
Quezon_City,2026-09-25T00:00:00+00:00,B,B,12.758564949035645,22.662499999999998,9.903935050964353
Quezon_City,2026-09-25T00:00:00+00:00,C,B,12.639086723327637,22.662499999999998,10.023413276672361
Quezon_City,2026-09-25T00:00:00+00:00,D,B,14.596674919128418,22.662499999999998,8.06582508087158
Quezon_City,2026-09-25T00:00:00+00:00,A,S,12.326703071594238,22.662499999999998,10.33579692840576
Quezon_City,2026-09-25T00:00:00+00:00,B,S,12.758564949035645,22.662499999999998,9.903935050964353
Quezon_City,2026-09-25T00:00:00+00:00,C,S,12.639086723327637,22.662499999999998,10.023413276672361
Quezon_City,2026-09-25T00:00:00+00:00,D,S,14.596674919128418,22.662499999999998,8.06582508087158
Quezon_City,2026-09-25T00:00:00+00:00,A,C,12.326703071594238,22.662499999999998,10.33579692840576
Quezon_City,2026-09-25T00:00:00+00:00,B,C,12.758564949035645,22.662499999999998,9.903935050964353
Quezon_City,2026-09-25T00:00:00+00:00,C,C,12.639086723327637,22.662499999999998,10.023413276672361
Quezon_City,2026-09-25T00:00:00+00:00,D,C,14.596674919128418,22.662499999999998,8.06582508087158
Quezon_City,2026-09-26T00:00:00+00:00,A,A,10.010319709777832,39.516666666666666,29.506346956888834
Quezon_City,2026-09-26T00:00:00+00:00,B,A,11.109600067138672,39.516666666666666,28.407066599527994
Quezon_City,2026-09-26T00:00:00+00:00,C,A,10.748101234436035,39.516666666666666,28.76856543223063
Quezon_City,2026-09-26T00:00:00+00:00,D,A,10.276555061340332,39.516666666666666,29.240111605326334
Quezon_City,2026-09-26T00:00:00+00:00,A,B,10.010319709777832,39.516666666666666,29.506346956888834
Quezon_City,2026-09-26T00:00:00+00:00,B,B,11.109600067138672,39.516666666666666,28.407066599527994
Quezon_City,2026-09-26T00:00:00+00:00,C,B,10.748101234436035,39.516666666666666,28.76856543223063
Quezon_City,2026-09-26T00:00:00+00:00,D,B,10.276555061340332,39.516666666666666,29.240111605326334
Quezon_City,2026-09-26T00:00:00+00:00,A,S,10.010319709777832,39.516666666666666,29.506346956888834
Quezon_City,2026-09-26T00:00:00+00:00,B,S,11.109600067138672,39.516666666666666,28.407066599527994
Quezon_City,2026-09-26T00:00:00+00:00,C,S,10.748101234436035,39.516666666666666,28.76856543223063
Quezon_City,2026-09-26T00:00:00+00:00,D,S,10.276555061340332,39.516666666666666,29.240111605326334
Quezon_City,2026-09-26T00:00:00+00:00,A,C,10.010319709777832,39.516666666666666,29.506346956888834
Quezon_City,2026-09-26T00:00:00+00:00,B,C,11.109600067138672,39.516666666666666,28.407066599527994
Quezon_City,2026-09-26T00:00:00+00:00,C,C,10.748101234436035,39.516666666666666,28.76856543223063
Quezon_City,2026-09-26T00:00:00+00:00,D,C,10.276555061340332,39.516666666666666,29.240111605326334
Quezon_City,2026-09-27T00:00:00+00:00,A,A,14.871779441833496,39.920833333333334,25.049053891499838
Quezon_City,2026-09-27T00:00:00+00:00,B,A,16.5084171295166,39.920833333333334,23.412416203816733
Quezon_City,2026-09-27T00:00:00+00:00,C,A,15.059788703918457,39.920833333333334,24.861044629414877
Quezon_City,2026-09-27T00:00:00+00:00,D,A,13.65725326538086,39.920833333333334,26.263580067952475
Quezon_City,2026-09-27T00:00:00+00:00,A,B,14.871779441833496,39.920833333333334,25.049053891499838
Quezon_City,2026-09-27T00:00:00+00:00,B,B,16.5084171295166,39.920833333333334,23.412416203816733
Quezon_City,2026-09-27T00:00:00+00:00,C,B,15.059788703918457,39.920833333333334,24.861044629414877
Quezon_City,2026-09-27T00:00:00+00:00,D,B,13.65725326538086,39.920833333333334,26.263580067952475
Quezon_City,2026-09-27T00:00:00+00:00,A,S,14.871779441833496,39.920833333333334,25.049053891499838
Quezon_City,2026-09-27T00:00:00+00:00,B,S,16.5084171295166,39.920833333333334,23.412416203816733
Quezon_City,2026-09-27T00:00:00+00:00,C,S,15.059788703918457,39.920833333333334,24.861044629414877
Quezon_City,2026-09-27T00:00:00+00:00,D,S,13.65725326538086,39.920833333333334,26.263580067952475
Quezon_City,2026-09-27T00:00:00+00:00,A,C,14.871779441833496,39.920833333333334,25.049053891499838
Quezon_City,2026-09-27T00:00:00+00:00,B,C,16.5084171295166,39.920833333333334,23.412416203816733
Quezon_City,2026-09-27T00:00:00+00:00,C,C,15.059788703918457,39.920833333333334,24.861044629414877
Quezon_City,2026-09-27T00:00:00+00:00,D,C,13.65725326538086,39.920833333333334,26.263580067952475
Caloocan,2026-08-14T00:00:00+00:00,A,A,12.708455085754395,56.87777777777777,44.16932269202338
Caloocan,2026-08-14T00:00:00+00:00,B,A,14.42142391204834,56.87777777777777,42.45635386572943
Caloocan,2026-08-14T00:00:00+00:00,C,A,14.354293823242188,56.87777777777777,42.523483954535585
Caloocan,2026-08-14T00:00:00+00:00,D,A,13.8976469039917,56.87777777777777,42.980130873786074
Caloocan,2026-08-14T00:00:00+00:00,A,B,12.708455085754395,56.87777777777777,44.16932269202338
Caloocan,2026-08-14T00:00:00+00:00,B,B,14.42142391204834,56.87777777777777,42.45635386572943
Caloocan,2026-08-14T00:00:00+00:00,C,B,14.354293823242188,56.87777777777777,42.523483954535585
Caloocan,2026-08-14T00:00:00+00:00,D,B,13.8976469039917,56.87777777777777,42.980130873786074
Caloocan,2026-08-14T00:00:00+00:00,A,S,11.052642822265625,56.87777777777777,45.82513495551215
Caloocan,2026-08-14T00:00:00+00:00,B,S,16.187307357788086,56.87777777777777,40.69047041998969
Caloocan,2026-08-14T00:00:00+00:00,C,S,18.59920883178711,56.87777777777777,38.27856894599066
Caloocan,2026-08-14T00:00:00+00:00,D,S,12.091270446777344,56.87777777777777,44.78650733100043
Caloocan,2026-08-14T00:00:00+00:00,A,C,11.343940734863281,56.87777777777777,45.53383704291449
Caloocan,2026-08-14T00:00:00+00:00,B,C,16.10292625427246,56.87777777777777,40.77485152350531
Caloocan,2026-08-14T00:00:00+00:00,C,C,18.815444946289062,56.87777777777777,38.06233283148871
Caloocan,2026-08-14T00:00:00+00:00,D,C,12.091270446777344,56.87777777777777,44.78650733100043
Caloocan,2026-08-15T00:00:00+00:00,A,A,13.027595520019531,20.230434782608693,7.202839262589162
Caloocan,2026-08-15T00:00:00+00:00,B,A,13.18786907196045,20.230434782608693,7.042565710648244
Caloocan,2026-08-15T00:00:00+00:00,C,A,13.438618659973145,20.230434782608693,6.791816122635549
Caloocan,2026-08-15T00:00:00+00:00,D,A,16.32794952392578,20.230434782608693,3.902485258682912
Caloocan,2026-08-15T00:00:00+00:00,A,B,13.027595520019531,20.230434782608693,7.202839262589162
Caloocan,2026-08-15T00:00:00+00:00,B,B,13.18786907196045,20.230434782608693,7.042565710648244
Caloocan,2026-08-15T00:00:00+00:00,C,B,13.438618659973145,20.230434782608693,6.791816122635549
Caloocan,2026-08-15T00:00:00+00:00,D,B,16.32794952392578,20.230434782608693,3.902485258682912
Caloocan,2026-08-15T00:00:00+00:00,A,S,11.657149314880371,20.230434782608693,8.573285467728322
Caloocan,2026-08-15T00:00:00+00:00,B,S,15.341774940490723,20.230434782608693,4.8886598421179706
Caloocan,2026-08-15T00:00:00+00:00,C,S,14.651737213134766,20.230434782608693,5.578697569473928
Caloocan,2026-08-15T00:00:00+00:00,D,S,14.20875072479248,20.230434782608693,6.021684057816213
Caloocan,2026-08-15T00:00:00+00:00,A,C,14.066508293151855,20.230434782608693,6.163926489456838
Caloocan,2026-08-15T00:00:00+00:00,B,C,16.173492431640625,20.230434782608693,4.056942350968068
Caloocan,2026-08-15T00:00:00+00:00,C,C,14.461892127990723,20.230434782608693,5.7685426546179706
Caloocan,2026-08-15T00:00:00+00:00,D,C,14.20875072479248,20.230434782608693,6.021684057816213
Caloocan,2026-08-16T00:00:00+00:00,A,A,14.445691108703613,25.385263157894737,10.939572049191124
Caloocan,2026-08-16T00:00:00+00:00,B,A,12.15130615234375,25.385263157894737,13.233957005550987
Caloocan,2026-08-16T00:00:00+00:00,C,A,13.929633140563965,25.385263157894737,11.455630017330773
Caloocan,2026-08-16T00:00:00+00:00,D,A,15.394038200378418,25.385263157894737,9.99122495751632
Caloocan,2026-08-16T00:00:00+00:00,A,B,14.445691108703613,25.385263157894737,10.939572049191124
Caloocan,2026-08-16T00:00:00+00:00,B,B,12.15130615234375,25.385263157894737,13.233957005550987
Caloocan,2026-08-16T00:00:00+00:00,C,B,13.929633140563965,25.385263157894737,11.455630017330773
Caloocan,2026-08-16T00:00:00+00:00,D,B,15.394038200378418,25.385263157894737,9.99122495751632
Caloocan,2026-08-16T00:00:00+00:00,A,S,14.91471004486084,25.385263157894737,10.470553113033898
Caloocan,2026-08-16T00:00:00+00:00,B,S,15.614913940429688,25.385263157894737,9.77034921746505
Caloocan,2026-08-16T00:00:00+00:00,C,S,13.779932975769043,25.385263157894737,11.605330182125694
Caloocan,2026-08-16T00:00:00+00:00,D,S,15.87813663482666,25.385263157894737,9.507126523068077
Caloocan,2026-08-16T00:00:00+00:00,A,C,15.003345489501953,25.385263157894737,10.381917668392784
Caloocan,2026-08-16T00:00:00+00:00,B,C,14.511757850646973,25.385263157894737,10.873505307247765
Caloocan,2026-08-16T00:00:00+00:00,C,C,13.053581237792969,25.385263157894737,12.331681920101769
Caloocan,2026-08-16T00:00:00+00:00,D,C,15.87813663482666,25.385263157894737,9.507126523068077
Caloocan,2026-08-25T00:00:00+00:00,A,A,17.299516677856445,29.78421052631579,12.484693848459344
Caloocan,2026-08-25T00:00:00+00:00,B,A,17.983736038208008,29.78421052631579,11.800474488107781
Caloocan,2026-08-25T00:00:00+00:00,C,A,19.61676597595215,29.78421052631579,10.16744455036364
Caloocan,2026-08-25T00:00:00+00:00,D,A,25.076475143432617,29.78421052631579,4.707735382883172
Caloocan,2026-08-25T00:00:00+00:00,A,B,17.299516677856445,29.78421052631579,12.484693848459344
Caloocan,2026-08-25T00:00:00+00:00,B,B,17.983736038208008,29.78421052631579,11.800474488107781
Caloocan,2026-08-25T00:00:00+00:00,C,B,19.61676597595215,29.78421052631579,10.16744455036364
Caloocan,2026-08-25T00:00:00+00:00,D,B,25.076475143432617,29.78421052631579,4.707735382883172
Caloocan,2026-08-25T00:00:00+00:00,A,S,16.04114532470703,29.78421052631579,13.743065201608758
Caloocan,2026-08-25T00:00:00+00:00,B,S,14.766380310058594,29.78421052631579,15.017830216257195
Caloocan,2026-08-25T00:00:00+00:00,C,S,18.549840927124023,29.78421052631579,11.234369599191766
Caloocan,2026-08-25T00:00:00+00:00,D,S,21.85771369934082,29.78421052631579,7.926496826974969
Caloocan,2026-08-25T00:00:00+00:00,A,C,16.900840759277344,29.78421052631579,12.883369767038445
Caloocan,2026-08-25T00:00:00+00:00,B,C,15.021924018859863,29.78421052631579,14.762286507455926
Caloocan,2026-08-25T00:00:00+00:00,C,C,18.943323135375977,29.78421052631579,10.840887390939812
Caloocan,2026-08-25T00:00:00+00:00,D,C,21.85771369934082,29.78421052631579,7.926496826974969
Caloocan,2026-08-26T00:00:00+00:00,A,A,17.282264709472656,16.52777777777778,0.7544869316948777
Caloocan,2026-08-26T00:00:00+00:00,B,A,19.779075622558594,16.52777777777778,3.251297844780815
Caloocan,2026-08-26T00:00:00+00:00,C,A,19.54582977294922,16.52777777777778,3.01805199517144
Caloocan,2026-08-26T00:00:00+00:00,D,A,17.56958770751953,16.52777777777778,1.0418099297417527
Caloocan,2026-08-26T00:00:00+00:00,A,B,17.282264709472656,16.52777777777778,0.7544869316948777
Caloocan,2026-08-26T00:00:00+00:00,B,B,19.779075622558594,16.52777777777778,3.251297844780815
Caloocan,2026-08-26T00:00:00+00:00,C,B,19.54582977294922,16.52777777777778,3.01805199517144
Caloocan,2026-08-26T00:00:00+00:00,D,B,17.56958770751953,16.52777777777778,1.0418099297417527
Caloocan,2026-08-26T00:00:00+00:00,A,S,17.266685485839844,16.52777777777778,0.7389077080620652
Caloocan,2026-08-26T00:00:00+00:00,B,S,16.137170791625977,16.52777777777778,0.390606986151802
Caloocan,2026-08-26T00:00:00+00:00,C,S,16.51397132873535,16.52777777777778,0.013806449042427005
Caloocan,2026-08-26T00:00:00+00:00,D,S,15.958979606628418,16.52777777777778,0.5687981711493606
Caloocan,2026-08-26T00:00:00+00:00,A,C,18.762392044067383,16.52777777777778,2.2346142662896042
Caloocan,2026-08-26T00:00:00+00:00,B,C,17.234375,16.52777777777778,0.7065972222222214
Caloocan,2026-08-26T00:00:00+00:00,C,C,16.415016174316406,16.52777777777778,0.11276160346137232
Caloocan,2026-08-26T00:00:00+00:00,D,C,15.958979606628418,16.52777777777778,0.5687981711493606
Caloocan,2026-08-28T00:00:00+00:00,A,A,14.560587882995605,12.232222222222223,2.3283656607733825
Caloocan,2026-08-28T00:00:00+00:00,B,A,15.68026065826416,12.232222222222223,3.448038436041937
Caloocan,2026-08-28T00:00:00+00:00,C,A,14.231053352355957,12.232222222222223,1.998831130133734
Caloocan,2026-08-28T00:00:00+00:00,D,A,10.607352256774902,12.232222222222223,1.6248699654473207
Caloocan,2026-08-28T00:00:00+00:00,A,B,14.560587882995605,12.232222222222223,2.3283656607733825
Caloocan,2026-08-28T00:00:00+00:00,B,B,15.68026065826416,12.232222222222223,3.448038436041937
Caloocan,2026-08-28T00:00:00+00:00,C,B,14.231053352355957,12.232222222222223,1.998831130133734
Caloocan,2026-08-28T00:00:00+00:00,D,B,10.607352256774902,12.232222222222223,1.6248699654473207
Caloocan,2026-08-28T00:00:00+00:00,A,S,12.528144836425781,12.232222222222223,0.29592261420355825
Caloocan,2026-08-28T00:00:00+00:00,B,S,11.970105171203613,12.232222222222223,0.2621170510186097
Caloocan,2026-08-28T00:00:00+00:00,C,S,13.440055847167969,12.232222222222223,1.2078336249457458
Caloocan,2026-08-28T00:00:00+00:00,D,S,10.916071891784668,12.232222222222223,1.316150330437555
Caloocan,2026-08-28T00:00:00+00:00,A,C,12.4119873046875,12.232222222222223,0.179765082465277
Caloocan,2026-08-28T00:00:00+00:00,B,C,12.409171104431152,12.232222222222223,0.17694888220892935
Caloocan,2026-08-28T00:00:00+00:00,C,C,12.92308521270752,12.232222222222223,0.6908629904852965
Caloocan,2026-08-28T00:00:00+00:00,D,C,10.916071891784668,12.232222222222223,1.316150330437555
Caloocan,2026-08-30T00:00:00+00:00,A,A,14.457524299621582,47.02777777777778,32.5702534781562
Caloocan,2026-08-30T00:00:00+00:00,B,A,14.655909538269043,47.02777777777778,32.371868239508736
Caloocan,2026-08-30T00:00:00+00:00,C,A,14.731002807617188,47.02777777777778,32.29677497016059
Caloocan,2026-08-30T00:00:00+00:00,D,A,12.200867652893066,47.02777777777778,34.82691012488471
Caloocan,2026-08-30T00:00:00+00:00,A,B,14.457524299621582,47.02777777777778,32.5702534781562
Caloocan,2026-08-30T00:00:00+00:00,B,B,14.655909538269043,47.02777777777778,32.371868239508736
Caloocan,2026-08-30T00:00:00+00:00,C,B,14.731002807617188,47.02777777777778,32.29677497016059
Caloocan,2026-08-30T00:00:00+00:00,D,B,12.200867652893066,47.02777777777778,34.82691012488471
Caloocan,2026-08-30T00:00:00+00:00,A,S,12.275550842285156,47.02777777777778,34.75222693549262
Caloocan,2026-08-30T00:00:00+00:00,B,S,11.837359428405762,47.02777777777778,35.19041834937202
Caloocan,2026-08-30T00:00:00+00:00,C,S,13.98363971710205,47.02777777777778,33.04413806067573
Caloocan,2026-08-30T00:00:00+00:00,D,S,10.934444427490234,47.02777777777778,36.093333350287544
Caloocan,2026-08-30T00:00:00+00:00,A,C,13.226727485656738,47.02777777777778,33.80105029212104
Caloocan,2026-08-30T00:00:00+00:00,B,C,11.903464317321777,47.02777777777778,35.124313460456
Caloocan,2026-08-30T00:00:00+00:00,C,C,14.8099946975708,47.02777777777778,32.21778308020698
Caloocan,2026-08-30T00:00:00+00:00,D,C,10.934444427490234,47.02777777777778,36.093333350287544
Caloocan,2026-08-31T00:00:00+00:00,A,A,18.4620361328125,71.3,52.8379638671875
Caloocan,2026-08-31T00:00:00+00:00,B,A,17.27202606201172,71.3,54.02797393798828
Caloocan,2026-08-31T00:00:00+00:00,C,A,20.33882713317871,71.3,50.961172866821286
Caloocan,2026-08-31T00:00:00+00:00,D,A,18.031763076782227,71.3,53.26823692321777
Caloocan,2026-08-31T00:00:00+00:00,A,B,18.4620361328125,71.3,52.8379638671875
Caloocan,2026-08-31T00:00:00+00:00,B,B,17.27202606201172,71.3,54.02797393798828
Caloocan,2026-08-31T00:00:00+00:00,C,B,20.33882713317871,71.3,50.961172866821286
Caloocan,2026-08-31T00:00:00+00:00,D,B,18.031763076782227,71.3,53.26823692321777
Caloocan,2026-08-31T00:00:00+00:00,A,S,16.433048248291016,71.3,54.86695175170898
Caloocan,2026-08-31T00:00:00+00:00,B,S,14.775599479675293,71.3,56.524400520324704
Caloocan,2026-08-31T00:00:00+00:00,C,S,22.293474197387695,71.3,49.0065258026123
Caloocan,2026-08-31T00:00:00+00:00,D,S,19.792667388916016,71.3,51.50733261108398
Caloocan,2026-08-31T00:00:00+00:00,A,C,15.971819877624512,71.3,55.328180122375485
Caloocan,2026-08-31T00:00:00+00:00,B,C,14.835606575012207,71.3,56.46439342498779
Caloocan,2026-08-31T00:00:00+00:00,C,C,23.083038330078125,71.3,48.21696166992187
Caloocan,2026-08-31T00:00:00+00:00,D,C,19.792667388916016,71.3,51.50733261108398
Caloocan,2026-09-01T00:00:00+00:00,A,A,22.77156639099121,28.366666666666667,5.595100275675456
Caloocan,2026-09-01T00:00:00+00:00,B,A,19.879117965698242,28.366666666666667,8.487548700968425
Caloocan,2026-09-01T00:00:00+00:00,C,A,23.56461524963379,28.366666666666667,4.802051417032878
Caloocan,2026-09-01T00:00:00+00:00,D,A,20.69721794128418,28.366666666666667,7.6694487253824875
Caloocan,2026-09-01T00:00:00+00:00,A,B,22.77156639099121,28.366666666666667,5.595100275675456
Caloocan,2026-09-01T00:00:00+00:00,B,B,19.879117965698242,28.366666666666667,8.487548700968425
Caloocan,2026-09-01T00:00:00+00:00,C,B,23.56461524963379,28.366666666666667,4.802051417032878
Caloocan,2026-09-01T00:00:00+00:00,D,B,20.69721794128418,28.366666666666667,7.6694487253824875
Caloocan,2026-09-01T00:00:00+00:00,A,S,22.7889404296875,28.366666666666667,5.577726236979167
Caloocan,2026-09-01T00:00:00+00:00,B,S,20.95197105407715,28.366666666666667,7.414695612589519
Caloocan,2026-09-01T00:00:00+00:00,C,S,23.9440860748291,28.366666666666667,4.422580591837566
Caloocan,2026-09-01T00:00:00+00:00,D,S,28.726816177368164,28.366666666666667,0.3601495107014969
Caloocan,2026-09-01T00:00:00+00:00,A,C,24.061777114868164,28.366666666666667,4.304889551798503
Caloocan,2026-09-01T00:00:00+00:00,B,C,21.09437370300293,28.366666666666667,7.2722929636637375
Caloocan,2026-09-01T00:00:00+00:00,C,C,23.754785537719727,28.366666666666667,4.611881128946941
Caloocan,2026-09-01T00:00:00+00:00,D,C,28.726816177368164,28.366666666666667,0.3601495107014969
Caloocan,2026-09-03T00:00:00+00:00,A,A,18.283193588256836,17.071315789473687,1.2118777987831493
Caloocan,2026-09-03T00:00:00+00:00,B,A,17.9505672454834,17.071315789473687,0.8792514560097118
Caloocan,2026-09-03T00:00:00+00:00,C,A,20.483564376831055,17.071315789473687,3.412248587357368
Caloocan,2026-09-03T00:00:00+00:00,D,A,20.8422908782959,17.071315789473687,3.7709750888222118
Caloocan,2026-09-03T00:00:00+00:00,A,B,18.283193588256836,17.071315789473687,1.2118777987831493
Caloocan,2026-09-03T00:00:00+00:00,B,B,17.9505672454834,17.071315789473687,0.8792514560097118
Caloocan,2026-09-03T00:00:00+00:00,C,B,20.483564376831055,17.071315789473687,3.412248587357368
Caloocan,2026-09-03T00:00:00+00:00,D,B,20.8422908782959,17.071315789473687,3.7709750888222118
Caloocan,2026-09-03T00:00:00+00:00,A,S,17.96099090576172,17.071315789473687,0.8896751162880321
Caloocan,2026-09-03T00:00:00+00:00,B,S,18.31464385986328,17.071315789473687,1.2433280703895946
Caloocan,2026-09-03T00:00:00+00:00,C,S,15.259879112243652,17.071315789473687,1.8114366772300343
Caloocan,2026-09-03T00:00:00+00:00,D,S,14.207748413085938,17.071315789473687,2.863567376387749
Caloocan,2026-09-03T00:00:00+00:00,A,C,19.99031639099121,17.071315789473687,2.9190006015175243
Caloocan,2026-09-03T00:00:00+00:00,B,C,18.540998458862305,17.071315789473687,1.469682669388618
Caloocan,2026-09-03T00:00:00+00:00,C,C,16.024580001831055,17.071315789473687,1.046735787642632
Caloocan,2026-09-03T00:00:00+00:00,D,C,14.207748413085938,17.071315789473687,2.863567376387749
Caloocan,2026-09-04T00:00:00+00:00,A,A,16.47395896911621,16.939999999999998,0.4660410308837868
Caloocan,2026-09-04T00:00:00+00:00,B,A,13.55791187286377,16.939999999999998,3.382088127136228
Caloocan,2026-09-04T00:00:00+00:00,C,A,15.7510347366333,16.939999999999998,1.188965263366697
Caloocan,2026-09-04T00:00:00+00:00,D,A,16.25286293029785,16.939999999999998,0.6871370697021462
Caloocan,2026-09-04T00:00:00+00:00,A,B,16.47395896911621,16.939999999999998,0.4660410308837868
Caloocan,2026-09-04T00:00:00+00:00,B,B,13.55791187286377,16.939999999999998,3.382088127136228
Caloocan,2026-09-04T00:00:00+00:00,C,B,15.7510347366333,16.939999999999998,1.188965263366697
Caloocan,2026-09-04T00:00:00+00:00,D,B,16.25286293029785,16.939999999999998,0.6871370697021462
Caloocan,2026-09-04T00:00:00+00:00,A,S,14.96921443939209,16.939999999999998,1.9707855606079079
Caloocan,2026-09-04T00:00:00+00:00,B,S,11.119786262512207,16.939999999999998,5.820213737487791
Caloocan,2026-09-04T00:00:00+00:00,C,S,17.10869026184082,16.939999999999998,0.1686902618408226
Caloocan,2026-09-04T00:00:00+00:00,D,S,20.028322219848633,16.939999999999998,3.088322219848635
Caloocan,2026-09-04T00:00:00+00:00,A,C,13.847844123840332,16.939999999999998,3.0921558761596657
Caloocan,2026-09-04T00:00:00+00:00,B,C,12.096590995788574,16.939999999999998,4.8434090042114235
Caloocan,2026-09-04T00:00:00+00:00,C,C,18.017417907714844,16.939999999999998,1.077417907714846
Caloocan,2026-09-04T00:00:00+00:00,D,C,20.028322219848633,16.939999999999998,3.088322219848635
Caloocan,2026-09-05T00:00:00+00:00,A,A,10.266257286071777,12.527727272727274,2.261469986655497
Caloocan,2026-09-05T00:00:00+00:00,B,A,12.889839172363281,12.527727272727274,0.3621118996360071
Caloocan,2026-09-05T00:00:00+00:00,C,A,11.12225341796875,12.527727272727274,1.4054738547585242
Caloocan,2026-09-05T00:00:00+00:00,D,A,13.535981178283691,12.527727272727274,1.0082539055564173
Caloocan,2026-09-05T00:00:00+00:00,A,B,10.266257286071777,12.527727272727274,2.261469986655497
Caloocan,2026-09-05T00:00:00+00:00,B,B,12.889839172363281,12.527727272727274,0.3621118996360071
Caloocan,2026-09-05T00:00:00+00:00,C,B,11.12225341796875,12.527727272727274,1.4054738547585242
Caloocan,2026-09-05T00:00:00+00:00,D,B,13.535981178283691,12.527727272727274,1.0082539055564173
Caloocan,2026-09-05T00:00:00+00:00,A,S,11.779812812805176,12.527727272727274,0.7479144599220984
Caloocan,2026-09-05T00:00:00+00:00,B,S,12.622016906738281,12.527727272727274,0.0942896340110071
Caloocan,2026-09-05T00:00:00+00:00,C,S,11.253979682922363,12.527727272727274,1.2737475898049109
Caloocan,2026-09-05T00:00:00+00:00,D,S,10.740219116210938,12.527727272727274,1.7875081565163367
Caloocan,2026-09-05T00:00:00+00:00,A,C,12.727639198303223,12.527727272727274,0.1999119255759485
Caloocan,2026-09-05T00:00:00+00:00,B,C,13.515486717224121,12.527727272727274,0.9877594444968469
Caloocan,2026-09-05T00:00:00+00:00,C,C,10.507369041442871,12.527727272727274,2.020358231284403
Caloocan,2026-09-05T00:00:00+00:00,D,C,10.740219116210938,12.527727272727274,1.7875081565163367
Caloocan,2026-09-06T00:00:00+00:00,A,A,11.800079345703125,18.667499999999997,6.867420654296872
Caloocan,2026-09-06T00:00:00+00:00,B,A,10.656241416931152,18.667499999999997,8.011258583068845
Caloocan,2026-09-06T00:00:00+00:00,C,A,10.221686363220215,18.667499999999997,8.445813636779782
Caloocan,2026-09-06T00:00:00+00:00,D,A,11.560920715332031,18.667499999999997,7.106579284667966
Caloocan,2026-09-06T00:00:00+00:00,A,B,11.800079345703125,18.667499999999997,6.867420654296872
Caloocan,2026-09-06T00:00:00+00:00,B,B,10.656241416931152,18.667499999999997,8.011258583068845
Caloocan,2026-09-06T00:00:00+00:00,C,B,10.221686363220215,18.667499999999997,8.445813636779782
Caloocan,2026-09-06T00:00:00+00:00,D,B,11.560920715332031,18.667499999999997,7.106579284667966
Caloocan,2026-09-06T00:00:00+00:00,A,S,10.881709098815918,18.667499999999997,7.785790901184079
Caloocan,2026-09-06T00:00:00+00:00,B,S,12.638897895812988,18.667499999999997,6.028602104187009
Caloocan,2026-09-06T00:00:00+00:00,C,S,10.146173477172852,18.667499999999997,8.521326522827145
Caloocan,2026-09-06T00:00:00+00:00,D,S,12.707097053527832,18.667499999999997,5.960402946472165
Caloocan,2026-09-06T00:00:00+00:00,A,C,10.541651725769043,18.667499999999997,8.125848274230954
Caloocan,2026-09-06T00:00:00+00:00,B,C,12.782798767089844,18.667499999999997,5.884701232910153
Caloocan,2026-09-06T00:00:00+00:00,C,C,10.451942443847656,18.667499999999997,8.21555755615234
Caloocan,2026-09-06T00:00:00+00:00,D,C,12.707097053527832,18.667499999999997,5.960402946472165
Caloocan,2026-09-07T00:00:00+00:00,A,A,10.095988273620605,24.3175,14.221511726379394
Caloocan,2026-09-07T00:00:00+00:00,B,A,12.033866882324219,24.3175,12.28363311767578
Caloocan,2026-09-07T00:00:00+00:00,C,A,10.597016334533691,24.3175,13.720483665466308
Caloocan,2026-09-07T00:00:00+00:00,D,A,14.377995491027832,24.3175,9.939504508972167
Caloocan,2026-09-07T00:00:00+00:00,A,B,10.095988273620605,24.3175,14.221511726379394
Caloocan,2026-09-07T00:00:00+00:00,B,B,12.033866882324219,24.3175,12.28363311767578
Caloocan,2026-09-07T00:00:00+00:00,C,B,10.597016334533691,24.3175,13.720483665466308
Caloocan,2026-09-07T00:00:00+00:00,D,B,14.377995491027832,24.3175,9.939504508972167
Caloocan,2026-09-07T00:00:00+00:00,A,S,9.857001304626465,24.3175,14.460498695373534
Caloocan,2026-09-07T00:00:00+00:00,B,S,12.21996021270752,24.3175,12.09753978729248
Caloocan,2026-09-07T00:00:00+00:00,C,S,11.816665649414062,24.3175,12.500834350585937
Caloocan,2026-09-07T00:00:00+00:00,D,S,16.898115158081055,24.3175,7.419384841918944
Caloocan,2026-09-07T00:00:00+00:00,A,C,10.145052909851074,24.3175,14.172447090148925
Caloocan,2026-09-07T00:00:00+00:00,B,C,12.547172546386719,24.3175,11.77032745361328
Caloocan,2026-09-07T00:00:00+00:00,C,C,12.097920417785645,24.3175,12.219579582214354
Caloocan,2026-09-07T00:00:00+00:00,D,C,16.898115158081055,24.3175,7.419384841918944
Caloocan,2026-09-14T00:00:00+00:00,A,A,13.95885181427002,33.20909090909091,19.25023909482089
Caloocan,2026-09-14T00:00:00+00:00,B,A,13.71593189239502,33.20909090909091,19.49315901669589
Caloocan,2026-09-14T00:00:00+00:00,C,A,16.66168212890625,33.20909090909091,16.54740878018466
Caloocan,2026-09-14T00:00:00+00:00,D,A,15.319575309753418,33.20909090909091,17.889515599337493
Caloocan,2026-09-14T00:00:00+00:00,A,B,13.95885181427002,33.20909090909091,19.25023909482089
Caloocan,2026-09-14T00:00:00+00:00,B,B,13.71593189239502,33.20909090909091,19.49315901669589
Caloocan,2026-09-14T00:00:00+00:00,C,B,16.66168212890625,33.20909090909091,16.54740878018466
Caloocan,2026-09-14T00:00:00+00:00,D,B,15.319575309753418,33.20909090909091,17.889515599337493
Caloocan,2026-09-14T00:00:00+00:00,A,S,13.79698657989502,33.20909090909091,19.41210432919589
Caloocan,2026-09-14T00:00:00+00:00,B,S,13.388252258300781,33.20909090909091,19.82083865079013
Caloocan,2026-09-14T00:00:00+00:00,C,S,18.160768508911133,33.20909090909091,15.048322400179778
Caloocan,2026-09-14T00:00:00+00:00,D,S,17.8002986907959,33.20909090909091,15.408792218295012
Caloocan,2026-09-14T00:00:00+00:00,A,C,15.912516593933105,33.20909090909091,17.296574315157805
Caloocan,2026-09-14T00:00:00+00:00,B,C,13.91455364227295,33.20909090909091,19.29453726681796
Caloocan,2026-09-14T00:00:00+00:00,C,C,18.57737922668457,33.20909090909091,14.63171168240634
Caloocan,2026-09-14T00:00:00+00:00,D,C,17.8002986907959,33.20909090909091,15.408792218295012
Caloocan,2026-09-15T00:00:00+00:00,A,A,12.585639953613281,41.005,28.41936004638672
Caloocan,2026-09-15T00:00:00+00:00,B,A,13.525341033935547,41.005,27.479658966064456
Caloocan,2026-09-15T00:00:00+00:00,C,A,15.310559272766113,41.005,25.69444072723389
Caloocan,2026-09-15T00:00:00+00:00,D,A,14.77418041229248,41.005,26.230819587707522
Caloocan,2026-09-15T00:00:00+00:00,A,B,12.585639953613281,41.005,28.41936004638672
Caloocan,2026-09-15T00:00:00+00:00,B,B,13.525341033935547,41.005,27.479658966064456
Caloocan,2026-09-15T00:00:00+00:00,C,B,15.310559272766113,41.005,25.69444072723389
Caloocan,2026-09-15T00:00:00+00:00,D,B,14.77418041229248,41.005,26.230819587707522
Caloocan,2026-09-15T00:00:00+00:00,A,S,12.85784912109375,41.005,28.147150878906253
Caloocan,2026-09-15T00:00:00+00:00,B,S,12.00049114227295,41.005,29.004508857727053
Caloocan,2026-09-15T00:00:00+00:00,C,S,14.14197826385498,41.005,26.863021736145022
Caloocan,2026-09-15T00:00:00+00:00,D,S,13.914463996887207,41.005,27.090536003112796
Caloocan,2026-09-15T00:00:00+00:00,A,C,12.960413932800293,41.005,28.04458606719971
Caloocan,2026-09-15T00:00:00+00:00,B,C,12.368929862976074,41.005,28.63607013702393
Caloocan,2026-09-15T00:00:00+00:00,C,C,13.824357032775879,41.005,27.180642967224124
Caloocan,2026-09-15T00:00:00+00:00,D,C,13.914463996887207,41.005,27.090536003112796
Caloocan,2026-09-18T00:00:00+00:00,A,A,13.066378593444824,41.79473684210526,28.728358248660435
Caloocan,2026-09-18T00:00:00+00:00,B,A,14.633267402648926,41.79473684210526,27.161469439456333
Caloocan,2026-09-18T00:00:00+00:00,C,A,15.611656188964844,41.79473684210526,26.183080653140415
Caloocan,2026-09-18T00:00:00+00:00,D,A,15.813586235046387,41.79473684210526,25.981150607058872
Caloocan,2026-09-18T00:00:00+00:00,A,B,13.066378593444824,41.79473684210526,28.728358248660435
Caloocan,2026-09-18T00:00:00+00:00,B,B,14.633267402648926,41.79473684210526,27.161469439456333
Caloocan,2026-09-18T00:00:00+00:00,C,B,15.611656188964844,41.79473684210526,26.183080653140415
Caloocan,2026-09-18T00:00:00+00:00,D,B,15.813586235046387,41.79473684210526,25.981150607058872
Caloocan,2026-09-18T00:00:00+00:00,A,S,12.301483154296875,41.79473684210526,29.493253687808384
Caloocan,2026-09-18T00:00:00+00:00,B,S,13.47551441192627,41.79473684210526,28.31922243017899
Caloocan,2026-09-18T00:00:00+00:00,C,S,20.360267639160156,41.79473684210526,21.434469202945102
Caloocan,2026-09-18T00:00:00+00:00,D,S,14.802788734436035,41.79473684210526,26.991948107669224
Caloocan,2026-09-18T00:00:00+00:00,A,C,12.331031799316406,41.79473684210526,29.463705042788852
Caloocan,2026-09-18T00:00:00+00:00,B,C,13.637282371520996,41.79473684210526,28.157454470584263
Caloocan,2026-09-18T00:00:00+00:00,C,C,21.414609909057617,41.79473684210526,20.38012693304764
Caloocan,2026-09-18T00:00:00+00:00,D,C,14.802788734436035,41.79473684210526,26.991948107669224
Caloocan,2026-09-20T00:00:00+00:00,A,A,14.734105110168457,26.120833333333334,11.386728223164877
Caloocan,2026-09-20T00:00:00+00:00,B,A,12.745104789733887,26.120833333333334,13.375728543599447
Caloocan,2026-09-20T00:00:00+00:00,C,A,15.795639038085938,26.120833333333334,10.325194295247396
Caloocan,2026-09-20T00:00:00+00:00,D,A,16.111778259277344,26.120833333333334,10.00905507405599
Caloocan,2026-09-20T00:00:00+00:00,A,B,14.734105110168457,26.120833333333334,11.386728223164877
Caloocan,2026-09-20T00:00:00+00:00,B,B,12.745104789733887,26.120833333333334,13.375728543599447
Caloocan,2026-09-20T00:00:00+00:00,C,B,15.795639038085938,26.120833333333334,10.325194295247396
Caloocan,2026-09-20T00:00:00+00:00,D,B,16.111778259277344,26.120833333333334,10.00905507405599
Caloocan,2026-09-20T00:00:00+00:00,A,S,14.930610656738281,26.120833333333334,11.190222676595052
Caloocan,2026-09-20T00:00:00+00:00,B,S,18.533823013305664,26.120833333333334,7.5870103200276695
Caloocan,2026-09-20T00:00:00+00:00,C,S,15.507086753845215,26.120833333333334,10.613746579488119
Caloocan,2026-09-20T00:00:00+00:00,D,S,27.00844383239746,26.120833333333334,0.8876104990641274
Caloocan,2026-09-20T00:00:00+00:00,A,C,14.664581298828125,26.120833333333334,11.456252034505209
Caloocan,2026-09-20T00:00:00+00:00,B,C,18.385316848754883,26.120833333333334,7.735516484578451
Caloocan,2026-09-20T00:00:00+00:00,C,C,17.25611114501953,26.120833333333334,8.864722188313802
Caloocan,2026-09-20T00:00:00+00:00,D,C,27.00844383239746,26.120833333333334,0.8876104990641274
Caloocan,2026-09-21T00:00:00+00:00,A,A,14.074868202209473,21.59090909090909,7.516040888699617
Caloocan,2026-09-21T00:00:00+00:00,B,A,12.732382774353027,21.59090909090909,8.858526316556063
Caloocan,2026-09-21T00:00:00+00:00,C,A,16.35811424255371,21.59090909090909,5.232794848355379
Caloocan,2026-09-21T00:00:00+00:00,D,A,16.066129684448242,21.59090909090909,5.524779406460848
Caloocan,2026-09-21T00:00:00+00:00,A,B,14.074868202209473,21.59090909090909,7.516040888699617
Caloocan,2026-09-21T00:00:00+00:00,B,B,12.732382774353027,21.59090909090909,8.858526316556063
Caloocan,2026-09-21T00:00:00+00:00,C,B,16.35811424255371,21.59090909090909,5.232794848355379
Caloocan,2026-09-21T00:00:00+00:00,D,B,16.066129684448242,21.59090909090909,5.524779406460848
Caloocan,2026-09-21T00:00:00+00:00,A,S,14.258125305175781,21.59090909090909,7.332783785733309
Caloocan,2026-09-21T00:00:00+00:00,B,S,14.208516120910645,21.59090909090909,7.382392969998445
Caloocan,2026-09-21T00:00:00+00:00,C,S,14.040343284606934,21.59090909090909,7.550565806302156
Caloocan,2026-09-21T00:00:00+00:00,D,S,15.715662956237793,21.59090909090909,5.875246134671297
Caloocan,2026-09-21T00:00:00+00:00,A,C,13.527092933654785,21.59090909090909,8.063816157254305
Caloocan,2026-09-21T00:00:00+00:00,B,C,14.20684814453125,21.59090909090909,7.38406094637784
Caloocan,2026-09-21T00:00:00+00:00,C,C,15.008362770080566,21.59090909090909,6.5825463208285235
Caloocan,2026-09-21T00:00:00+00:00,D,C,15.715662956237793,21.59090909090909,5.875246134671297
Caloocan,2026-09-22T00:00:00+00:00,A,A,11.313689231872559,28.565217391304344,17.251528159431786
Caloocan,2026-09-22T00:00:00+00:00,B,A,11.119166374206543,28.565217391304344,17.4460510170978
Caloocan,2026-09-22T00:00:00+00:00,C,A,12.349026679992676,28.565217391304344,16.21619071131167
Caloocan,2026-09-22T00:00:00+00:00,D,A,14.06171703338623,28.565217391304344,14.503500357918114
Caloocan,2026-09-22T00:00:00+00:00,A,B,11.313689231872559,28.565217391304344,17.251528159431786
Caloocan,2026-09-22T00:00:00+00:00,B,B,11.119166374206543,28.565217391304344,17.4460510170978
Caloocan,2026-09-22T00:00:00+00:00,C,B,12.349026679992676,28.565217391304344,16.21619071131167
Caloocan,2026-09-22T00:00:00+00:00,D,B,14.06171703338623,28.565217391304344,14.503500357918114
Caloocan,2026-09-22T00:00:00+00:00,A,S,11.596814155578613,28.565217391304344,16.96840323572573
Caloocan,2026-09-22T00:00:00+00:00,B,S,11.205561637878418,28.565217391304344,17.359655753425926
Caloocan,2026-09-22T00:00:00+00:00,C,S,13.593754768371582,28.565217391304344,14.971462622932762
Caloocan,2026-09-22T00:00:00+00:00,D,S,13.443524360656738,28.565217391304344,15.121693030647606
Caloocan,2026-09-22T00:00:00+00:00,A,C,11.635086059570312,28.565217391304344,16.93013133173403
Caloocan,2026-09-22T00:00:00+00:00,B,C,11.167320251464844,28.565217391304344,17.3978971398395
Caloocan,2026-09-22T00:00:00+00:00,C,C,13.683914184570312,28.565217391304344,14.881303206734032
Caloocan,2026-09-22T00:00:00+00:00,D,C,13.443524360656738,28.565217391304344,15.121693030647606
Caloocan,2026-09-23T00:00:00+00:00,A,A,12.782483100891113,43.11428571428571,30.331802613394593
Caloocan,2026-09-23T00:00:00+00:00,B,A,10.8313570022583,43.11428571428571,32.282928712027406
Caloocan,2026-09-23T00:00:00+00:00,C,A,14.516914367675781,43.11428571428571,28.597371346609926
Caloocan,2026-09-23T00:00:00+00:00,D,A,15.887107849121094,43.11428571428571,27.227177865164613
Caloocan,2026-09-23T00:00:00+00:00,A,B,12.782483100891113,43.11428571428571,30.331802613394593
Caloocan,2026-09-23T00:00:00+00:00,B,B,10.8313570022583,43.11428571428571,32.282928712027406
Caloocan,2026-09-23T00:00:00+00:00,C,B,14.516914367675781,43.11428571428571,28.597371346609926
Caloocan,2026-09-23T00:00:00+00:00,D,B,15.887107849121094,43.11428571428571,27.227177865164613
Caloocan,2026-09-23T00:00:00+00:00,A,S,13.470471382141113,43.11428571428571,29.643814332144593
Caloocan,2026-09-23T00:00:00+00:00,B,S,10.005549430847168,43.11428571428571,33.10873628343854
Caloocan,2026-09-23T00:00:00+00:00,C,S,15.102791786193848,43.11428571428571,28.01149392809186
Caloocan,2026-09-23T00:00:00+00:00,D,S,14.481956481933594,43.11428571428571,28.632329232352113
Caloocan,2026-09-23T00:00:00+00:00,A,C,12.917302131652832,43.11428571428571,30.196983582632875
Caloocan,2026-09-23T00:00:00+00:00,B,C,10.174777030944824,43.11428571428571,32.93950868334088
Caloocan,2026-09-23T00:00:00+00:00,C,C,14.86752986907959,43.11428571428571,28.246755845206117
Caloocan,2026-09-23T00:00:00+00:00,D,C,14.481956481933594,43.11428571428571,28.632329232352113
Caloocan,2026-09-25T00:00:00+00:00,A,A,15.029650688171387,34.738095238095234,19.708444549923847
Caloocan,2026-09-25T00:00:00+00:00,B,A,13.366744041442871,34.738095238095234,21.371351196652363
Caloocan,2026-09-25T00:00:00+00:00,C,A,15.898014068603516,34.738095238095234,18.840081169491718
Caloocan,2026-09-25T00:00:00+00:00,D,A,18.55714225769043,34.738095238095234,16.180952980404804
Caloocan,2026-09-25T00:00:00+00:00,A,B,15.029650688171387,34.738095238095234,19.708444549923847
Caloocan,2026-09-25T00:00:00+00:00,B,B,13.366744041442871,34.738095238095234,21.371351196652363
Caloocan,2026-09-25T00:00:00+00:00,C,B,15.898014068603516,34.738095238095234,18.840081169491718
Caloocan,2026-09-25T00:00:00+00:00,D,B,18.55714225769043,34.738095238095234,16.180952980404804
Caloocan,2026-09-25T00:00:00+00:00,A,S,14.530184745788574,34.738095238095234,20.20791049230666
Caloocan,2026-09-25T00:00:00+00:00,B,S,16.154756546020508,34.738095238095234,18.583338692074726
Caloocan,2026-09-25T00:00:00+00:00,C,S,15.70896053314209,34.738095238095234,19.029134704953144
Caloocan,2026-09-25T00:00:00+00:00,D,S,17.144943237304688,34.738095238095234,17.593152000790546
Caloocan,2026-09-25T00:00:00+00:00,A,C,13.977978706359863,34.738095238095234,20.76011653173537
Caloocan,2026-09-25T00:00:00+00:00,B,C,15.424880027770996,34.738095238095234,19.313215210324238
Caloocan,2026-09-25T00:00:00+00:00,C,C,15.58209228515625,34.738095238095234,19.156002952938984
Caloocan,2026-09-25T00:00:00+00:00,D,C,17.144943237304688,34.738095238095234,17.593152000790546
Caloocan,2026-09-26T00:00:00+00:00,A,A,13.158724784851074,34.08181818181818,20.923093396967104
Caloocan,2026-09-26T00:00:00+00:00,B,A,13.014941215515137,34.08181818181818,21.06687696630304
Caloocan,2026-09-26T00:00:00+00:00,C,A,15.146766662597656,34.08181818181818,18.935051519220522
Caloocan,2026-09-26T00:00:00+00:00,D,A,15.13080883026123,34.08181818181818,18.951009351556948
Caloocan,2026-09-26T00:00:00+00:00,A,B,13.158724784851074,34.08181818181818,20.923093396967104
Caloocan,2026-09-26T00:00:00+00:00,B,B,13.014941215515137,34.08181818181818,21.06687696630304
Caloocan,2026-09-26T00:00:00+00:00,C,B,15.146766662597656,34.08181818181818,18.935051519220522
Caloocan,2026-09-26T00:00:00+00:00,D,B,15.13080883026123,34.08181818181818,18.951009351556948
Caloocan,2026-09-26T00:00:00+00:00,A,S,14.256705284118652,34.08181818181818,19.825112897699526
Caloocan,2026-09-26T00:00:00+00:00,B,S,15.437263488769531,34.08181818181818,18.644554693048647
Caloocan,2026-09-26T00:00:00+00:00,C,S,16.230823516845703,34.08181818181818,17.850994664972475
Caloocan,2026-09-26T00:00:00+00:00,D,S,14.64034652709961,34.08181818181818,19.44147165471857
Caloocan,2026-09-26T00:00:00+00:00,A,C,14.551312446594238,34.08181818181818,19.53050573522394
Caloocan,2026-09-26T00:00:00+00:00,B,C,14.5963134765625,34.08181818181818,19.48550470525568
Caloocan,2026-09-26T00:00:00+00:00,C,C,14.954765319824219,34.08181818181818,19.12705286199396
Caloocan,2026-09-26T00:00:00+00:00,D,C,14.64034652709961,34.08181818181818,19.44147165471857
Caloocan,2026-09-27T00:00:00+00:00,A,A,14.70008373260498,33.175000000000004,18.474916267395024
Caloocan,2026-09-27T00:00:00+00:00,B,A,15.184718132019043,33.175000000000004,17.99028186798096
Caloocan,2026-09-27T00:00:00+00:00,C,A,17.39630126953125,33.175000000000004,15.778698730468754
Caloocan,2026-09-27T00:00:00+00:00,D,A,18.08634376525879,33.175000000000004,15.088656234741215
Caloocan,2026-09-27T00:00:00+00:00,A,B,14.70008373260498,33.175000000000004,18.474916267395024
Caloocan,2026-09-27T00:00:00+00:00,B,B,15.184718132019043,33.175000000000004,17.99028186798096
Caloocan,2026-09-27T00:00:00+00:00,C,B,17.39630126953125,33.175000000000004,15.778698730468754
Caloocan,2026-09-27T00:00:00+00:00,D,B,18.08634376525879,33.175000000000004,15.088656234741215
Caloocan,2026-09-27T00:00:00+00:00,A,S,14.899687767028809,33.175000000000004,18.275312232971196
Caloocan,2026-09-27T00:00:00+00:00,B,S,12.977584838867188,33.175000000000004,20.197415161132817
Caloocan,2026-09-27T00:00:00+00:00,C,S,18.551387786865234,33.175000000000004,14.62361221313477
Caloocan,2026-09-27T00:00:00+00:00,D,S,16.801101684570312,33.175000000000004,16.37389831542969
Caloocan,2026-09-27T00:00:00+00:00,A,C,14.063498497009277,33.175000000000004,19.111501502990727
Caloocan,2026-09-27T00:00:00+00:00,B,C,13.230242729187012,33.175000000000004,19.944757270812993
Caloocan,2026-09-27T00:00:00+00:00,C,C,18.738201141357422,33.175000000000004,14.436798858642582
Caloocan,2026-09-27T00:00:00+00:00,D,C,16.801101684570312,33.175000000000004,16.37389831542969
Valenzuela,2026-08-14T00:00:00+00:00,A,A,18.37958335876465,38.6,20.220416641235353
Valenzuela,2026-08-14T00:00:00+00:00,B,A,14.231877326965332,38.6,24.36812267303467
Valenzuela,2026-08-14T00:00:00+00:00,C,A,15.452363014221191,38.6,23.14763698577881
Valenzuela,2026-08-14T00:00:00+00:00,D,A,13.1281156539917,38.6,25.471884346008302
Valenzuela,2026-08-14T00:00:00+00:00,A,B,18.37958335876465,38.6,20.220416641235353
Valenzuela,2026-08-14T00:00:00+00:00,B,B,14.231877326965332,38.6,24.36812267303467
Valenzuela,2026-08-14T00:00:00+00:00,C,B,15.452363014221191,38.6,23.14763698577881
Valenzuela,2026-08-14T00:00:00+00:00,D,B,13.1281156539917,38.6,25.471884346008302
Valenzuela,2026-08-14T00:00:00+00:00,A,S,12.878748893737793,38.6,25.72125110626221
Valenzuela,2026-08-14T00:00:00+00:00,B,S,14.391833305358887,38.6,24.208166694641115
Valenzuela,2026-08-14T00:00:00+00:00,C,S,15.05774211883545,38.6,23.542257881164552
Valenzuela,2026-08-14T00:00:00+00:00,D,S,13.161845207214355,38.6,25.438154792785646
Valenzuela,2026-08-14T00:00:00+00:00,A,C,12.618621826171875,38.6,25.981378173828126
Valenzuela,2026-08-14T00:00:00+00:00,B,C,14.311626434326172,38.6,24.28837356567383
Valenzuela,2026-08-14T00:00:00+00:00,C,C,14.998344421386719,38.6,23.601655578613283
Valenzuela,2026-08-14T00:00:00+00:00,D,C,13.161845207214355,38.6,25.438154792785646
Valenzuela,2026-08-15T00:00:00+00:00,A,A,12.834239959716797,20.79090909090909,7.956669131192292
Valenzuela,2026-08-15T00:00:00+00:00,B,A,14.80898666381836,20.79090909090909,5.98192242709073
Valenzuela,2026-08-15T00:00:00+00:00,C,A,14.246803283691406,20.79090909090909,6.544105807217683
Valenzuela,2026-08-15T00:00:00+00:00,D,A,16.742225646972656,20.79090909090909,4.048683443936433
Valenzuela,2026-08-15T00:00:00+00:00,A,B,12.834239959716797,20.79090909090909,7.956669131192292
Valenzuela,2026-08-15T00:00:00+00:00,B,B,14.80898666381836,20.79090909090909,5.98192242709073
Valenzuela,2026-08-15T00:00:00+00:00,C,B,14.246803283691406,20.79090909090909,6.544105807217683
Valenzuela,2026-08-15T00:00:00+00:00,D,B,16.742225646972656,20.79090909090909,4.048683443936433
Valenzuela,2026-08-15T00:00:00+00:00,A,S,11.095206260681152,20.79090909090909,9.695702830227937
Valenzuela,2026-08-15T00:00:00+00:00,B,S,12.676556587219238,20.79090909090909,8.114352503689851
Valenzuela,2026-08-15T00:00:00+00:00,C,S,17.136728286743164,20.79090909090909,3.654180804165925
Valenzuela,2026-08-15T00:00:00+00:00,D,S,14.424713134765625,20.79090909090909,6.366195956143464
Valenzuela,2026-08-15T00:00:00+00:00,A,C,13.376666069030762,20.79090909090909,7.4142430218783275
Valenzuela,2026-08-15T00:00:00+00:00,B,C,13.711617469787598,20.79090909090909,7.079291621121492
Valenzuela,2026-08-15T00:00:00+00:00,C,C,16.92848777770996,20.79090909090909,3.8624213131991283
Valenzuela,2026-08-15T00:00:00+00:00,D,C,14.424713134765625,20.79090909090909,6.366195956143464
Valenzuela,2026-08-25T00:00:00+00:00,A,A,18.216453552246094,28.805555555555557,10.589102003309463
Valenzuela,2026-08-25T00:00:00+00:00,B,A,19.825271606445312,28.805555555555557,8.980283949110245
Valenzuela,2026-08-25T00:00:00+00:00,C,A,19.62140464782715,28.805555555555557,9.184150907728409
Valenzuela,2026-08-25T00:00:00+00:00,D,A,18.58209800720215,28.805555555555557,10.223457548353409
Valenzuela,2026-08-25T00:00:00+00:00,A,B,18.216453552246094,28.805555555555557,10.589102003309463
Valenzuela,2026-08-25T00:00:00+00:00,B,B,19.825271606445312,28.805555555555557,8.980283949110245
Valenzuela,2026-08-25T00:00:00+00:00,C,B,19.62140464782715,28.805555555555557,9.184150907728409
Valenzuela,2026-08-25T00:00:00+00:00,D,B,18.58209800720215,28.805555555555557,10.223457548353409
Valenzuela,2026-08-25T00:00:00+00:00,A,S,15.341328620910645,28.805555555555557,13.464226934644913
Valenzuela,2026-08-25T00:00:00+00:00,B,S,14.84266185760498,28.805555555555557,13.962893697950577
Valenzuela,2026-08-25T00:00:00+00:00,C,S,17.82111358642578,28.805555555555557,10.984441969129776
Valenzuela,2026-08-25T00:00:00+00:00,D,S,22.8787841796875,28.805555555555557,5.926771375868057
Valenzuela,2026-08-25T00:00:00+00:00,A,C,17.96476936340332,28.805555555555557,10.840786192152237
Valenzuela,2026-08-25T00:00:00+00:00,B,C,14.844646453857422,28.805555555555557,13.960909101698135
Valenzuela,2026-08-25T00:00:00+00:00,C,C,17.755701065063477,28.805555555555557,11.04985449049208
Valenzuela,2026-08-25T00:00:00+00:00,D,C,22.8787841796875,28.805555555555557,5.926771375868057
Valenzuela,2026-08-26T00:00:00+00:00,A,A,18.74505043029785,16.06736842105263,2.6776820092452205
Valenzuela,2026-08-26T00:00:00+00:00,B,A,19.741300582885742,16.06736842105263,3.673932161833111
Valenzuela,2026-08-26T00:00:00+00:00,C,A,20.99909782409668,16.06736842105263,4.931729403044049
Valenzuela,2026-08-26T00:00:00+00:00,D,A,18.541654586791992,16.06736842105263,2.474286165739361
Valenzuela,2026-08-26T00:00:00+00:00,A,B,18.74505043029785,16.06736842105263,2.6776820092452205
Valenzuela,2026-08-26T00:00:00+00:00,B,B,19.741300582885742,16.06736842105263,3.673932161833111
Valenzuela,2026-08-26T00:00:00+00:00,C,B,20.99909782409668,16.06736842105263,4.931729403044049
Valenzuela,2026-08-26T00:00:00+00:00,D,B,18.541654586791992,16.06736842105263,2.474286165739361
Valenzuela,2026-08-26T00:00:00+00:00,A,S,17.11142921447754,16.06736842105263,1.044060793424908
Valenzuela,2026-08-26T00:00:00+00:00,B,S,18.12142562866211,16.06736842105263,2.0540572076094783
Valenzuela,2026-08-26T00:00:00+00:00,C,S,18.35603904724121,16.06736842105263,2.28867062618858
Valenzuela,2026-08-26T00:00:00+00:00,D,S,21.036523818969727,16.06736842105263,4.9691553979170955
Valenzuela,2026-08-26T00:00:00+00:00,A,C,18.178125381469727,16.06736842105263,2.1107569604170955
Valenzuela,2026-08-26T00:00:00+00:00,B,C,18.592281341552734,16.06736842105263,2.5249129205001033
Valenzuela,2026-08-26T00:00:00+00:00,C,C,17.94988441467285,16.06736842105263,1.8825159936202205
Valenzuela,2026-08-26T00:00:00+00:00,D,C,21.036523818969727,16.06736842105263,4.9691553979170955
Valenzuela,2026-08-28T00:00:00+00:00,A,A,14.788524627685547,13.943333333333335,0.8451912943522117
Valenzuela,2026-08-28T00:00:00+00:00,B,A,14.657264709472656,13.943333333333335,0.7139313761393211
Valenzuela,2026-08-28T00:00:00+00:00,C,A,13.051520347595215,13.943333333333335,0.8918129857381203
Valenzuela,2026-08-28T00:00:00+00:00,D,A,10.330791473388672,13.943333333333335,3.6125418599446633
Valenzuela,2026-08-28T00:00:00+00:00,A,B,14.788524627685547,13.943333333333335,0.8451912943522117
Valenzuela,2026-08-28T00:00:00+00:00,B,B,14.657264709472656,13.943333333333335,0.7139313761393211
Valenzuela,2026-08-28T00:00:00+00:00,C,B,13.051520347595215,13.943333333333335,0.8918129857381203
Valenzuela,2026-08-28T00:00:00+00:00,D,B,10.330791473388672,13.943333333333335,3.6125418599446633
Valenzuela,2026-08-28T00:00:00+00:00,A,S,13.197672843933105,13.943333333333335,0.7456604894002297
Valenzuela,2026-08-28T00:00:00+00:00,B,S,13.86485767364502,13.943333333333335,0.0784756596883156
Valenzuela,2026-08-28T00:00:00+00:00,C,S,13.294586181640625,13.943333333333335,0.6487471516927101
Valenzuela,2026-08-28T00:00:00+00:00,D,S,12.28570556640625,13.943333333333335,1.6576277669270851
Valenzuela,2026-08-28T00:00:00+00:00,A,C,12.832566261291504,13.943333333333335,1.1107670720418312
Valenzuela,2026-08-28T00:00:00+00:00,B,C,14.15926456451416,13.943333333333335,0.21593123118082502
Valenzuela,2026-08-28T00:00:00+00:00,C,C,12.90902042388916,13.943333333333335,1.034312909444175
Valenzuela,2026-08-28T00:00:00+00:00,D,C,12.28570556640625,13.943333333333335,1.6576277669270851
Valenzuela,2026-08-30T00:00:00+00:00,A,A,16.03033447265625,44.95,28.919665527343753
Valenzuela,2026-08-30T00:00:00+00:00,B,A,15.193312644958496,44.95,29.756687355041507
Valenzuela,2026-08-30T00:00:00+00:00,C,A,15.822135925292969,44.95,29.127864074707034
Valenzuela,2026-08-30T00:00:00+00:00,D,A,15.31540298461914,44.95,29.634597015380862
Valenzuela,2026-08-30T00:00:00+00:00,A,B,16.03033447265625,44.95,28.919665527343753
Valenzuela,2026-08-30T00:00:00+00:00,B,B,15.193312644958496,44.95,29.756687355041507
Valenzuela,2026-08-30T00:00:00+00:00,C,B,15.822135925292969,44.95,29.127864074707034
Valenzuela,2026-08-30T00:00:00+00:00,D,B,15.31540298461914,44.95,29.634597015380862
Valenzuela,2026-08-30T00:00:00+00:00,A,S,12.677726745605469,44.95,32.272273254394534
Valenzuela,2026-08-30T00:00:00+00:00,B,S,13.862422943115234,44.95,31.08757705688477
Valenzuela,2026-08-30T00:00:00+00:00,C,S,16.637693405151367,44.95,28.312306594848636
Valenzuela,2026-08-30T00:00:00+00:00,D,S,14.15961742401123,44.95,30.790382575988772
Valenzuela,2026-08-30T00:00:00+00:00,A,C,12.934813499450684,44.95,32.01518650054932
Valenzuela,2026-08-30T00:00:00+00:00,B,C,13.584907531738281,44.95,31.36509246826172
Valenzuela,2026-08-30T00:00:00+00:00,C,C,16.967384338378906,44.95,27.982615661621097
Valenzuela,2026-08-30T00:00:00+00:00,D,C,14.15961742401123,44.95,30.790382575988772
Valenzuela,2026-08-31T00:00:00+00:00,A,A,19.630809783935547,70.595,50.96419021606445
Valenzuela,2026-08-31T00:00:00+00:00,B,A,18.844776153564453,70.595,51.750223846435546
Valenzuela,2026-08-31T00:00:00+00:00,C,A,22.410852432250977,70.595,48.18414756774902
Valenzuela,2026-08-31T00:00:00+00:00,D,A,17.31986427307129,70.595,53.27513572692871
Valenzuela,2026-08-31T00:00:00+00:00,A,B,19.630809783935547,70.595,50.96419021606445
Valenzuela,2026-08-31T00:00:00+00:00,B,B,18.844776153564453,70.595,51.750223846435546
Valenzuela,2026-08-31T00:00:00+00:00,C,B,22.410852432250977,70.595,48.18414756774902
Valenzuela,2026-08-31T00:00:00+00:00,D,B,17.31986427307129,70.595,53.27513572692871
Valenzuela,2026-08-31T00:00:00+00:00,A,S,16.045183181762695,70.595,54.5498168182373
Valenzuela,2026-08-31T00:00:00+00:00,B,S,14.268956184387207,70.595,56.32604381561279
Valenzuela,2026-08-31T00:00:00+00:00,C,S,26.161405563354492,70.595,44.43359443664551
Valenzuela,2026-08-31T00:00:00+00:00,D,S,23.802947998046875,70.595,46.792052001953124
Valenzuela,2026-08-31T00:00:00+00:00,A,C,15.257492065429688,70.595,55.33750793457031
Valenzuela,2026-08-31T00:00:00+00:00,B,C,14.36287784576416,70.595,56.23212215423584
Valenzuela,2026-08-31T00:00:00+00:00,C,C,27.613554000854492,70.595,42.98144599914551
Valenzuela,2026-08-31T00:00:00+00:00,D,C,23.802947998046875,70.595,46.792052001953124
Valenzuela,2026-09-01T00:00:00+00:00,A,A,22.877798080444336,26.9952380952381,4.117440014793765
Valenzuela,2026-09-01T00:00:00+00:00,B,A,18.885452270507812,26.9952380952381,8.109785824730288
Valenzuela,2026-09-01T00:00:00+00:00,C,A,23.97675132751465,26.9952380952381,3.018486767723452
Valenzuela,2026-09-01T00:00:00+00:00,D,A,28.634965896606445,26.9952380952381,1.6397278013683447
Valenzuela,2026-09-01T00:00:00+00:00,A,B,22.877798080444336,26.9952380952381,4.117440014793765
Valenzuela,2026-09-01T00:00:00+00:00,B,B,18.885452270507812,26.9952380952381,8.109785824730288
Valenzuela,2026-09-01T00:00:00+00:00,C,B,23.97675132751465,26.9952380952381,3.018486767723452
Valenzuela,2026-09-01T00:00:00+00:00,D,B,28.634965896606445,26.9952380952381,1.6397278013683447
Valenzuela,2026-09-01T00:00:00+00:00,A,S,21.69344139099121,26.9952380952381,5.30179670424689
Valenzuela,2026-09-01T00:00:00+00:00,B,S,19.0963191986084,26.9952380952381,7.898918896629702
Valenzuela,2026-09-01T00:00:00+00:00,C,S,24.718788146972656,26.9952380952381,2.2764499482654443
Valenzuela,2026-09-01T00:00:00+00:00,D,S,31.40416145324707,26.9952380952381,4.40892335800897
Valenzuela,2026-09-01T00:00:00+00:00,A,C,22.372140884399414,26.9952380952381,4.6230972108386865
Valenzuela,2026-09-01T00:00:00+00:00,B,C,19.16533851623535,26.9952380952381,7.829899579002749
Valenzuela,2026-09-01T00:00:00+00:00,C,C,24.702322006225586,26.9952380952381,2.2929160890125146
Valenzuela,2026-09-01T00:00:00+00:00,D,C,31.40416145324707,26.9952380952381,4.40892335800897
Valenzuela,2026-09-03T00:00:00+00:00,A,A,18.217130661010742,14.668500000000003,3.5486306610107388
Valenzuela,2026-09-03T00:00:00+00:00,B,A,18.59832763671875,14.668500000000003,3.9298276367187466
Valenzuela,2026-09-03T00:00:00+00:00,C,A,20.446067810058594,14.668500000000003,5.77756781005859
Valenzuela,2026-09-03T00:00:00+00:00,D,A,18.585718154907227,14.668500000000003,3.917218154907223
Valenzuela,2026-09-03T00:00:00+00:00,A,B,18.217130661010742,14.668500000000003,3.5486306610107388
Valenzuela,2026-09-03T00:00:00+00:00,B,B,18.59832763671875,14.668500000000003,3.9298276367187466
Valenzuela,2026-09-03T00:00:00+00:00,C,B,20.446067810058594,14.668500000000003,5.77756781005859
Valenzuela,2026-09-03T00:00:00+00:00,D,B,18.585718154907227,14.668500000000003,3.917218154907223
Valenzuela,2026-09-03T00:00:00+00:00,A,S,17.913419723510742,14.668500000000003,3.2449197235107388
Valenzuela,2026-09-03T00:00:00+00:00,B,S,20.784515380859375,14.668500000000003,6.116015380859372
Valenzuela,2026-09-03T00:00:00+00:00,C,S,17.39643669128418,14.668500000000003,2.7279366912841763
Valenzuela,2026-09-03T00:00:00+00:00,D,S,15.37493896484375,14.668500000000003,0.7064389648437466
Valenzuela,2026-09-03T00:00:00+00:00,A,C,19.77155113220215,14.668500000000003,5.103051132202145
Valenzuela,2026-09-03T00:00:00+00:00,B,C,20.455665588378906,14.668500000000003,5.787165588378903
Valenzuela,2026-09-03T00:00:00+00:00,C,C,17.36505699157715,14.668500000000003,2.696556991577145
Valenzuela,2026-09-03T00:00:00+00:00,D,C,15.37493896484375,14.668500000000003,0.7064389648437466
Valenzuela,2026-09-04T00:00:00+00:00,A,A,14.621991157531738,15.291681818181816,0.6696906606500779
Valenzuela,2026-09-04T00:00:00+00:00,B,A,17.273481369018555,15.291681818181816,1.9817995508367385
Valenzuela,2026-09-04T00:00:00+00:00,C,A,15.964424133300781,15.291681818181816,0.6727423151189651
Valenzuela,2026-09-04T00:00:00+00:00,D,A,15.621647834777832,15.291681818181816,0.3299660165960159
Valenzuela,2026-09-04T00:00:00+00:00,A,B,14.621991157531738,15.291681818181816,0.6696906606500779
Valenzuela,2026-09-04T00:00:00+00:00,B,B,17.273481369018555,15.291681818181816,1.9817995508367385
Valenzuela,2026-09-04T00:00:00+00:00,C,B,15.964424133300781,15.291681818181816,0.6727423151189651
Valenzuela,2026-09-04T00:00:00+00:00,D,B,15.621647834777832,15.291681818181816,0.3299660165960159
Valenzuela,2026-09-04T00:00:00+00:00,A,S,14.785351753234863,15.291681818181816,0.5063300649469529
Valenzuela,2026-09-04T00:00:00+00:00,B,S,13.36444091796875,15.291681818181816,1.9272409002130662
Valenzuela,2026-09-04T00:00:00+00:00,C,S,16.465600967407227,15.291681818181816,1.1739191492254104
Valenzuela,2026-09-04T00:00:00+00:00,D,S,19.946474075317383,15.291681818181816,4.654792257135567
Valenzuela,2026-09-04T00:00:00+00:00,A,C,14.573928833007812,15.291681818181816,0.7177529851740037
Valenzuela,2026-09-04T00:00:00+00:00,B,C,14.611279487609863,15.291681818181816,0.6804023305719529
Valenzuela,2026-09-04T00:00:00+00:00,C,C,16.016883850097656,15.291681818181816,0.7252020319158401
Valenzuela,2026-09-04T00:00:00+00:00,D,C,19.946474075317383,15.291681818181816,4.654792257135567
Valenzuela,2026-09-05T00:00:00+00:00,A,A,11.232353210449219,15.44631578947368,4.213962579024461
Valenzuela,2026-09-05T00:00:00+00:00,B,A,12.644652366638184,15.44631578947368,2.801663422835496
Valenzuela,2026-09-05T00:00:00+00:00,C,A,12.071106910705566,15.44631578947368,3.375208878768113
Valenzuela,2026-09-05T00:00:00+00:00,D,A,13.680485725402832,15.44631578947368,1.7658300640708475
Valenzuela,2026-09-05T00:00:00+00:00,A,B,11.232353210449219,15.44631578947368,4.213962579024461
Valenzuela,2026-09-05T00:00:00+00:00,B,B,12.644652366638184,15.44631578947368,2.801663422835496
Valenzuela,2026-09-05T00:00:00+00:00,C,B,12.071106910705566,15.44631578947368,3.375208878768113
Valenzuela,2026-09-05T00:00:00+00:00,D,B,13.680485725402832,15.44631578947368,1.7658300640708475
Valenzuela,2026-09-05T00:00:00+00:00,A,S,11.4979248046875,15.44631578947368,3.9483909847861796
Valenzuela,2026-09-05T00:00:00+00:00,B,S,13.756049156188965,15.44631578947368,1.6902666332847147
Valenzuela,2026-09-05T00:00:00+00:00,C,S,11.529975891113281,15.44631578947368,3.9163398983603983
Valenzuela,2026-09-05T00:00:00+00:00,D,S,12.195145606994629,15.44631578947368,3.2511701824790507
Valenzuela,2026-09-05T00:00:00+00:00,A,C,12.227447509765625,15.44631578947368,3.2188682797080546
Valenzuela,2026-09-05T00:00:00+00:00,B,C,14.149696350097656,15.44631578947368,1.2966194393760233
Valenzuela,2026-09-05T00:00:00+00:00,C,C,10.592618942260742,15.44631578947368,4.853696847212937
Valenzuela,2026-09-05T00:00:00+00:00,D,C,12.195145606994629,15.44631578947368,3.2511701824790507
Valenzuela,2026-09-06T00:00:00+00:00,A,A,12.807754516601562,9.7265,3.081254516601563
Valenzuela,2026-09-06T00:00:00+00:00,B,A,13.007560729980469,9.7265,3.281060729980469
Valenzuela,2026-09-06T00:00:00+00:00,C,A,12.322497367858887,9.7265,2.595997367858887
Valenzuela,2026-09-06T00:00:00+00:00,D,A,14.219922065734863,9.7265,4.493422065734864
Valenzuela,2026-09-06T00:00:00+00:00,A,B,12.807754516601562,9.7265,3.081254516601563
Valenzuela,2026-09-06T00:00:00+00:00,B,B,13.007560729980469,9.7265,3.281060729980469
Valenzuela,2026-09-06T00:00:00+00:00,C,B,12.322497367858887,9.7265,2.595997367858887
Valenzuela,2026-09-06T00:00:00+00:00,D,B,14.219922065734863,9.7265,4.493422065734864
Valenzuela,2026-09-06T00:00:00+00:00,A,S,11.62633228302002,9.7265,1.8998322830200198
Valenzuela,2026-09-06T00:00:00+00:00,B,S,12.046318054199219,9.7265,2.319818054199219
Valenzuela,2026-09-06T00:00:00+00:00,C,S,10.844654083251953,9.7265,1.1181540832519534
Valenzuela,2026-09-06T00:00:00+00:00,D,S,12.86534595489502,9.7265,3.13884595489502
Valenzuela,2026-09-06T00:00:00+00:00,A,C,12.693678855895996,9.7265,2.9671788558959964
Valenzuela,2026-09-06T00:00:00+00:00,B,C,12.458325386047363,9.7265,2.7318253860473636
Valenzuela,2026-09-06T00:00:00+00:00,C,C,11.552495002746582,9.7265,1.8259950027465823
Valenzuela,2026-09-06T00:00:00+00:00,D,C,12.86534595489502,9.7265,3.13884595489502
Valenzuela,2026-09-07T00:00:00+00:00,A,A,10.83953857421875,18.80388888888889,7.964350314670138
Valenzuela,2026-09-07T00:00:00+00:00,B,A,9.94973087310791,18.80388888888889,8.854158015780978
Valenzuela,2026-09-07T00:00:00+00:00,C,A,12.247283935546875,18.80388888888889,6.556604953342013
Valenzuela,2026-09-07T00:00:00+00:00,D,A,12.725373268127441,18.80388888888889,6.078515620761447
Valenzuela,2026-09-07T00:00:00+00:00,A,B,10.83953857421875,18.80388888888889,7.964350314670138
Valenzuela,2026-09-07T00:00:00+00:00,B,B,9.94973087310791,18.80388888888889,8.854158015780978
Valenzuela,2026-09-07T00:00:00+00:00,C,B,12.247283935546875,18.80388888888889,6.556604953342013
Valenzuela,2026-09-07T00:00:00+00:00,D,B,12.725373268127441,18.80388888888889,6.078515620761447
Valenzuela,2026-09-07T00:00:00+00:00,A,S,11.018275260925293,18.80388888888889,7.7856136279635955
Valenzuela,2026-09-07T00:00:00+00:00,B,S,11.7976655960083,18.80388888888889,7.006223292880588
Valenzuela,2026-09-07T00:00:00+00:00,C,S,11.741241455078125,18.80388888888889,7.062647433810763
Valenzuela,2026-09-07T00:00:00+00:00,D,S,12.51002025604248,18.80388888888889,6.293868632846408
Valenzuela,2026-09-07T00:00:00+00:00,A,C,11.884688377380371,18.80388888888889,6.919200511508517
Valenzuela,2026-09-07T00:00:00+00:00,B,C,12.23263931274414,18.80388888888889,6.571249576144748
Valenzuela,2026-09-07T00:00:00+00:00,C,C,11.717534065246582,18.80388888888889,7.086354823642306
Valenzuela,2026-09-07T00:00:00+00:00,D,C,12.51002025604248,18.80388888888889,6.293868632846408
Valenzuela,2026-09-08T00:00:00+00:00,A,A,13.47396469116211,17.474,4.000035308837891
Valenzuela,2026-09-08T00:00:00+00:00,B,A,10.747746467590332,17.474,6.726253532409668
Valenzuela,2026-09-08T00:00:00+00:00,C,A,12.656757354736328,17.474,4.817242645263672
Valenzuela,2026-09-08T00:00:00+00:00,D,A,13.867836952209473,17.474,3.6061630477905275
Valenzuela,2026-09-08T00:00:00+00:00,A,B,13.47396469116211,17.474,4.000035308837891
Valenzuela,2026-09-08T00:00:00+00:00,B,B,10.747746467590332,17.474,6.726253532409668
Valenzuela,2026-09-08T00:00:00+00:00,C,B,12.656757354736328,17.474,4.817242645263672
Valenzuela,2026-09-08T00:00:00+00:00,D,B,13.867836952209473,17.474,3.6061630477905275
Valenzuela,2026-09-08T00:00:00+00:00,A,S,13.883708000183105,17.474,3.5902919998168947
Valenzuela,2026-09-08T00:00:00+00:00,B,S,12.010337829589844,17.474,5.4636621704101564
Valenzuela,2026-09-08T00:00:00+00:00,C,S,14.458989143371582,17.474,3.015010856628418
Valenzuela,2026-09-08T00:00:00+00:00,D,S,22.00065040588379,17.474,4.526650405883789
Valenzuela,2026-09-08T00:00:00+00:00,A,C,13.839515686035156,17.474,3.634484313964844
Valenzuela,2026-09-08T00:00:00+00:00,B,C,12.041668891906738,17.474,5.432331108093262
Valenzuela,2026-09-08T00:00:00+00:00,C,C,14.548544883728027,17.474,2.925455116271973
Valenzuela,2026-09-08T00:00:00+00:00,D,C,22.00065040588379,17.474,4.526650405883789
Valenzuela,2026-09-14T00:00:00+00:00,A,A,11.436841011047363,19.60608695652174,8.169245945474376
Valenzuela,2026-09-14T00:00:00+00:00,B,A,13.180587768554688,19.60608695652174,6.425499187967052
Valenzuela,2026-09-14T00:00:00+00:00,C,A,13.543185234069824,19.60608695652174,6.062901722451915
Valenzuela,2026-09-14T00:00:00+00:00,D,A,14.706722259521484,19.60608695652174,4.899364697000255
Valenzuela,2026-09-14T00:00:00+00:00,A,B,11.436841011047363,19.60608695652174,8.169245945474376
Valenzuela,2026-09-14T00:00:00+00:00,B,B,13.180587768554688,19.60608695652174,6.425499187967052
Valenzuela,2026-09-14T00:00:00+00:00,C,B,13.543185234069824,19.60608695652174,6.062901722451915
Valenzuela,2026-09-14T00:00:00+00:00,D,B,14.706722259521484,19.60608695652174,4.899364697000255
Valenzuela,2026-09-14T00:00:00+00:00,A,S,10.620102882385254,19.60608695652174,8.985984074136486
Valenzuela,2026-09-14T00:00:00+00:00,B,S,13.913334846496582,19.60608695652174,5.6927521100251575
Valenzuela,2026-09-14T00:00:00+00:00,C,S,13.8593168258667,19.60608695652174,5.74677013065504
Valenzuela,2026-09-14T00:00:00+00:00,D,S,13.281033515930176,19.60608695652174,6.325053440591564
Valenzuela,2026-09-14T00:00:00+00:00,A,C,12.995749473571777,19.60608695652174,6.610337482949962
Valenzuela,2026-09-14T00:00:00+00:00,B,C,14.188957214355469,19.60608695652174,5.417129742166271
Valenzuela,2026-09-14T00:00:00+00:00,C,C,14.276721000671387,19.60608695652174,5.329365955850353
Valenzuela,2026-09-14T00:00:00+00:00,D,C,13.281033515930176,19.60608695652174,6.325053440591564
Valenzuela,2026-09-15T00:00:00+00:00,A,A,15.158531188964844,23.8675,8.708968811035156
Valenzuela,2026-09-15T00:00:00+00:00,B,A,13.725077629089355,23.8675,10.142422370910644
Valenzuela,2026-09-15T00:00:00+00:00,C,A,13.657554626464844,23.8675,10.209945373535156
Valenzuela,2026-09-15T00:00:00+00:00,D,A,14.180442810058594,23.8675,9.687057189941406
Valenzuela,2026-09-15T00:00:00+00:00,A,B,15.158531188964844,23.8675,8.708968811035156
Valenzuela,2026-09-15T00:00:00+00:00,B,B,13.725077629089355,23.8675,10.142422370910644
Valenzuela,2026-09-15T00:00:00+00:00,C,B,13.657554626464844,23.8675,10.209945373535156
Valenzuela,2026-09-15T00:00:00+00:00,D,B,14.180442810058594,23.8675,9.687057189941406
Valenzuela,2026-09-15T00:00:00+00:00,A,S,14.996047019958496,23.8675,8.871452980041504
Valenzuela,2026-09-15T00:00:00+00:00,B,S,13.736872673034668,23.8675,10.130627326965332
Valenzuela,2026-09-15T00:00:00+00:00,C,S,13.761698722839355,23.8675,10.105801277160644
Valenzuela,2026-09-15T00:00:00+00:00,D,S,15.568638801574707,23.8675,8.298861198425293
Valenzuela,2026-09-15T00:00:00+00:00,A,C,16.034168243408203,23.8675,7.833331756591797
Valenzuela,2026-09-15T00:00:00+00:00,B,C,14.037551879882812,23.8675,9.829948120117187
Valenzuela,2026-09-15T00:00:00+00:00,C,C,13.60285472869873,23.8675,10.26464527130127
Valenzuela,2026-09-15T00:00:00+00:00,D,C,15.568638801574707,23.8675,8.298861198425293
Valenzuela,2026-09-18T00:00:00+00:00,A,A,11.659045219421387,32.205000000000005,20.54595478057862
Valenzuela,2026-09-18T00:00:00+00:00,B,A,14.548042297363281,32.205000000000005,17.656957702636724
Valenzuela,2026-09-18T00:00:00+00:00,C,A,14.182223320007324,32.205000000000005,18.02277667999268
Valenzuela,2026-09-18T00:00:00+00:00,D,A,25.983884811401367,32.205000000000005,6.221115188598638
Valenzuela,2026-09-18T00:00:00+00:00,A,B,11.659045219421387,32.205000000000005,20.54595478057862
Valenzuela,2026-09-18T00:00:00+00:00,B,B,14.548042297363281,32.205000000000005,17.656957702636724
Valenzuela,2026-09-18T00:00:00+00:00,C,B,14.182223320007324,32.205000000000005,18.02277667999268
Valenzuela,2026-09-18T00:00:00+00:00,D,B,25.983884811401367,32.205000000000005,6.221115188598638
Valenzuela,2026-09-18T00:00:00+00:00,A,S,13.139382362365723,32.205000000000005,19.065617637634283
Valenzuela,2026-09-18T00:00:00+00:00,B,S,12.539996147155762,32.205000000000005,19.665003852844244
Valenzuela,2026-09-18T00:00:00+00:00,C,S,15.103114128112793,32.205000000000005,17.101885871887212
Valenzuela,2026-09-18T00:00:00+00:00,D,S,17.6640567779541,32.205000000000005,14.540943222045904
Valenzuela,2026-09-18T00:00:00+00:00,A,C,12.536784172058105,32.205000000000005,19.6682158279419
Valenzuela,2026-09-18T00:00:00+00:00,B,C,12.946589469909668,32.205000000000005,19.258410530090337
Valenzuela,2026-09-18T00:00:00+00:00,C,C,14.845324516296387,32.205000000000005,17.35967548370362
Valenzuela,2026-09-18T00:00:00+00:00,D,C,17.6640567779541,32.205000000000005,14.540943222045904
Valenzuela,2026-09-19T00:00:00+00:00,A,A,12.824172973632812,27.916666666666668,15.092493693033855
Valenzuela,2026-09-19T00:00:00+00:00,B,A,15.660597801208496,27.916666666666668,12.256068865458172
Valenzuela,2026-09-19T00:00:00+00:00,C,A,16.710874557495117,27.916666666666668,11.20579210917155
Valenzuela,2026-09-19T00:00:00+00:00,D,A,18.003524780273438,27.916666666666668,9.91314188639323
Valenzuela,2026-09-19T00:00:00+00:00,A,B,12.824172973632812,27.916666666666668,15.092493693033855
Valenzuela,2026-09-19T00:00:00+00:00,B,B,15.660597801208496,27.916666666666668,12.256068865458172
Valenzuela,2026-09-19T00:00:00+00:00,C,B,16.710874557495117,27.916666666666668,11.20579210917155
Valenzuela,2026-09-19T00:00:00+00:00,D,B,18.003524780273438,27.916666666666668,9.91314188639323
Valenzuela,2026-09-19T00:00:00+00:00,A,S,13.206645011901855,27.916666666666668,14.710021654764812
Valenzuela,2026-09-19T00:00:00+00:00,B,S,15.999771118164062,27.916666666666668,11.916895548502605
Valenzuela,2026-09-19T00:00:00+00:00,C,S,16.43718719482422,27.916666666666668,11.479479471842449
Valenzuela,2026-09-19T00:00:00+00:00,D,S,20.818559646606445,27.916666666666668,7.0981070200602225
Valenzuela,2026-09-19T00:00:00+00:00,A,C,14.272720336914062,27.916666666666668,13.643946329752605
Valenzuela,2026-09-19T00:00:00+00:00,B,C,16.341936111450195,27.916666666666668,11.574730555216473
Valenzuela,2026-09-19T00:00:00+00:00,C,C,16.169586181640625,27.916666666666668,11.747080485026043
Valenzuela,2026-09-19T00:00:00+00:00,D,C,20.818559646606445,27.916666666666668,7.0981070200602225
Valenzuela,2026-09-20T00:00:00+00:00,A,A,12.589694023132324,20.83181818181818,8.242124158685854
Valenzuela,2026-09-20T00:00:00+00:00,B,A,11.308735847473145,20.83181818181818,9.523082334345034
Valenzuela,2026-09-20T00:00:00+00:00,C,A,15.610648155212402,20.83181818181818,5.221170026605776
Valenzuela,2026-09-20T00:00:00+00:00,D,A,15.497775077819824,20.83181818181818,5.334043103998354
Valenzuela,2026-09-20T00:00:00+00:00,A,B,12.589694023132324,20.83181818181818,8.242124158685854
Valenzuela,2026-09-20T00:00:00+00:00,B,B,11.308735847473145,20.83181818181818,9.523082334345034
Valenzuela,2026-09-20T00:00:00+00:00,C,B,15.610648155212402,20.83181818181818,5.221170026605776
Valenzuela,2026-09-20T00:00:00+00:00,D,B,15.497775077819824,20.83181818181818,5.334043103998354
Valenzuela,2026-09-20T00:00:00+00:00,A,S,13.276229858398438,20.83181818181818,7.555588323419741
Valenzuela,2026-09-20T00:00:00+00:00,B,S,14.056050300598145,20.83181818181818,6.775767881220034
Valenzuela,2026-09-20T00:00:00+00:00,C,S,14.597060203552246,20.83181818181818,6.234757978265932
Valenzuela,2026-09-20T00:00:00+00:00,D,S,17.888992309570312,20.83181818181818,2.942825872247866
Valenzuela,2026-09-20T00:00:00+00:00,A,C,13.167648315429688,20.83181818181818,7.664169866388491
Valenzuela,2026-09-20T00:00:00+00:00,B,C,13.76205825805664,20.83181818181818,7.069759923761538
Valenzuela,2026-09-20T00:00:00+00:00,C,C,15.697846412658691,20.83181818181818,5.133971769159487
Valenzuela,2026-09-20T00:00:00+00:00,D,C,17.888992309570312,20.83181818181818,2.942825872247866
Valenzuela,2026-09-21T00:00:00+00:00,A,A,13.42199420928955,18.026363636363637,4.6043694270740865
Valenzuela,2026-09-21T00:00:00+00:00,B,A,15.358887672424316,18.026363636363637,2.667475963939321
Valenzuela,2026-09-21T00:00:00+00:00,C,A,16.3193416595459,18.026363636363637,1.7070219768177388
Valenzuela,2026-09-21T00:00:00+00:00,D,A,15.504837036132812,18.026363636363637,2.5215266002308248
Valenzuela,2026-09-21T00:00:00+00:00,A,B,13.42199420928955,18.026363636363637,4.6043694270740865
Valenzuela,2026-09-21T00:00:00+00:00,B,B,15.358887672424316,18.026363636363637,2.667475963939321
Valenzuela,2026-09-21T00:00:00+00:00,C,B,16.3193416595459,18.026363636363637,1.7070219768177388
Valenzuela,2026-09-21T00:00:00+00:00,D,B,15.504837036132812,18.026363636363637,2.5215266002308248
Valenzuela,2026-09-21T00:00:00+00:00,A,S,13.732617378234863,18.026363636363637,4.293746258128774
Valenzuela,2026-09-21T00:00:00+00:00,B,S,14.450478553771973,18.026363636363637,3.5758850825916646
Valenzuela,2026-09-21T00:00:00+00:00,C,S,15.44273853302002,18.026363636363637,2.5836251033436177
Valenzuela,2026-09-21T00:00:00+00:00,D,S,15.374641418457031,18.026363636363637,2.651722217906606
Valenzuela,2026-09-21T00:00:00+00:00,A,C,14.547530174255371,18.026363636363637,3.478833462108266
Valenzuela,2026-09-21T00:00:00+00:00,B,C,14.85362720489502,18.026363636363637,3.1727364314686177
Valenzuela,2026-09-21T00:00:00+00:00,C,C,17.597145080566406,18.026363636363637,0.429218555797231
Valenzuela,2026-09-21T00:00:00+00:00,D,C,15.374641418457031,18.026363636363637,2.651722217906606
Valenzuela,2026-09-22T00:00:00+00:00,A,A,11.754859924316406,23.299999999999997,11.545140075683591
Valenzuela,2026-09-22T00:00:00+00:00,B,A,12.290766716003418,23.299999999999997,11.00923328399658
Valenzuela,2026-09-22T00:00:00+00:00,C,A,12.153922080993652,23.299999999999997,11.146077919006345
Valenzuela,2026-09-22T00:00:00+00:00,D,A,15.603935241699219,23.299999999999997,7.696064758300778
Valenzuela,2026-09-22T00:00:00+00:00,A,B,11.754859924316406,23.299999999999997,11.545140075683591
Valenzuela,2026-09-22T00:00:00+00:00,B,B,12.290766716003418,23.299999999999997,11.00923328399658
Valenzuela,2026-09-22T00:00:00+00:00,C,B,12.153922080993652,23.299999999999997,11.146077919006345
Valenzuela,2026-09-22T00:00:00+00:00,D,B,15.603935241699219,23.299999999999997,7.696064758300778
Valenzuela,2026-09-22T00:00:00+00:00,A,S,11.674591064453125,23.299999999999997,11.625408935546872
Valenzuela,2026-09-22T00:00:00+00:00,B,S,11.902606964111328,23.299999999999997,11.397393035888669
Valenzuela,2026-09-22T00:00:00+00:00,C,S,12.361737251281738,23.299999999999997,10.938262748718259
Valenzuela,2026-09-22T00:00:00+00:00,D,S,18.0577335357666,23.299999999999997,5.242266464233396
Valenzuela,2026-09-22T00:00:00+00:00,A,C,12.1664457321167,23.299999999999997,11.133554267883298
Valenzuela,2026-09-22T00:00:00+00:00,B,C,11.89538288116455,23.299999999999997,11.404617118835446
Valenzuela,2026-09-22T00:00:00+00:00,C,C,12.526664733886719,23.299999999999997,10.773335266113278
Valenzuela,2026-09-22T00:00:00+00:00,D,C,18.0577335357666,23.299999999999997,5.242266464233396
Valenzuela,2026-09-23T00:00:00+00:00,A,A,13.411109924316406,27.47619047619047,14.065080551874065
Valenzuela,2026-09-23T00:00:00+00:00,B,A,13.460877418518066,27.47619047619047,14.015313057672405
Valenzuela,2026-09-23T00:00:00+00:00,C,A,15.353514671325684,27.47619047619047,12.122675804864787
Valenzuela,2026-09-23T00:00:00+00:00,D,A,18.536794662475586,27.47619047619047,8.939395813714885
Valenzuela,2026-09-23T00:00:00+00:00,A,B,13.411109924316406,27.47619047619047,14.065080551874065
Valenzuela,2026-09-23T00:00:00+00:00,B,B,13.460877418518066,27.47619047619047,14.015313057672405
Valenzuela,2026-09-23T00:00:00+00:00,C,B,15.353514671325684,27.47619047619047,12.122675804864787
Valenzuela,2026-09-23T00:00:00+00:00,D,B,18.536794662475586,27.47619047619047,8.939395813714885
Valenzuela,2026-09-23T00:00:00+00:00,A,S,13.594531059265137,27.47619047619047,13.881659416925334
Valenzuela,2026-09-23T00:00:00+00:00,B,S,14.255180358886719,27.47619047619047,13.221010117303752
Valenzuela,2026-09-23T00:00:00+00:00,C,S,14.000465393066406,27.47619047619047,13.475725083124065
Valenzuela,2026-09-23T00:00:00+00:00,D,S,19.69408416748047,27.47619047619047,7.782106308710002
Valenzuela,2026-09-23T00:00:00+00:00,A,C,13.781082153320312,27.47619047619047,13.695108322870158
Valenzuela,2026-09-23T00:00:00+00:00,B,C,14.401333808898926,27.47619047619047,13.074856667291545
Valenzuela,2026-09-23T00:00:00+00:00,C,C,14.628662109375,27.47619047619047,12.847528366815471
Valenzuela,2026-09-23T00:00:00+00:00,D,C,19.69408416748047,27.47619047619047,7.782106308710002
Valenzuela,2026-09-25T00:00:00+00:00,A,A,14.617114067077637,24.881052631578946,10.26393856450131
Valenzuela,2026-09-25T00:00:00+00:00,B,A,15.87499713897705,24.881052631578946,9.006055492601895
Valenzuela,2026-09-25T00:00:00+00:00,C,A,15.64709758758545,24.881052631578946,9.233955043993497
Valenzuela,2026-09-25T00:00:00+00:00,D,A,20.765470504760742,24.881052631578946,4.115582126818204
Valenzuela,2026-09-25T00:00:00+00:00,A,B,14.617114067077637,24.881052631578946,10.26393856450131
Valenzuela,2026-09-25T00:00:00+00:00,B,B,15.87499713897705,24.881052631578946,9.006055492601895
Valenzuela,2026-09-25T00:00:00+00:00,C,B,15.64709758758545,24.881052631578946,9.233955043993497
Valenzuela,2026-09-25T00:00:00+00:00,D,B,20.765470504760742,24.881052631578946,4.115582126818204
Valenzuela,2026-09-25T00:00:00+00:00,A,S,15.022997856140137,24.881052631578946,9.85805477543881
Valenzuela,2026-09-25T00:00:00+00:00,B,S,19.849641799926758,24.881052631578946,5.031410831652188
Valenzuela,2026-09-25T00:00:00+00:00,C,S,16.277751922607422,24.881052631578946,8.603300708971524
Valenzuela,2026-09-25T00:00:00+00:00,D,S,23.355649948120117,24.881052631578946,1.5254026834588288
Valenzuela,2026-09-25T00:00:00+00:00,A,C,14.26500415802002,24.881052631578946,10.616048473558926
Valenzuela,2026-09-25T00:00:00+00:00,B,C,19.042943954467773,24.881052631578946,5.8381086771111725
Valenzuela,2026-09-25T00:00:00+00:00,C,C,16.402515411376953,24.881052631578946,8.478537220201993
Valenzuela,2026-09-25T00:00:00+00:00,D,C,23.355649948120117,24.881052631578946,1.5254026834588288
Valenzuela,2026-09-26T00:00:00+00:00,A,A,9.77916145324707,29.900000000000002,20.120838546752932
Valenzuela,2026-09-26T00:00:00+00:00,B,A,10.43639850616455,29.900000000000002,19.46360149383545
Valenzuela,2026-09-26T00:00:00+00:00,C,A,11.560603141784668,29.900000000000002,18.339396858215334
Valenzuela,2026-09-26T00:00:00+00:00,D,A,12.049945831298828,29.900000000000002,17.850054168701174
Valenzuela,2026-09-26T00:00:00+00:00,A,B,9.77916145324707,29.900000000000002,20.120838546752932
Valenzuela,2026-09-26T00:00:00+00:00,B,B,10.43639850616455,29.900000000000002,19.46360149383545
Valenzuela,2026-09-26T00:00:00+00:00,C,B,11.560603141784668,29.900000000000002,18.339396858215334
Valenzuela,2026-09-26T00:00:00+00:00,D,B,12.049945831298828,29.900000000000002,17.850054168701174
Valenzuela,2026-09-26T00:00:00+00:00,A,S,12.597575187683105,29.900000000000002,17.302424812316897
Valenzuela,2026-09-26T00:00:00+00:00,B,S,10.788823127746582,29.900000000000002,19.11117687225342
Valenzuela,2026-09-26T00:00:00+00:00,C,S,13.044990539550781,29.900000000000002,16.85500946044922
Valenzuela,2026-09-26T00:00:00+00:00,D,S,12.899737358093262,29.900000000000002,17.00026264190674
Valenzuela,2026-09-26T00:00:00+00:00,A,C,11.571446418762207,29.900000000000002,18.328553581237795
Valenzuela,2026-09-26T00:00:00+00:00,B,C,10.19926929473877,29.900000000000002,19.700730705261233
Valenzuela,2026-09-26T00:00:00+00:00,C,C,12.42165756225586,29.900000000000002,17.478342437744143
Valenzuela,2026-09-26T00:00:00+00:00,D,C,12.899737358093262,29.900000000000002,17.00026264190674
Valenzuela,2026-09-27T00:00:00+00:00,A,A,13.90510082244873,28.650000000000002,14.744899177551272
Valenzuela,2026-09-27T00:00:00+00:00,B,A,12.498672485351562,28.650000000000002,16.15132751464844
Valenzuela,2026-09-27T00:00:00+00:00,C,A,14.090571403503418,28.650000000000002,14.559428596496584
Valenzuela,2026-09-27T00:00:00+00:00,D,A,15.26213550567627,28.650000000000002,13.387864494323733
Valenzuela,2026-09-27T00:00:00+00:00,A,B,13.90510082244873,28.650000000000002,14.744899177551272
Valenzuela,2026-09-27T00:00:00+00:00,B,B,12.498672485351562,28.650000000000002,16.15132751464844
Valenzuela,2026-09-27T00:00:00+00:00,C,B,14.090571403503418,28.650000000000002,14.559428596496584
Valenzuela,2026-09-27T00:00:00+00:00,D,B,15.26213550567627,28.650000000000002,13.387864494323733
Valenzuela,2026-09-27T00:00:00+00:00,A,S,13.427353858947754,28.650000000000002,15.222646141052248
Valenzuela,2026-09-27T00:00:00+00:00,B,S,11.640305519104004,28.650000000000002,17.009694480896
Valenzuela,2026-09-27T00:00:00+00:00,C,S,13.827683448791504,28.650000000000002,14.822316551208498
Valenzuela,2026-09-27T00:00:00+00:00,D,S,14.947150230407715,28.650000000000002,13.702849769592287
Valenzuela,2026-09-27T00:00:00+00:00,A,C,13.004150390625,28.650000000000002,15.645849609375002
Valenzuela,2026-09-27T00:00:00+00:00,B,C,11.8709716796875,28.650000000000002,16.779028320312502
Valenzuela,2026-09-27T00:00:00+00:00,C,C,13.148531913757324,28.650000000000002,15.501468086242678
Valenzuela,2026-09-27T00:00:00+00:00,D,C,14.947150230407715,28.650000000000002,13.702849769592287
Pasig,2026-08-14T00:00:00+00:00,A,A,11.29858112335205,15.64857142857143,4.349990305219379
Pasig,2026-08-14T00:00:00+00:00,B,A,13.111966133117676,15.64857142857143,2.5366052954537537
Pasig,2026-08-14T00:00:00+00:00,C,A,14.80414867401123,15.64857142857143,0.844422754560199
Pasig,2026-08-14T00:00:00+00:00,D,A,15.544201850891113,15.64857142857143,0.10436957768031618
Pasig,2026-08-14T00:00:00+00:00,A,B,11.29858112335205,15.64857142857143,4.349990305219379
Pasig,2026-08-14T00:00:00+00:00,B,B,13.111966133117676,15.64857142857143,2.5366052954537537
Pasig,2026-08-14T00:00:00+00:00,C,B,14.80414867401123,15.64857142857143,0.844422754560199
Pasig,2026-08-14T00:00:00+00:00,D,B,15.544201850891113,15.64857142857143,0.10436957768031618
Pasig,2026-08-14T00:00:00+00:00,A,S,13.093533515930176,15.64857142857143,2.5550379126412537
Pasig,2026-08-14T00:00:00+00:00,B,S,12.519092559814453,15.64857142857143,3.1294788687569763
Pasig,2026-08-14T00:00:00+00:00,C,S,14.83282470703125,15.64857142857143,0.8157467215401795
Pasig,2026-08-14T00:00:00+00:00,D,S,11.347137451171875,15.64857142857143,4.3014339773995545
Pasig,2026-08-14T00:00:00+00:00,A,C,12.892382621765137,15.64857142857143,2.7561888068062927
Pasig,2026-08-14T00:00:00+00:00,B,C,12.52322006225586,15.64857142857143,3.12535136631557
Pasig,2026-08-14T00:00:00+00:00,C,C,14.682777404785156,15.64857142857143,0.9657940237862732
Pasig,2026-08-14T00:00:00+00:00,D,C,11.347137451171875,15.64857142857143,4.3014339773995545
Pasig,2026-08-15T00:00:00+00:00,A,A,14.055755615234375,13.664736842105263,0.3910187731291117
Pasig,2026-08-15T00:00:00+00:00,B,A,14.357439994812012,13.664736842105263,0.6927031527067484
Pasig,2026-08-15T00:00:00+00:00,C,A,13.027009010314941,13.664736842105263,0.6377278317903219
Pasig,2026-08-15T00:00:00+00:00,D,A,16.273950576782227,13.664736842105263,2.6092137346769633
Pasig,2026-08-15T00:00:00+00:00,A,B,14.055755615234375,13.664736842105263,0.3910187731291117
Pasig,2026-08-15T00:00:00+00:00,B,B,14.357439994812012,13.664736842105263,0.6927031527067484
Pasig,2026-08-15T00:00:00+00:00,C,B,13.027009010314941,13.664736842105263,0.6377278317903219
Pasig,2026-08-15T00:00:00+00:00,D,B,16.273950576782227,13.664736842105263,2.6092137346769633
Pasig,2026-08-15T00:00:00+00:00,A,S,14.0412015914917,13.664736842105263,0.3764647493864359
Pasig,2026-08-15T00:00:00+00:00,B,S,13.54316234588623,13.664736842105263,0.12157449621903282
Pasig,2026-08-15T00:00:00+00:00,C,S,13.820401191711426,13.664736842105263,0.1556643496061625
Pasig,2026-08-15T00:00:00+00:00,D,S,22.62140655517578,13.664736842105263,8.956669713070518
Pasig,2026-08-15T00:00:00+00:00,A,C,15.117098808288574,13.664736842105263,1.452361966183311
Pasig,2026-08-15T00:00:00+00:00,B,C,14.770258903503418,13.664736842105263,1.1055220613981547
Pasig,2026-08-15T00:00:00+00:00,C,C,13.602948188781738,13.664736842105263,0.06178865332352501
Pasig,2026-08-15T00:00:00+00:00,D,C,22.62140655517578,13.664736842105263,8.956669713070518
Pasig,2026-08-16T00:00:00+00:00,A,A,15.295109748840332,10.643157894736841,4.6519518541034905
Pasig,2026-08-16T00:00:00+00:00,B,A,13.365132331848145,10.643157894736841,2.721974437111303
Pasig,2026-08-16T00:00:00+00:00,C,A,13.726033210754395,10.643157894736841,3.082875316017553
Pasig,2026-08-16T00:00:00+00:00,D,A,13.370465278625488,10.643157894736841,2.727307383888647
Pasig,2026-08-16T00:00:00+00:00,A,B,15.295109748840332,10.643157894736841,4.6519518541034905
Pasig,2026-08-16T00:00:00+00:00,B,B,13.365132331848145,10.643157894736841,2.721974437111303
Pasig,2026-08-16T00:00:00+00:00,C,B,13.726033210754395,10.643157894736841,3.082875316017553
Pasig,2026-08-16T00:00:00+00:00,D,B,13.370465278625488,10.643157894736841,2.727307383888647
Pasig,2026-08-16T00:00:00+00:00,A,S,15.240456581115723,10.643157894736841,4.597298686378881
Pasig,2026-08-16T00:00:00+00:00,B,S,13.463345527648926,10.643157894736841,2.8201876329120843
Pasig,2026-08-16T00:00:00+00:00,C,S,14.40081787109375,10.643157894736841,3.7576599763569085
Pasig,2026-08-16T00:00:00+00:00,D,S,12.530342102050781,10.643157894736841,1.8871842073139398
Pasig,2026-08-16T00:00:00+00:00,A,C,14.549942016601562,10.643157894736841,3.906784121864721
Pasig,2026-08-16T00:00:00+00:00,B,C,13.552627563476562,10.643157894736841,2.909469668739721
Pasig,2026-08-16T00:00:00+00:00,C,C,13.476397514343262,10.643157894736841,2.8332396196064202
Pasig,2026-08-16T00:00:00+00:00,D,C,12.530342102050781,10.643157894736841,1.8871842073139398
Pasig,2026-08-24T00:00:00+00:00,A,A,16.21482276916504,24.07777777777778,7.86295500861274
Pasig,2026-08-24T00:00:00+00:00,B,A,16.65350914001465,24.07777777777778,7.424268637763131
Pasig,2026-08-24T00:00:00+00:00,C,A,18.3937931060791,24.07777777777778,5.683984671698678
Pasig,2026-08-24T00:00:00+00:00,D,A,18.9914493560791,24.07777777777778,5.086328421698678
Pasig,2026-08-24T00:00:00+00:00,A,B,16.21482276916504,24.07777777777778,7.86295500861274
Pasig,2026-08-24T00:00:00+00:00,B,B,16.65350914001465,24.07777777777778,7.424268637763131
Pasig,2026-08-24T00:00:00+00:00,C,B,18.3937931060791,24.07777777777778,5.683984671698678
Pasig,2026-08-24T00:00:00+00:00,D,B,18.9914493560791,24.07777777777778,5.086328421698678
Pasig,2026-08-24T00:00:00+00:00,A,S,12.289118766784668,24.07777777777778,11.788659010993111
Pasig,2026-08-24T00:00:00+00:00,B,S,12.44083023071289,24.07777777777778,11.636947547064889
Pasig,2026-08-24T00:00:00+00:00,C,S,17.919260025024414,24.07777777777778,6.158517752753365
Pasig,2026-08-24T00:00:00+00:00,D,S,22.214338302612305,24.07777777777778,1.8634394751654746
Pasig,2026-08-24T00:00:00+00:00,A,C,14.643417358398438,24.07777777777778,9.434360419379342
Pasig,2026-08-24T00:00:00+00:00,B,C,13.243156433105469,24.07777777777778,10.83462134467231
Pasig,2026-08-24T00:00:00+00:00,C,C,18.78016471862793,24.07777777777778,5.29761305914985
Pasig,2026-08-24T00:00:00+00:00,D,C,22.214338302612305,24.07777777777778,1.8634394751654746
Pasig,2026-08-25T00:00:00+00:00,A,A,18.326616287231445,20.105555555555554,1.778939268324109
Pasig,2026-08-25T00:00:00+00:00,B,A,16.8435115814209,20.105555555555554,3.262043974134656
Pasig,2026-08-25T00:00:00+00:00,C,A,18.81611442565918,20.105555555555554,1.2894411298963746
Pasig,2026-08-25T00:00:00+00:00,D,A,17.813322067260742,20.105555555555554,2.292233488294812
Pasig,2026-08-25T00:00:00+00:00,A,B,18.326616287231445,20.105555555555554,1.778939268324109
Pasig,2026-08-25T00:00:00+00:00,B,B,16.8435115814209,20.105555555555554,3.262043974134656
Pasig,2026-08-25T00:00:00+00:00,C,B,18.81611442565918,20.105555555555554,1.2894411298963746
Pasig,2026-08-25T00:00:00+00:00,D,B,17.813322067260742,20.105555555555554,2.292233488294812
Pasig,2026-08-25T00:00:00+00:00,A,S,17.270261764526367,20.105555555555554,2.835293791029187
Pasig,2026-08-25T00:00:00+00:00,B,S,14.802871704101562,20.105555555555554,5.302683851453992
Pasig,2026-08-25T00:00:00+00:00,C,S,17.087495803833008,20.105555555555554,3.0180597517225465
Pasig,2026-08-25T00:00:00+00:00,D,S,20.715606689453125,20.105555555555554,0.6100511338975707
Pasig,2026-08-25T00:00:00+00:00,A,C,17.48517417907715,20.105555555555554,2.620381376478406
Pasig,2026-08-25T00:00:00+00:00,B,C,15.074684143066406,20.105555555555554,5.030871412489148
Pasig,2026-08-25T00:00:00+00:00,C,C,17.435752868652344,20.105555555555554,2.6698026869032105
Pasig,2026-08-25T00:00:00+00:00,D,C,20.715606689453125,20.105555555555554,0.6100511338975707
Pasig,2026-08-26T00:00:00+00:00,A,A,15.859278678894043,10.058499999999999,5.800778678894044
Pasig,2026-08-26T00:00:00+00:00,B,A,17.145435333251953,10.058499999999999,7.0869353332519545
Pasig,2026-08-26T00:00:00+00:00,C,A,17.71307945251465,10.058499999999999,7.65457945251465
Pasig,2026-08-26T00:00:00+00:00,D,A,14.654925346374512,10.058499999999999,4.596425346374513
Pasig,2026-08-26T00:00:00+00:00,A,B,15.859278678894043,10.058499999999999,5.800778678894044
Pasig,2026-08-26T00:00:00+00:00,B,B,17.145435333251953,10.058499999999999,7.0869353332519545
Pasig,2026-08-26T00:00:00+00:00,C,B,17.71307945251465,10.058499999999999,7.65457945251465
Pasig,2026-08-26T00:00:00+00:00,D,B,14.654925346374512,10.058499999999999,4.596425346374513
Pasig,2026-08-26T00:00:00+00:00,A,S,15.36298656463623,10.058499999999999,5.304486564636232
Pasig,2026-08-26T00:00:00+00:00,B,S,14.466601371765137,10.058499999999999,4.408101371765138
Pasig,2026-08-26T00:00:00+00:00,C,S,16.20037841796875,10.058499999999999,6.141878417968751
Pasig,2026-08-26T00:00:00+00:00,D,S,16.641935348510742,10.058499999999999,6.5834353485107435
Pasig,2026-08-26T00:00:00+00:00,A,C,15.897061347961426,10.058499999999999,5.838561347961427
Pasig,2026-08-26T00:00:00+00:00,B,C,15.104049682617188,10.058499999999999,5.045549682617189
Pasig,2026-08-26T00:00:00+00:00,C,C,15.761100769042969,10.058499999999999,5.70260076904297
Pasig,2026-08-26T00:00:00+00:00,D,C,16.641935348510742,10.058499999999999,6.5834353485107435
Pasig,2026-08-30T00:00:00+00:00,A,A,11.311556816101074,27.026315789473685,15.71475897337261
Pasig,2026-08-30T00:00:00+00:00,B,A,11.366303443908691,27.026315789473685,15.660012345564994
Pasig,2026-08-30T00:00:00+00:00,C,A,12.516514778137207,27.026315789473685,14.509801011336478
Pasig,2026-08-30T00:00:00+00:00,D,A,14.895886421203613,27.026315789473685,12.130429368270072
Pasig,2026-08-30T00:00:00+00:00,A,B,11.311556816101074,27.026315789473685,15.71475897337261
Pasig,2026-08-30T00:00:00+00:00,B,B,11.366303443908691,27.026315789473685,15.660012345564994
Pasig,2026-08-30T00:00:00+00:00,C,B,12.516514778137207,27.026315789473685,14.509801011336478
Pasig,2026-08-30T00:00:00+00:00,D,B,14.895886421203613,27.026315789473685,12.130429368270072
Pasig,2026-08-30T00:00:00+00:00,A,S,13.91589069366455,27.026315789473685,13.110425095809134
Pasig,2026-08-30T00:00:00+00:00,B,S,9.23955249786377,27.026315789473685,17.786763291609915
Pasig,2026-08-30T00:00:00+00:00,C,S,13.812454223632812,27.026315789473685,13.213861565840872
Pasig,2026-08-30T00:00:00+00:00,D,S,12.063786506652832,27.026315789473685,14.962529282820853
Pasig,2026-08-30T00:00:00+00:00,A,C,12.7433443069458,27.026315789473685,14.282971482527884
Pasig,2026-08-30T00:00:00+00:00,B,C,8.67827320098877,27.026315789473685,18.348042588484915
Pasig,2026-08-30T00:00:00+00:00,C,C,13.748290061950684,27.026315789473685,13.278025727523001
Pasig,2026-08-30T00:00:00+00:00,D,C,12.063786506652832,27.026315789473685,14.962529282820853
Pasig,2026-08-31T00:00:00+00:00,A,A,19.851503372192383,42.345,22.493496627807616
Pasig,2026-08-31T00:00:00+00:00,B,A,18.638696670532227,42.345,23.706303329467772
Pasig,2026-08-31T00:00:00+00:00,C,A,19.249616622924805,42.345,23.095383377075194
Pasig,2026-08-31T00:00:00+00:00,D,A,18.570680618286133,42.345,23.774319381713866
Pasig,2026-08-31T00:00:00+00:00,A,B,19.851503372192383,42.345,22.493496627807616
Pasig,2026-08-31T00:00:00+00:00,B,B,18.638696670532227,42.345,23.706303329467772
Pasig,2026-08-31T00:00:00+00:00,C,B,19.249616622924805,42.345,23.095383377075194
Pasig,2026-08-31T00:00:00+00:00,D,B,18.570680618286133,42.345,23.774319381713866
Pasig,2026-08-31T00:00:00+00:00,A,S,16.176565170288086,42.345,26.168434829711913
Pasig,2026-08-31T00:00:00+00:00,B,S,16.34968376159668,42.345,25.99531623840332
Pasig,2026-08-31T00:00:00+00:00,C,S,19.696565628051758,42.345,22.64843437194824
Pasig,2026-08-31T00:00:00+00:00,D,S,19.287437438964844,42.345,23.057562561035155
Pasig,2026-08-31T00:00:00+00:00,A,C,17.130544662475586,42.345,25.214455337524413
Pasig,2026-08-31T00:00:00+00:00,B,C,17.215084075927734,42.345,25.129915924072264
Pasig,2026-08-31T00:00:00+00:00,C,C,20.830026626586914,42.345,21.514973373413085
Pasig,2026-08-31T00:00:00+00:00,D,C,19.287437438964844,42.345,23.057562561035155
Pasig,2026-09-01T00:00:00+00:00,A,A,21.92474937438965,18.655000000000005,3.2697493743896437
Pasig,2026-09-01T00:00:00+00:00,B,A,21.854629516601562,18.655000000000005,3.199629516601558
Pasig,2026-09-01T00:00:00+00:00,C,A,22.76837730407715,18.655000000000005,4.113377304077144
Pasig,2026-09-01T00:00:00+00:00,D,A,27.6550350189209,18.655000000000005,9.000035018920894
Pasig,2026-09-01T00:00:00+00:00,A,B,21.92474937438965,18.655000000000005,3.2697493743896437
Pasig,2026-09-01T00:00:00+00:00,B,B,21.854629516601562,18.655000000000005,3.199629516601558
Pasig,2026-09-01T00:00:00+00:00,C,B,22.76837730407715,18.655000000000005,4.113377304077144
Pasig,2026-09-01T00:00:00+00:00,D,B,27.6550350189209,18.655000000000005,9.000035018920894
Pasig,2026-09-01T00:00:00+00:00,A,S,19.776124954223633,18.655000000000005,1.1211249542236281
Pasig,2026-09-01T00:00:00+00:00,B,S,20.909759521484375,18.655000000000005,2.2547595214843703
Pasig,2026-09-01T00:00:00+00:00,C,S,22.808168411254883,18.655000000000005,4.153168411254878
Pasig,2026-09-01T00:00:00+00:00,D,S,31.380395889282227,18.655000000000005,12.725395889282222
Pasig,2026-09-01T00:00:00+00:00,A,C,20.4290714263916,18.655000000000005,1.7740714263915969
Pasig,2026-09-01T00:00:00+00:00,B,C,21.708398818969727,18.655000000000005,3.053398818969722
Pasig,2026-09-01T00:00:00+00:00,C,C,24.270904541015625,18.655000000000005,5.61590454101562
Pasig,2026-09-01T00:00:00+00:00,D,C,31.380395889282227,18.655000000000005,12.725395889282222
Pasig,2026-09-03T00:00:00+00:00,A,A,17.75920867919922,9.071818181818182,8.687390497381037
Pasig,2026-09-03T00:00:00+00:00,B,A,16.61130714416504,9.071818181818182,7.539488962346857
Pasig,2026-09-03T00:00:00+00:00,C,A,17.5125732421875,9.071818181818182,8.440755060369318
Pasig,2026-09-03T00:00:00+00:00,D,A,14.325091361999512,9.071818181818182,5.2532731801813295
Pasig,2026-09-03T00:00:00+00:00,A,B,17.75920867919922,9.071818181818182,8.687390497381037
Pasig,2026-09-03T00:00:00+00:00,B,B,16.61130714416504,9.071818181818182,7.539488962346857
Pasig,2026-09-03T00:00:00+00:00,C,B,17.5125732421875,9.071818181818182,8.440755060369318
Pasig,2026-09-03T00:00:00+00:00,D,B,14.325091361999512,9.071818181818182,5.2532731801813295
Pasig,2026-09-03T00:00:00+00:00,A,S,17.63214874267578,9.071818181818182,8.560330560857599
Pasig,2026-09-03T00:00:00+00:00,B,S,17.059295654296875,9.071818181818182,7.987477472478693
Pasig,2026-09-03T00:00:00+00:00,C,S,17.56657600402832,9.071818181818182,8.494757822210138
Pasig,2026-09-03T00:00:00+00:00,D,S,14.931587219238281,9.071818181818182,5.859769037420099
Pasig,2026-09-03T00:00:00+00:00,A,C,16.86136817932129,9.071818181818182,7.789549997503107
Pasig,2026-09-03T00:00:00+00:00,B,C,18.0344295501709,9.071818181818182,8.962611368352716
Pasig,2026-09-03T00:00:00+00:00,C,C,16.645095825195312,9.071818181818182,7.57327764337713
Pasig,2026-09-03T00:00:00+00:00,D,C,14.931587219238281,9.071818181818182,5.859769037420099
Pasig,2026-09-04T00:00:00+00:00,A,A,11.885108947753906,8.159999999999998,3.725108947753908
Pasig,2026-09-04T00:00:00+00:00,B,A,11.848856925964355,8.159999999999998,3.688856925964357
Pasig,2026-09-04T00:00:00+00:00,C,A,12.93613052368164,8.159999999999998,4.776130523681642
Pasig,2026-09-04T00:00:00+00:00,D,A,10.314697265625,8.159999999999998,2.1546972656250016
Pasig,2026-09-04T00:00:00+00:00,A,B,11.885108947753906,8.159999999999998,3.725108947753908
Pasig,2026-09-04T00:00:00+00:00,B,B,11.848856925964355,8.159999999999998,3.688856925964357
Pasig,2026-09-04T00:00:00+00:00,C,B,12.93613052368164,8.159999999999998,4.776130523681642
Pasig,2026-09-04T00:00:00+00:00,D,B,10.314697265625,8.159999999999998,2.1546972656250016
Pasig,2026-09-04T00:00:00+00:00,A,S,11.483242988586426,8.159999999999998,3.3232429885864274
Pasig,2026-09-04T00:00:00+00:00,B,S,11.804550170898438,8.159999999999998,3.644550170898439
Pasig,2026-09-04T00:00:00+00:00,C,S,15.54407024383545,8.159999999999998,7.384070243835451
Pasig,2026-09-04T00:00:00+00:00,D,S,10.542950630187988,8.159999999999998,2.38295063018799
Pasig,2026-09-04T00:00:00+00:00,A,C,13.444670677185059,8.159999999999998,5.28467067718506
Pasig,2026-09-04T00:00:00+00:00,B,C,13.002379417419434,8.159999999999998,4.842379417419435
Pasig,2026-09-04T00:00:00+00:00,C,C,14.283236503601074,8.159999999999998,6.123236503601076
Pasig,2026-09-04T00:00:00+00:00,D,C,10.542950630187988,8.159999999999998,2.38295063018799
Pasig,2026-09-05T00:00:00+00:00,A,A,9.942131042480469,6.602857142857144,3.3392738996233247
Pasig,2026-09-05T00:00:00+00:00,B,A,9.911059379577637,6.602857142857144,3.3082022367204926
Pasig,2026-09-05T00:00:00+00:00,C,A,10.163762092590332,6.602857142857144,3.560904949733188
Pasig,2026-09-05T00:00:00+00:00,D,A,8.689493179321289,6.602857142857144,2.086636036464145
Pasig,2026-09-05T00:00:00+00:00,A,B,9.942131042480469,6.602857142857144,3.3392738996233247
Pasig,2026-09-05T00:00:00+00:00,B,B,9.911059379577637,6.602857142857144,3.3082022367204926
Pasig,2026-09-05T00:00:00+00:00,C,B,10.163762092590332,6.602857142857144,3.560904949733188
Pasig,2026-09-05T00:00:00+00:00,D,B,8.689493179321289,6.602857142857144,2.086636036464145
Pasig,2026-09-05T00:00:00+00:00,A,S,9.19497299194336,6.602857142857144,2.5921158490862153
Pasig,2026-09-05T00:00:00+00:00,B,S,10.894965171813965,6.602857142857144,4.292108028956821
Pasig,2026-09-05T00:00:00+00:00,C,S,10.285286903381348,6.602857142857144,3.6824297605242036
Pasig,2026-09-05T00:00:00+00:00,D,S,8.538182258605957,6.602857142857144,1.935325115748813
Pasig,2026-09-05T00:00:00+00:00,A,C,8.484100341796875,6.602857142857144,1.881243198939731
Pasig,2026-09-05T00:00:00+00:00,B,C,11.163243293762207,6.602857142857144,4.560386150905063
Pasig,2026-09-05T00:00:00+00:00,C,C,10.0380859375,6.602857142857144,3.435228794642856
Pasig,2026-09-05T00:00:00+00:00,D,C,8.538182258605957,6.602857142857144,1.935325115748813
Pasig,2026-09-06T00:00:00+00:00,A,A,9.008990287780762,6.665555555555556,2.343434732225206
Pasig,2026-09-06T00:00:00+00:00,B,A,11.18170166015625,6.665555555555556,4.516146104600694
Pasig,2026-09-06T00:00:00+00:00,C,A,10.281489372253418,6.665555555555556,3.6159338166978623
Pasig,2026-09-06T00:00:00+00:00,D,A,11.197888374328613,6.665555555555556,4.532332818773058
Pasig,2026-09-06T00:00:00+00:00,A,B,9.008990287780762,6.665555555555556,2.343434732225206
Pasig,2026-09-06T00:00:00+00:00,B,B,11.18170166015625,6.665555555555556,4.516146104600694
Pasig,2026-09-06T00:00:00+00:00,C,B,10.281489372253418,6.665555555555556,3.6159338166978623
Pasig,2026-09-06T00:00:00+00:00,D,B,11.197888374328613,6.665555555555556,4.532332818773058
Pasig,2026-09-06T00:00:00+00:00,A,S,9.49353313446045,6.665555555555556,2.8279775789048935
Pasig,2026-09-06T00:00:00+00:00,B,S,10.838446617126465,6.665555555555556,4.172891061570909
Pasig,2026-09-06T00:00:00+00:00,C,S,9.548385620117188,6.665555555555556,2.882830064561632
Pasig,2026-09-06T00:00:00+00:00,D,S,11.46352767944336,6.665555555555556,4.797972123887804
Pasig,2026-09-06T00:00:00+00:00,A,C,9.825596809387207,6.665555555555556,3.1600412538316514
Pasig,2026-09-06T00:00:00+00:00,B,C,11.278840065002441,6.665555555555556,4.613284509446886
Pasig,2026-09-06T00:00:00+00:00,C,C,9.928858757019043,6.665555555555556,3.2633032014634873
Pasig,2026-09-06T00:00:00+00:00,D,C,11.46352767944336,6.665555555555556,4.797972123887804
Pasig,2026-09-07T00:00:00+00:00,A,A,11.4812593460083,9.667,1.814259346008301
Pasig,2026-09-07T00:00:00+00:00,B,A,12.294238090515137,9.667,2.627238090515137
Pasig,2026-09-07T00:00:00+00:00,C,A,9.757611274719238,9.667,0.09061127471923847
Pasig,2026-09-07T00:00:00+00:00,D,A,10.574938774108887,9.667,0.9079387741088869
Pasig,2026-09-07T00:00:00+00:00,A,B,11.4812593460083,9.667,1.814259346008301
Pasig,2026-09-07T00:00:00+00:00,B,B,12.294238090515137,9.667,2.627238090515137
Pasig,2026-09-07T00:00:00+00:00,C,B,9.757611274719238,9.667,0.09061127471923847
Pasig,2026-09-07T00:00:00+00:00,D,B,10.574938774108887,9.667,0.9079387741088869
Pasig,2026-09-07T00:00:00+00:00,A,S,12.096539497375488,9.667,2.4295394973754885
Pasig,2026-09-07T00:00:00+00:00,B,S,9.363541603088379,9.667,0.3034583969116209
Pasig,2026-09-07T00:00:00+00:00,C,S,11.962937355041504,9.667,2.295937355041504
Pasig,2026-09-07T00:00:00+00:00,D,S,11.683158874511719,9.667,2.016158874511719
Pasig,2026-09-07T00:00:00+00:00,A,C,12.065032958984375,9.667,2.398032958984375
Pasig,2026-09-07T00:00:00+00:00,B,C,9.659509658813477,9.667,0.007490341186523253
Pasig,2026-09-07T00:00:00+00:00,C,C,11.919451713562012,9.667,2.252451713562012
Pasig,2026-09-07T00:00:00+00:00,D,C,11.683158874511719,9.667,2.016158874511719
Pasig,2026-09-08T00:00:00+00:00,A,A,9.434662818908691,8.591052631578947,0.8436101873297446
Pasig,2026-09-08T00:00:00+00:00,B,A,8.667667388916016,8.591052631578947,0.0766147573370688
Pasig,2026-09-08T00:00:00+00:00,C,A,8.291996002197266,8.591052631578947,0.2990566293816812
Pasig,2026-09-08T00:00:00+00:00,D,A,8.765419960021973,8.591052631578947,0.17436732844302583
Pasig,2026-09-08T00:00:00+00:00,A,B,9.434662818908691,8.591052631578947,0.8436101873297446
Pasig,2026-09-08T00:00:00+00:00,B,B,8.667667388916016,8.591052631578947,0.0766147573370688
Pasig,2026-09-08T00:00:00+00:00,C,B,8.291996002197266,8.591052631578947,0.2990566293816812
Pasig,2026-09-08T00:00:00+00:00,D,B,8.765419960021973,8.591052631578947,0.17436732844302583
Pasig,2026-09-08T00:00:00+00:00,A,S,10.472220420837402,8.591052631578947,1.8811677892584555
Pasig,2026-09-08T00:00:00+00:00,B,S,9.312941551208496,8.591052631578947,0.7218889196295493
Pasig,2026-09-08T00:00:00+00:00,C,S,9.69791030883789,8.591052631578947,1.1068576772589438
Pasig,2026-09-08T00:00:00+00:00,D,S,9.641436576843262,8.591052631578947,1.0503839452643149
Pasig,2026-09-08T00:00:00+00:00,A,C,10.891357421875,8.591052631578947,2.300304790296053
Pasig,2026-09-08T00:00:00+00:00,B,C,9.453385353088379,8.591052631578947,0.8623327215094321
Pasig,2026-09-08T00:00:00+00:00,C,C,10.218253135681152,8.591052631578947,1.6272005041022055
Pasig,2026-09-08T00:00:00+00:00,D,C,9.641436576843262,8.591052631578947,1.0503839452643149
Pasig,2026-09-14T00:00:00+00:00,A,A,10.98889446258545,18.954545454545457,7.965650991960008
Pasig,2026-09-14T00:00:00+00:00,B,A,10.501740455627441,18.954545454545457,8.452804998918015
Pasig,2026-09-14T00:00:00+00:00,C,A,11.398133277893066,18.954545454545457,7.55641217665239
Pasig,2026-09-14T00:00:00+00:00,D,A,12.9010591506958,18.954545454545457,6.053486303849656
Pasig,2026-09-14T00:00:00+00:00,A,B,10.98889446258545,18.954545454545457,7.965650991960008
Pasig,2026-09-14T00:00:00+00:00,B,B,10.501740455627441,18.954545454545457,8.452804998918015
Pasig,2026-09-14T00:00:00+00:00,C,B,11.398133277893066,18.954545454545457,7.55641217665239
Pasig,2026-09-14T00:00:00+00:00,D,B,12.9010591506958,18.954545454545457,6.053486303849656
Pasig,2026-09-14T00:00:00+00:00,A,S,11.680401802062988,18.954545454545457,7.2741436524824685
Pasig,2026-09-14T00:00:00+00:00,B,S,11.41462230682373,18.954545454545457,7.539923147721726
Pasig,2026-09-14T00:00:00+00:00,C,S,11.57325267791748,18.954545454545457,7.381292776627976
Pasig,2026-09-14T00:00:00+00:00,D,S,11.398204803466797,18.954545454545457,7.55634065107866
Pasig,2026-09-14T00:00:00+00:00,A,C,11.766268730163574,18.954545454545457,7.188276724381883
Pasig,2026-09-14T00:00:00+00:00,B,C,11.388240814208984,18.954545454545457,7.566304640336472
Pasig,2026-09-14T00:00:00+00:00,C,C,11.49164867401123,18.954545454545457,7.462896780534226
Pasig,2026-09-14T00:00:00+00:00,D,C,11.398204803466797,18.954545454545457,7.55634065107866
Pasig,2026-09-15T00:00:00+00:00,A,A,14.059721946716309,22.133333333333333,8.073611386617024
Pasig,2026-09-15T00:00:00+00:00,B,A,13.03001880645752,22.133333333333333,9.103314526875813
Pasig,2026-09-15T00:00:00+00:00,C,A,13.7247314453125,22.133333333333333,8.408601888020833
Pasig,2026-09-15T00:00:00+00:00,D,A,16.49593162536621,22.133333333333333,5.637401707967122
Pasig,2026-09-15T00:00:00+00:00,A,B,14.059721946716309,22.133333333333333,8.073611386617024
Pasig,2026-09-15T00:00:00+00:00,B,B,13.03001880645752,22.133333333333333,9.103314526875813
Pasig,2026-09-15T00:00:00+00:00,C,B,13.7247314453125,22.133333333333333,8.408601888020833
Pasig,2026-09-15T00:00:00+00:00,D,B,16.49593162536621,22.133333333333333,5.637401707967122
Pasig,2026-09-15T00:00:00+00:00,A,S,12.84106159210205,22.133333333333333,9.292271741231282
Pasig,2026-09-15T00:00:00+00:00,B,S,14.822612762451172,22.133333333333333,7.310720570882161
Pasig,2026-09-15T00:00:00+00:00,C,S,12.918696403503418,22.133333333333333,9.214636929829915
Pasig,2026-09-15T00:00:00+00:00,D,S,14.626599311828613,22.133333333333333,7.50673402150472
Pasig,2026-09-15T00:00:00+00:00,A,C,13.844759941101074,22.133333333333333,8.288573392232259
Pasig,2026-09-15T00:00:00+00:00,B,C,14.785723686218262,22.133333333333333,7.347609647115071
Pasig,2026-09-15T00:00:00+00:00,C,C,13.381434440612793,22.133333333333333,8.75189889272054
Pasig,2026-09-15T00:00:00+00:00,D,C,14.626599311828613,22.133333333333333,7.50673402150472
Pasig,2026-09-18T00:00:00+00:00,A,A,11.439472198486328,13.515789473684212,2.0763172751978836
Pasig,2026-09-18T00:00:00+00:00,B,A,12.730944633483887,13.515789473684212,0.784844840200325
Pasig,2026-09-18T00:00:00+00:00,C,A,10.35438060760498,13.515789473684212,3.161408866079231
Pasig,2026-09-18T00:00:00+00:00,D,A,10.379023551940918,13.515789473684212,3.1367659217432937
Pasig,2026-09-18T00:00:00+00:00,A,B,11.439472198486328,13.515789473684212,2.0763172751978836
Pasig,2026-09-18T00:00:00+00:00,B,B,12.730944633483887,13.515789473684212,0.784844840200325
Pasig,2026-09-18T00:00:00+00:00,C,B,10.35438060760498,13.515789473684212,3.161408866079231
Pasig,2026-09-18T00:00:00+00:00,D,B,10.379023551940918,13.515789473684212,3.1367659217432937
Pasig,2026-09-18T00:00:00+00:00,A,S,12.408324241638184,13.515789473684212,1.107465232046028
Pasig,2026-09-18T00:00:00+00:00,B,S,12.298370361328125,13.515789473684212,1.2174191123560867
Pasig,2026-09-18T00:00:00+00:00,C,S,12.522331237792969,13.515789473684212,0.9934582358912429
Pasig,2026-09-18T00:00:00+00:00,D,S,13.23477840423584,13.515789473684212,0.28101106944837184
Pasig,2026-09-18T00:00:00+00:00,A,C,12.622982025146484,13.515789473684212,0.8928074485377273
Pasig,2026-09-18T00:00:00+00:00,B,C,12.35986042022705,13.515789473684212,1.155929053457161
Pasig,2026-09-18T00:00:00+00:00,C,C,13.008008003234863,13.515789473684212,0.5077814704493484
Pasig,2026-09-18T00:00:00+00:00,D,C,13.23477840423584,13.515789473684212,0.28101106944837184
Pasig,2026-09-20T00:00:00+00:00,A,A,10.44791030883789,11.169565217391304,0.721654908553413
Pasig,2026-09-20T00:00:00+00:00,B,A,9.50974178314209,11.169565217391304,1.6598234342492137
Pasig,2026-09-20T00:00:00+00:00,C,A,10.184670448303223,11.169565217391304,0.9848947690880809
Pasig,2026-09-20T00:00:00+00:00,D,A,12.439659118652344,11.169565217391304,1.2700939012610402
Pasig,2026-09-20T00:00:00+00:00,A,B,10.44791030883789,11.169565217391304,0.721654908553413
Pasig,2026-09-20T00:00:00+00:00,B,B,9.50974178314209,11.169565217391304,1.6598234342492137
Pasig,2026-09-20T00:00:00+00:00,C,B,10.184670448303223,11.169565217391304,0.9848947690880809
Pasig,2026-09-20T00:00:00+00:00,D,B,12.439659118652344,11.169565217391304,1.2700939012610402
Pasig,2026-09-20T00:00:00+00:00,A,S,11.8637113571167,11.169565217391304,0.6941461397253956
Pasig,2026-09-20T00:00:00+00:00,B,S,14.044596672058105,11.169565217391304,2.875031454666802
Pasig,2026-09-20T00:00:00+00:00,C,S,12.909550666809082,11.169565217391304,1.7399854494177784
Pasig,2026-09-20T00:00:00+00:00,D,S,16.844079971313477,11.169565217391304,5.674514753922173
Pasig,2026-09-20T00:00:00+00:00,A,C,15.752197265625,11.169565217391304,4.582632048233696
Pasig,2026-09-20T00:00:00+00:00,B,C,13.353028297424316,11.169565217391304,2.183463080033013
Pasig,2026-09-20T00:00:00+00:00,C,C,12.049571990966797,11.169565217391304,0.8800067735754933
Pasig,2026-09-20T00:00:00+00:00,D,C,16.844079971313477,11.169565217391304,5.674514753922173
Pasig,2026-09-21T00:00:00+00:00,A,A,11.496833801269531,10.130952380952381,1.3658814203171499
Pasig,2026-09-21T00:00:00+00:00,B,A,11.280047416687012,10.130952380952381,1.1490950357346303
Pasig,2026-09-21T00:00:00+00:00,C,A,12.067222595214844,10.130952380952381,1.9362702142624624
Pasig,2026-09-21T00:00:00+00:00,D,A,17.703779220581055,10.130952380952381,7.572826839628673
Pasig,2026-09-21T00:00:00+00:00,A,B,11.496833801269531,10.130952380952381,1.3658814203171499
Pasig,2026-09-21T00:00:00+00:00,B,B,11.280047416687012,10.130952380952381,1.1490950357346303
Pasig,2026-09-21T00:00:00+00:00,C,B,12.067222595214844,10.130952380952381,1.9362702142624624
Pasig,2026-09-21T00:00:00+00:00,D,B,17.703779220581055,10.130952380952381,7.572826839628673
Pasig,2026-09-21T00:00:00+00:00,A,S,11.646507263183594,10.130952380952381,1.5155548822312124
Pasig,2026-09-21T00:00:00+00:00,B,S,10.671881675720215,10.130952380952381,0.5409292947678335
Pasig,2026-09-21T00:00:00+00:00,C,S,13.10878849029541,10.130952380952381,2.977836109343029
Pasig,2026-09-21T00:00:00+00:00,D,S,14.319435119628906,10.130952380952381,4.188482738676525
Pasig,2026-09-21T00:00:00+00:00,A,C,11.99584674835205,10.130952380952381,1.8648943673996694
Pasig,2026-09-21T00:00:00+00:00,B,C,10.249337196350098,10.130952380952381,0.11838481539771628
Pasig,2026-09-21T00:00:00+00:00,C,C,12.441123962402344,10.130952380952381,2.3101715814499624
Pasig,2026-09-21T00:00:00+00:00,D,C,14.319435119628906,10.130952380952381,4.188482738676525
Pasig,2026-09-22T00:00:00+00:00,A,A,11.550511360168457,16.656521739130437,5.1060103789619795
Pasig,2026-09-22T00:00:00+00:00,B,A,9.841886520385742,16.656521739130437,6.814635218744694
Pasig,2026-09-22T00:00:00+00:00,C,A,9.641895294189453,16.656521739130437,7.014626444940983
Pasig,2026-09-22T00:00:00+00:00,D,A,11.54175090789795,16.656521739130437,5.114770831232487
Pasig,2026-09-22T00:00:00+00:00,A,B,11.550511360168457,16.656521739130437,5.1060103789619795
Pasig,2026-09-22T00:00:00+00:00,B,B,9.841886520385742,16.656521739130437,6.814635218744694
Pasig,2026-09-22T00:00:00+00:00,C,B,9.641895294189453,16.656521739130437,7.014626444940983
Pasig,2026-09-22T00:00:00+00:00,D,B,11.54175090789795,16.656521739130437,5.114770831232487
Pasig,2026-09-22T00:00:00+00:00,A,S,11.582226753234863,16.656521739130437,5.074294985895573
Pasig,2026-09-22T00:00:00+00:00,B,S,9.812541007995605,16.656521739130437,6.843980731134831
Pasig,2026-09-22T00:00:00+00:00,C,S,9.614663124084473,16.656521739130437,7.041858615045964
Pasig,2026-09-22T00:00:00+00:00,D,S,10.586578369140625,16.656521739130437,6.0699433699898115
Pasig,2026-09-22T00:00:00+00:00,A,C,11.169604301452637,16.656521739130437,5.4869174376778
Pasig,2026-09-22T00:00:00+00:00,B,C,10.082381248474121,16.656521739130437,6.5741404906563154
Pasig,2026-09-22T00:00:00+00:00,C,C,10.19412899017334,16.656521739130437,6.462392748957097
Pasig,2026-09-22T00:00:00+00:00,D,C,10.586578369140625,16.656521739130437,6.0699433699898115
Pasig,2026-09-23T00:00:00+00:00,A,A,14.707191467285156,19.25681818181818,4.549626714533023
Pasig,2026-09-23T00:00:00+00:00,B,A,12.047409057617188,19.25681818181818,7.209409124200992
Pasig,2026-09-23T00:00:00+00:00,C,A,12.154803276062012,19.25681818181818,7.1020149057561675
Pasig,2026-09-23T00:00:00+00:00,D,A,13.763458251953125,19.25681818181818,5.493359929865054
Pasig,2026-09-23T00:00:00+00:00,A,B,14.707191467285156,19.25681818181818,4.549626714533023
Pasig,2026-09-23T00:00:00+00:00,B,B,12.047409057617188,19.25681818181818,7.209409124200992
Pasig,2026-09-23T00:00:00+00:00,C,B,12.154803276062012,19.25681818181818,7.1020149057561675
Pasig,2026-09-23T00:00:00+00:00,D,B,13.763458251953125,19.25681818181818,5.493359929865054
Pasig,2026-09-23T00:00:00+00:00,A,S,13.89014720916748,19.25681818181818,5.366670972650699
Pasig,2026-09-23T00:00:00+00:00,B,S,11.748077392578125,19.25681818181818,7.508740789240054
Pasig,2026-09-23T00:00:00+00:00,C,S,11.515475273132324,19.25681818181818,7.741342908685855
Pasig,2026-09-23T00:00:00+00:00,D,S,14.213557243347168,19.25681818181818,5.043260938471011
Pasig,2026-09-23T00:00:00+00:00,A,C,12.569010734558105,19.25681818181818,6.687807447260074
Pasig,2026-09-23T00:00:00+00:00,B,C,12.092202186584473,19.25681818181818,7.1646159952337065
Pasig,2026-09-23T00:00:00+00:00,C,C,11.772913932800293,19.25681818181818,7.483904249017886
Pasig,2026-09-23T00:00:00+00:00,D,C,14.213557243347168,19.25681818181818,5.043260938471011
Pasig,2026-09-25T00:00:00+00:00,A,A,13.228724479675293,14.35904761904762,1.1303231393723276
Pasig,2026-09-25T00:00:00+00:00,B,A,13.39684009552002,14.35904761904762,0.9622075235276011
Pasig,2026-09-25T00:00:00+00:00,C,A,12.505938529968262,14.35904761904762,1.853109089079359
Pasig,2026-09-25T00:00:00+00:00,D,A,22.56435203552246,14.35904761904762,8.20530441647484
Pasig,2026-09-25T00:00:00+00:00,A,B,13.228724479675293,14.35904761904762,1.1303231393723276
Pasig,2026-09-25T00:00:00+00:00,B,B,13.39684009552002,14.35904761904762,0.9622075235276011
Pasig,2026-09-25T00:00:00+00:00,C,B,12.505938529968262,14.35904761904762,1.853109089079359
Pasig,2026-09-25T00:00:00+00:00,D,B,22.56435203552246,14.35904761904762,8.20530441647484
Pasig,2026-09-25T00:00:00+00:00,A,S,13.364190101623535,14.35904761904762,0.9948575174240855
Pasig,2026-09-25T00:00:00+00:00,B,S,14.784207344055176,14.35904761904762,0.42515972500755517
Pasig,2026-09-25T00:00:00+00:00,C,S,12.493701934814453,14.35904761904762,1.8653456842331675
Pasig,2026-09-25T00:00:00+00:00,D,S,15.942886352539062,14.35904761904762,1.5838387334914419
Pasig,2026-09-25T00:00:00+00:00,A,C,12.79505443572998,14.35904761904762,1.5639931833176401
Pasig,2026-09-25T00:00:00+00:00,B,C,14.12432861328125,14.35904761904762,0.23471900576637061
Pasig,2026-09-25T00:00:00+00:00,C,C,11.959406852722168,14.35904761904762,2.3996407663254526
Pasig,2026-09-25T00:00:00+00:00,D,C,15.942886352539062,14.35904761904762,1.5838387334914419
Pasig,2026-09-26T00:00:00+00:00,A,A,11.038250923156738,22.336363636363636,11.298112713206898
Pasig,2026-09-26T00:00:00+00:00,B,A,12.277789115905762,22.336363636363636,10.058574520457874
Pasig,2026-09-26T00:00:00+00:00,C,A,11.513259887695312,22.336363636363636,10.823103748668323
Pasig,2026-09-26T00:00:00+00:00,D,A,11.814776420593262,22.336363636363636,10.521587215770374
Pasig,2026-09-26T00:00:00+00:00,A,B,11.038250923156738,22.336363636363636,11.298112713206898
Pasig,2026-09-26T00:00:00+00:00,B,B,12.277789115905762,22.336363636363636,10.058574520457874
Pasig,2026-09-26T00:00:00+00:00,C,B,11.513259887695312,22.336363636363636,10.823103748668323
Pasig,2026-09-26T00:00:00+00:00,D,B,11.814776420593262,22.336363636363636,10.521587215770374
Pasig,2026-09-26T00:00:00+00:00,A,S,9.924302101135254,22.336363636363636,12.412061535228382
Pasig,2026-09-26T00:00:00+00:00,B,S,12.094517707824707,22.336363636363636,10.241845928538929
Pasig,2026-09-26T00:00:00+00:00,C,S,9.559063911437988,22.336363636363636,12.777299724925648
Pasig,2026-09-26T00:00:00+00:00,D,S,10.018660545349121,22.336363636363636,12.317703091014515
Pasig,2026-09-26T00:00:00+00:00,A,C,12.997283935546875,22.336363636363636,9.339079700816761
Pasig,2026-09-26T00:00:00+00:00,B,C,11.659398078918457,22.336363636363636,10.676965557445179
Pasig,2026-09-26T00:00:00+00:00,C,C,10.160392761230469,22.336363636363636,12.175970875133167
Pasig,2026-09-26T00:00:00+00:00,D,C,10.018660545349121,22.336363636363636,12.317703091014515
Pasig,2026-09-27T00:00:00+00:00,A,A,14.573760986328125,22.51304347826087,7.939282491932744
Pasig,2026-09-27T00:00:00+00:00,B,A,16.76812171936035,22.51304347826087,5.744921758900517
Pasig,2026-09-27T00:00:00+00:00,C,A,14.539959907531738,22.51304347826087,7.9730835707291305
Pasig,2026-09-27T00:00:00+00:00,D,A,15.590542793273926,22.51304347826087,6.922500684986943
Pasig,2026-09-27T00:00:00+00:00,A,B,14.573760986328125,22.51304347826087,7.939282491932744
Pasig,2026-09-27T00:00:00+00:00,B,B,16.76812171936035,22.51304347826087,5.744921758900517
Pasig,2026-09-27T00:00:00+00:00,C,B,14.539959907531738,22.51304347826087,7.9730835707291305
Pasig,2026-09-27T00:00:00+00:00,D,B,15.590542793273926,22.51304347826087,6.922500684986943
Pasig,2026-09-27T00:00:00+00:00,A,S,13.12283992767334,22.51304347826087,9.390203550587529
Pasig,2026-09-27T00:00:00+00:00,B,S,13.340056419372559,22.51304347826087,9.17298705888831
Pasig,2026-09-27T00:00:00+00:00,C,S,13.085002899169922,22.51304347826087,9.428040579090947
Pasig,2026-09-27T00:00:00+00:00,D,S,14.055079460144043,22.51304347826087,8.457964018116826
Pasig,2026-09-27T00:00:00+00:00,A,C,14.447117805480957,22.51304347826087,8.065925672779912
Pasig,2026-09-27T00:00:00+00:00,B,C,13.828498840332031,22.51304347826087,8.684544637928838
Pasig,2026-09-27T00:00:00+00:00,C,C,14.616862297058105,22.51304347826087,7.896181181202763
Pasig,2026-09-27T00:00:00+00:00,D,C,14.055079460144043,22.51304347826087,8.457964018116826
Makati,2026-08-14T00:00:00+00:00,A,A,13.020370483398438,30.33277777777777,17.312407294379334
Makati,2026-08-14T00:00:00+00:00,B,A,13.199666023254395,30.33277777777777,17.133111754523377
Makati,2026-08-14T00:00:00+00:00,C,A,16.564640045166016,30.33277777777777,13.768137732611756
Makati,2026-08-14T00:00:00+00:00,D,A,14.930375099182129,30.33277777777777,15.402402678595642
Makati,2026-08-14T00:00:00+00:00,A,B,13.020370483398438,30.33277777777777,17.312407294379334
Makati,2026-08-14T00:00:00+00:00,B,B,13.199666023254395,30.33277777777777,17.133111754523377
Makati,2026-08-14T00:00:00+00:00,C,B,16.564640045166016,30.33277777777777,13.768137732611756
Makati,2026-08-14T00:00:00+00:00,D,B,14.930375099182129,30.33277777777777,15.402402678595642
Makati,2026-08-14T00:00:00+00:00,A,S,12.502086639404297,30.33277777777777,17.830691138373474
Makati,2026-08-14T00:00:00+00:00,B,S,9.058371543884277,30.33277777777777,21.274406233893494
Makati,2026-08-14T00:00:00+00:00,C,S,15.962206840515137,30.33277777777777,14.370570937262634
Makati,2026-08-14T00:00:00+00:00,D,S,15.015257835388184,30.33277777777777,15.317519942389588
Makati,2026-08-14T00:00:00+00:00,A,C,13.28380298614502,30.33277777777777,17.04897479163275
Makati,2026-08-14T00:00:00+00:00,B,C,9.095288276672363,30.33277777777777,21.237489501105408
Makati,2026-08-14T00:00:00+00:00,C,C,15.830182075500488,30.33277777777777,14.502595702277283
Makati,2026-08-14T00:00:00+00:00,D,C,15.015257835388184,30.33277777777777,15.317519942389588
Makati,2026-08-15T00:00:00+00:00,A,A,15.374648094177246,19.452173913043474,4.077525818866228
Makati,2026-08-15T00:00:00+00:00,B,A,13.256814002990723,19.452173913043474,6.195359910052751
Makati,2026-08-15T00:00:00+00:00,C,A,15.322970390319824,19.452173913043474,4.12920352272365
Makati,2026-08-15T00:00:00+00:00,D,A,13.524197578430176,19.452173913043474,5.927976334613298
Makati,2026-08-15T00:00:00+00:00,A,B,15.374648094177246,19.452173913043474,4.077525818866228
Makati,2026-08-15T00:00:00+00:00,B,B,13.256814002990723,19.452173913043474,6.195359910052751
Makati,2026-08-15T00:00:00+00:00,C,B,15.322970390319824,19.452173913043474,4.12920352272365
Makati,2026-08-15T00:00:00+00:00,D,B,13.524197578430176,19.452173913043474,5.927976334613298
Makati,2026-08-15T00:00:00+00:00,A,S,14.476994514465332,19.452173913043474,4.975179398578142
Makati,2026-08-15T00:00:00+00:00,B,S,14.755851745605469,19.452173913043474,4.696322167438005
Makati,2026-08-15T00:00:00+00:00,C,S,15.648941040039062,19.452173913043474,3.8032328730044114
Makati,2026-08-15T00:00:00+00:00,D,S,14.843989372253418,19.452173913043474,4.608184540790056
Makati,2026-08-15T00:00:00+00:00,A,C,15.386456489562988,19.452173913043474,4.065717423480486
Makati,2026-08-15T00:00:00+00:00,B,C,15.535815238952637,19.452173913043474,3.916358674090837
Makati,2026-08-15T00:00:00+00:00,C,C,16.35918617248535,19.452173913043474,3.0929877405581223
Makati,2026-08-15T00:00:00+00:00,D,C,14.843989372253418,19.452173913043474,4.608184540790056
Makati,2026-08-24T00:00:00+00:00,A,A,17.347658157348633,29.026315789473685,11.678657632125052
Makati,2026-08-24T00:00:00+00:00,B,A,20.85755157470703,29.026315789473685,8.168764214766654
Makati,2026-08-24T00:00:00+00:00,C,A,21.87953758239746,29.026315789473685,7.146778207076224
Makati,2026-08-24T00:00:00+00:00,D,A,29.10442543029785,29.026315789473685,0.0781096408241666
Makati,2026-08-24T00:00:00+00:00,A,B,17.347658157348633,29.026315789473685,11.678657632125052
Makati,2026-08-24T00:00:00+00:00,B,B,20.85755157470703,29.026315789473685,8.168764214766654
Makati,2026-08-24T00:00:00+00:00,C,B,21.87953758239746,29.026315789473685,7.146778207076224
Makati,2026-08-24T00:00:00+00:00,D,B,29.10442543029785,29.026315789473685,0.0781096408241666
Makati,2026-08-24T00:00:00+00:00,A,S,13.350430488586426,29.026315789473685,15.67588530088726
Makati,2026-08-24T00:00:00+00:00,B,S,13.427055358886719,29.026315789473685,15.599260430586966
Makati,2026-08-24T00:00:00+00:00,C,S,21.385892868041992,29.026315789473685,7.640422921431693
Makati,2026-08-24T00:00:00+00:00,D,S,27.59204864501953,29.026315789473685,1.4342671444541537
Makati,2026-08-24T00:00:00+00:00,A,C,14.825947761535645,29.026315789473685,14.20036802793804
Makati,2026-08-24T00:00:00+00:00,B,C,13.434638023376465,29.026315789473685,15.59167776609722
Makati,2026-08-24T00:00:00+00:00,C,C,21.32131576538086,29.026315789473685,7.705000024092826
Makati,2026-08-24T00:00:00+00:00,D,C,27.59204864501953,29.026315789473685,1.4342671444541537
Makati,2026-08-25T00:00:00+00:00,A,A,17.889753341674805,25.563157894736843,7.6734045530620385
Makati,2026-08-25T00:00:00+00:00,B,A,19.138465881347656,25.563157894736843,6.424692013389187
Makati,2026-08-25T00:00:00+00:00,C,A,18.11720085144043,25.563157894736843,7.4459570432964135
Makati,2026-08-25T00:00:00+00:00,D,A,13.728382110595703,25.563157894736843,11.83477578414114
Makati,2026-08-25T00:00:00+00:00,A,B,17.889753341674805,25.563157894736843,7.6734045530620385
Makati,2026-08-25T00:00:00+00:00,B,B,19.138465881347656,25.563157894736843,6.424692013389187
Makati,2026-08-25T00:00:00+00:00,C,B,18.11720085144043,25.563157894736843,7.4459570432964135
Makati,2026-08-25T00:00:00+00:00,D,B,13.728382110595703,25.563157894736843,11.83477578414114
Makati,2026-08-25T00:00:00+00:00,A,S,17.184326171875,25.563157894736843,8.378831722861843
Makati,2026-08-25T00:00:00+00:00,B,S,15.369174003601074,25.563157894736843,10.193983891135769
Makati,2026-08-25T00:00:00+00:00,C,S,18.497777938842773,25.563157894736843,7.06537995589407
Makati,2026-08-25T00:00:00+00:00,D,S,21.810104370117188,25.563157894736843,3.7530535246196557
Makati,2026-08-25T00:00:00+00:00,A,C,18.02709197998047,25.563157894736843,7.536065914756374
Makati,2026-08-25T00:00:00+00:00,B,C,15.372474670410156,25.563157894736843,10.190683224326687
Makati,2026-08-25T00:00:00+00:00,C,C,18.751142501831055,25.563157894736843,6.8120153929057885
Makati,2026-08-25T00:00:00+00:00,D,C,21.810104370117188,25.563157894736843,3.7530535246196557
Makati,2026-08-26T00:00:00+00:00,A,A,16.447538375854492,14.31611111111111,2.1314272647433814
Makati,2026-08-26T00:00:00+00:00,B,A,20.630573272705078,14.31611111111111,6.314462161593967
Makati,2026-08-26T00:00:00+00:00,C,A,22.190675735473633,14.31611111111111,7.874564624362522
Makati,2026-08-26T00:00:00+00:00,D,A,19.34364891052246,14.31611111111111,5.02753779941135
Makati,2026-08-26T00:00:00+00:00,A,B,16.447538375854492,14.31611111111111,2.1314272647433814
Makati,2026-08-26T00:00:00+00:00,B,B,20.630573272705078,14.31611111111111,6.314462161593967
Makati,2026-08-26T00:00:00+00:00,C,B,22.190675735473633,14.31611111111111,7.874564624362522
Makati,2026-08-26T00:00:00+00:00,D,B,19.34364891052246,14.31611111111111,5.02753779941135
Makati,2026-08-26T00:00:00+00:00,A,S,16.19565773010254,14.31611111111111,1.8795466189914283
Makati,2026-08-26T00:00:00+00:00,B,S,17.252286911010742,14.31611111111111,2.9361757998996314
Makati,2026-08-26T00:00:00+00:00,C,S,18.747140884399414,14.31611111111111,4.431029773288303
Makati,2026-08-26T00:00:00+00:00,D,S,19.242841720581055,14.31611111111111,4.926730609469944
Makati,2026-08-26T00:00:00+00:00,A,C,16.635082244873047,14.31611111111111,2.318971133761936
Makati,2026-08-26T00:00:00+00:00,B,C,17.951576232910156,14.31611111111111,3.6354651217990455
Makati,2026-08-26T00:00:00+00:00,C,C,18.102853775024414,14.31611111111111,3.7867426639133033
Makati,2026-08-26T00:00:00+00:00,D,C,19.242841720581055,14.31611111111111,4.926730609469944
Makati,2026-08-28T00:00:00+00:00,A,A,15.869606018066406,9.432526315789474,6.437079702276932
Makati,2026-08-28T00:00:00+00:00,B,A,13.852195739746094,9.432526315789474,4.41966942395662
Makati,2026-08-28T00:00:00+00:00,C,A,13.8131685256958,9.432526315789474,4.380642209906327
Makati,2026-08-28T00:00:00+00:00,D,A,10.194607734680176,9.432526315789474,0.7620814188907019
Makati,2026-08-28T00:00:00+00:00,A,B,15.869606018066406,9.432526315789474,6.437079702276932
Makati,2026-08-28T00:00:00+00:00,B,B,13.852195739746094,9.432526315789474,4.41966942395662
Makati,2026-08-28T00:00:00+00:00,C,B,13.8131685256958,9.432526315789474,4.380642209906327
Makati,2026-08-28T00:00:00+00:00,D,B,10.194607734680176,9.432526315789474,0.7620814188907019
Makati,2026-08-28T00:00:00+00:00,A,S,13.69770336151123,9.432526315789474,4.265177045721757
Makati,2026-08-28T00:00:00+00:00,B,S,13.14528751373291,9.432526315789474,3.7127611979434363
Makati,2026-08-28T00:00:00+00:00,C,S,13.931242942810059,9.432526315789474,4.498716627020585
Makati,2026-08-28T00:00:00+00:00,D,S,9.67654800415039,9.432526315789474,0.24402168836091676
Makati,2026-08-28T00:00:00+00:00,A,C,13.588118553161621,9.432526315789474,4.155592237372147
Makati,2026-08-28T00:00:00+00:00,B,C,13.71630859375,9.432526315789474,4.283782277960526
Makati,2026-08-28T00:00:00+00:00,C,C,12.908385276794434,9.432526315789474,3.4758589610049597
Makati,2026-08-28T00:00:00+00:00,D,C,9.67654800415039,9.432526315789474,0.24402168836091676
Makati,2026-08-31T00:00:00+00:00,A,A,23.62239646911621,55.35,31.72760353088379
Makati,2026-08-31T00:00:00+00:00,B,A,19.248687744140625,55.35,36.101312255859376
Makati,2026-08-31T00:00:00+00:00,C,A,22.60105323791504,55.35,32.74894676208496
Makati,2026-08-31T00:00:00+00:00,D,A,17.119417190551758,55.35,38.230582809448244
Makati,2026-08-31T00:00:00+00:00,A,B,23.62239646911621,55.35,31.72760353088379
Makati,2026-08-31T00:00:00+00:00,B,B,19.248687744140625,55.35,36.101312255859376
Makati,2026-08-31T00:00:00+00:00,C,B,22.60105323791504,55.35,32.74894676208496
Makati,2026-08-31T00:00:00+00:00,D,B,17.119417190551758,55.35,38.230582809448244
Makati,2026-08-31T00:00:00+00:00,A,S,18.360382080078125,55.35,36.989617919921876
Makati,2026-08-31T00:00:00+00:00,B,S,15.336349487304688,55.35,40.013650512695314
Makati,2026-08-31T00:00:00+00:00,C,S,22.6413631439209,55.35,32.7086368560791
Makati,2026-08-31T00:00:00+00:00,D,S,22.58551025390625,55.35,32.76448974609375
Makati,2026-08-31T00:00:00+00:00,A,C,16.583648681640625,55.35,38.766351318359376
Makati,2026-08-31T00:00:00+00:00,B,C,15.21770191192627,55.35,40.13229808807373
Makati,2026-08-31T00:00:00+00:00,C,C,23.291183471679688,55.35,32.058816528320314
Makati,2026-08-31T00:00:00+00:00,D,C,22.58551025390625,55.35,32.76448974609375
Makati,2026-09-01T00:00:00+00:00,A,A,22.91657066345215,24.84,1.9234293365478514
Makati,2026-09-01T00:00:00+00:00,B,A,21.120193481445312,24.84,3.7198065185546874
Makati,2026-09-01T00:00:00+00:00,C,A,23.038177490234375,24.84,1.8018225097656249
Makati,2026-09-01T00:00:00+00:00,D,A,25.945541381835938,24.84,1.1055413818359376
Makati,2026-09-01T00:00:00+00:00,A,B,22.91657066345215,24.84,1.9234293365478514
Makati,2026-09-01T00:00:00+00:00,B,B,21.120193481445312,24.84,3.7198065185546874
Makati,2026-09-01T00:00:00+00:00,C,B,23.038177490234375,24.84,1.8018225097656249
Makati,2026-09-01T00:00:00+00:00,D,B,25.945541381835938,24.84,1.1055413818359376
Makati,2026-09-01T00:00:00+00:00,A,S,22.973405838012695,24.84,1.8665941619873045
Makati,2026-09-01T00:00:00+00:00,B,S,22.003997802734375,24.84,2.836002197265625
Makati,2026-09-01T00:00:00+00:00,C,S,21.846872329711914,24.84,2.993127670288086
Makati,2026-09-01T00:00:00+00:00,D,S,32.53267288208008,24.84,7.692672882080078
Makati,2026-09-01T00:00:00+00:00,A,C,24.228307723999023,24.84,0.6116922760009764
Makati,2026-09-01T00:00:00+00:00,B,C,22.431068420410156,24.84,2.4089315795898436
Makati,2026-09-01T00:00:00+00:00,C,C,22.684720993041992,24.84,2.1552790069580077
Makati,2026-09-01T00:00:00+00:00,D,C,32.53267288208008,24.84,7.692672882080078
Makati,2026-09-03T00:00:00+00:00,A,A,18.772762298583984,11.258947368421053,7.513814930162932
Makati,2026-09-03T00:00:00+00:00,B,A,19.37059211730957,11.258947368421053,8.111644748888517
Makati,2026-09-03T00:00:00+00:00,C,A,21.081945419311523,11.258947368421053,9.82299805089047
Makati,2026-09-03T00:00:00+00:00,D,A,16.52936553955078,11.258947368421053,5.270418171129728
Makati,2026-09-03T00:00:00+00:00,A,B,18.772762298583984,11.258947368421053,7.513814930162932
Makati,2026-09-03T00:00:00+00:00,B,B,19.37059211730957,11.258947368421053,8.111644748888517
Makati,2026-09-03T00:00:00+00:00,C,B,21.081945419311523,11.258947368421053,9.82299805089047
Makati,2026-09-03T00:00:00+00:00,D,B,16.52936553955078,11.258947368421053,5.270418171129728
Makati,2026-09-03T00:00:00+00:00,A,S,18.202791213989258,11.258947368421053,6.943843845568205
Makati,2026-09-03T00:00:00+00:00,B,S,16.942045211791992,11.258947368421053,5.683097843370939
Makati,2026-09-03T00:00:00+00:00,C,S,17.746505737304688,11.258947368421053,6.487558368883635
Makati,2026-09-03T00:00:00+00:00,D,S,18.780920028686523,11.258947368421053,7.521972660265471
Makati,2026-09-03T00:00:00+00:00,A,C,18.87428855895996,11.258947368421053,7.615341190538908
Makati,2026-09-03T00:00:00+00:00,B,C,17.076642990112305,11.258947368421053,5.817695621691252
Makati,2026-09-03T00:00:00+00:00,C,C,16.676427841186523,11.258947368421053,5.417480472765471
Makati,2026-09-03T00:00:00+00:00,D,C,18.780920028686523,11.258947368421053,7.521972660265471
Makati,2026-09-04T00:00:00+00:00,A,A,12.836882591247559,8.213000000000001,4.623882591247558
Makati,2026-09-04T00:00:00+00:00,B,A,12.045772552490234,8.213000000000001,3.8327725524902334
Makati,2026-09-04T00:00:00+00:00,C,A,14.31116771697998,8.213000000000001,6.0981677169799795
Makati,2026-09-04T00:00:00+00:00,D,A,11.827364921569824,8.213000000000001,3.6143649215698233
Makati,2026-09-04T00:00:00+00:00,A,B,12.836882591247559,8.213000000000001,4.623882591247558
Makati,2026-09-04T00:00:00+00:00,B,B,12.045772552490234,8.213000000000001,3.8327725524902334
Makati,2026-09-04T00:00:00+00:00,C,B,14.31116771697998,8.213000000000001,6.0981677169799795
Makati,2026-09-04T00:00:00+00:00,D,B,11.827364921569824,8.213000000000001,3.6143649215698233
Makati,2026-09-04T00:00:00+00:00,A,S,12.181884765625,8.213000000000001,3.968884765624999
Makati,2026-09-04T00:00:00+00:00,B,S,10.439793586730957,8.213000000000001,2.226793586730956
Makati,2026-09-04T00:00:00+00:00,C,S,15.080519676208496,8.213000000000001,6.867519676208495
Makati,2026-09-04T00:00:00+00:00,D,S,12.629364013671875,8.213000000000001,4.416364013671874
Makati,2026-09-04T00:00:00+00:00,A,C,13.924209594726562,8.213000000000001,5.7112095947265615
Makati,2026-09-04T00:00:00+00:00,B,C,10.90490436553955,8.213000000000001,2.69190436553955
Makati,2026-09-04T00:00:00+00:00,C,C,16.171117782592773,8.213000000000001,7.9581177825927725
Makati,2026-09-04T00:00:00+00:00,D,C,12.629364013671875,8.213000000000001,4.416364013671874
Makati,2026-09-05T00:00:00+00:00,A,A,10.617481231689453,8.027454545454546,2.590026686234907
Makati,2026-09-05T00:00:00+00:00,B,A,9.560481071472168,8.027454545454546,1.533026526017622
Makati,2026-09-05T00:00:00+00:00,C,A,10.463809967041016,8.027454545454546,2.4363554215864696
Makati,2026-09-05T00:00:00+00:00,D,A,9.081986427307129,8.027454545454546,1.0545318818525828
Makati,2026-09-05T00:00:00+00:00,A,B,10.617481231689453,8.027454545454546,2.590026686234907
Makati,2026-09-05T00:00:00+00:00,B,B,9.560481071472168,8.027454545454546,1.533026526017622
Makati,2026-09-05T00:00:00+00:00,C,B,10.463809967041016,8.027454545454546,2.4363554215864696
Makati,2026-09-05T00:00:00+00:00,D,B,9.081986427307129,8.027454545454546,1.0545318818525828
Makati,2026-09-05T00:00:00+00:00,A,S,9.679303169250488,8.027454545454546,1.6518486237959422
Makati,2026-09-05T00:00:00+00:00,B,S,14.919222831726074,8.027454545454546,6.891768286271528
Makati,2026-09-05T00:00:00+00:00,C,S,11.12389087677002,8.027454545454546,3.0964363313154735
Makati,2026-09-05T00:00:00+00:00,D,S,10.702303886413574,8.027454545454546,2.674849340959028
Makati,2026-09-05T00:00:00+00:00,A,C,10.01326847076416,8.027454545454546,1.985813925309614
Makati,2026-09-05T00:00:00+00:00,B,C,15.998496055603027,8.027454545454546,7.971041510148481
Makati,2026-09-05T00:00:00+00:00,C,C,10.29656982421875,8.027454545454546,2.269115278764204
Makati,2026-09-05T00:00:00+00:00,D,C,10.702303886413574,8.027454545454546,2.674849340959028
Makati,2026-09-06T00:00:00+00:00,A,A,8.7492036819458,6.7284999999999995,2.0207036819458013
Makati,2026-09-06T00:00:00+00:00,B,A,10.49946117401123,6.7284999999999995,3.770961174011231
Makati,2026-09-06T00:00:00+00:00,C,A,10.411028861999512,6.7284999999999995,3.6825288619995122
Makati,2026-09-06T00:00:00+00:00,D,A,12.16057300567627,6.7284999999999995,5.43207300567627
Makati,2026-09-06T00:00:00+00:00,A,B,8.7492036819458,6.7284999999999995,2.0207036819458013
Makati,2026-09-06T00:00:00+00:00,B,B,10.49946117401123,6.7284999999999995,3.770961174011231
Makati,2026-09-06T00:00:00+00:00,C,B,10.411028861999512,6.7284999999999995,3.6825288619995122
Makati,2026-09-06T00:00:00+00:00,D,B,12.16057300567627,6.7284999999999995,5.43207300567627
Makati,2026-09-06T00:00:00+00:00,A,S,9.63909912109375,6.7284999999999995,2.9105991210937505
Makati,2026-09-06T00:00:00+00:00,B,S,10.75698471069336,6.7284999999999995,4.02848471069336
Makati,2026-09-06T00:00:00+00:00,C,S,10.618178367614746,6.7284999999999995,3.8896783676147466
Makati,2026-09-06T00:00:00+00:00,D,S,11.263331413269043,6.7284999999999995,4.5348314132690435
Makati,2026-09-06T00:00:00+00:00,A,C,9.679049491882324,6.7284999999999995,2.9505494918823247
Makati,2026-09-06T00:00:00+00:00,B,C,10.742118835449219,6.7284999999999995,4.013618835449219
Makati,2026-09-06T00:00:00+00:00,C,C,10.679267883300781,6.7284999999999995,3.9507678833007818
Makati,2026-09-06T00:00:00+00:00,D,C,11.263331413269043,6.7284999999999995,4.5348314132690435
Makati,2026-09-07T00:00:00+00:00,A,A,9.890294075012207,12.249500000000001,2.359205924987794
Makati,2026-09-07T00:00:00+00:00,B,A,10.29043197631836,12.249500000000001,1.9590680236816418
Makati,2026-09-07T00:00:00+00:00,C,A,9.849875450134277,12.249500000000001,2.399624549865724
Makati,2026-09-07T00:00:00+00:00,D,A,11.923332214355469,12.249500000000001,0.3261677856445324
Makati,2026-09-07T00:00:00+00:00,A,B,9.890294075012207,12.249500000000001,2.359205924987794
Makati,2026-09-07T00:00:00+00:00,B,B,10.29043197631836,12.249500000000001,1.9590680236816418
Makati,2026-09-07T00:00:00+00:00,C,B,9.849875450134277,12.249500000000001,2.399624549865724
Makati,2026-09-07T00:00:00+00:00,D,B,11.923332214355469,12.249500000000001,0.3261677856445324
Makati,2026-09-07T00:00:00+00:00,A,S,11.245246887207031,12.249500000000001,1.00425311279297
Makati,2026-09-07T00:00:00+00:00,B,S,7.491038799285889,12.249500000000001,4.7584612007141125
Makati,2026-09-07T00:00:00+00:00,C,S,10.026912689208984,12.249500000000001,2.222587310791017
Makati,2026-09-07T00:00:00+00:00,D,S,13.445320129394531,12.249500000000001,1.19582012939453
Makati,2026-09-07T00:00:00+00:00,A,C,11.040565490722656,12.249500000000001,1.208934509277345
Makati,2026-09-07T00:00:00+00:00,B,C,7.802799701690674,12.249500000000001,4.446700298309327
Makati,2026-09-07T00:00:00+00:00,C,C,10.16915225982666,12.249500000000001,2.080347740173341
Makati,2026-09-07T00:00:00+00:00,D,C,13.445320129394531,12.249500000000001,1.19582012939453
Makati,2026-09-08T00:00:00+00:00,A,A,11.315205574035645,11.092,0.223205574035644
Makati,2026-09-08T00:00:00+00:00,B,A,11.24121379852295,11.092,0.1492137985229487
Makati,2026-09-08T00:00:00+00:00,C,A,8.316178321838379,11.092,2.7758216781616216
Makati,2026-09-08T00:00:00+00:00,D,A,9.376415252685547,11.092,1.7155847473144537
Makati,2026-09-08T00:00:00+00:00,A,B,11.315205574035645,11.092,0.223205574035644
Makati,2026-09-08T00:00:00+00:00,B,B,11.24121379852295,11.092,0.1492137985229487
Makati,2026-09-08T00:00:00+00:00,C,B,8.316178321838379,11.092,2.7758216781616216
Makati,2026-09-08T00:00:00+00:00,D,B,9.376415252685547,11.092,1.7155847473144537
Makati,2026-09-08T00:00:00+00:00,A,S,10.634289741516113,11.092,0.45771025848388724
Makati,2026-09-08T00:00:00+00:00,B,S,12.06476879119873,11.092,0.9727687911987299
Makati,2026-09-08T00:00:00+00:00,C,S,10.004463195800781,11.092,1.0875368041992193
Makati,2026-09-08T00:00:00+00:00,D,S,12.4473295211792,11.092,1.3553295211791987
Makati,2026-09-08T00:00:00+00:00,A,C,11.337172508239746,11.092,0.24517250823974557
Makati,2026-09-08T00:00:00+00:00,B,C,12.50994873046875,11.092,1.4179487304687495
Makati,2026-09-08T00:00:00+00:00,C,C,10.5772123336792,11.092,0.5147876663208013
Makati,2026-09-08T00:00:00+00:00,D,C,12.4473295211792,11.092,1.3553295211791987
Makati,2026-09-14T00:00:00+00:00,A,A,13.695549011230469,25.977272727272734,12.281723716042265
Makati,2026-09-14T00:00:00+00:00,B,A,11.380640983581543,25.977272727272734,14.59663174369119
Makati,2026-09-14T00:00:00+00:00,C,A,14.466282844543457,25.977272727272734,11.510989882729277
Makati,2026-09-14T00:00:00+00:00,D,A,20.333070755004883,25.977272727272734,5.644201972267851
Makati,2026-09-14T00:00:00+00:00,A,B,13.695549011230469,25.977272727272734,12.281723716042265
Makati,2026-09-14T00:00:00+00:00,B,B,11.380640983581543,25.977272727272734,14.59663174369119
Makati,2026-09-14T00:00:00+00:00,C,B,14.466282844543457,25.977272727272734,11.510989882729277
Makati,2026-09-14T00:00:00+00:00,D,B,20.333070755004883,25.977272727272734,5.644201972267851
Makati,2026-09-14T00:00:00+00:00,A,S,13.98106861114502,25.977272727272734,11.996204116127714
Makati,2026-09-14T00:00:00+00:00,B,S,11.001240730285645,25.977272727272734,14.97603199698709
Makati,2026-09-14T00:00:00+00:00,C,S,14.52542781829834,25.977272727272734,11.451844908974394
Makati,2026-09-14T00:00:00+00:00,D,S,17.165422439575195,25.977272727272734,8.811850287697538
Makati,2026-09-14T00:00:00+00:00,A,C,14.516196250915527,25.977272727272734,11.461076476357206
Makati,2026-09-14T00:00:00+00:00,B,C,11.065289497375488,25.977272727272734,14.911983229897245
Makati,2026-09-14T00:00:00+00:00,C,C,14.725379943847656,25.977272727272734,11.251892783425077
Makati,2026-09-14T00:00:00+00:00,D,C,17.165422439575195,25.977272727272734,8.811850287697538
Makati,2026-09-15T00:00:00+00:00,A,A,13.537274360656738,26.3705,12.833225639343262
Makati,2026-09-15T00:00:00+00:00,B,A,12.4425048828125,26.3705,13.9279951171875
Makati,2026-09-15T00:00:00+00:00,C,A,12.394160270690918,26.3705,13.976339729309082
Makati,2026-09-15T00:00:00+00:00,D,A,13.423080444335938,26.3705,12.947419555664062
Makati,2026-09-15T00:00:00+00:00,A,B,13.537274360656738,26.3705,12.833225639343262
Makati,2026-09-15T00:00:00+00:00,B,B,12.4425048828125,26.3705,13.9279951171875
Makati,2026-09-15T00:00:00+00:00,C,B,12.394160270690918,26.3705,13.976339729309082
Makati,2026-09-15T00:00:00+00:00,D,B,13.423080444335938,26.3705,12.947419555664062
Makati,2026-09-15T00:00:00+00:00,A,S,15.237471580505371,26.3705,11.133028419494629
Makati,2026-09-15T00:00:00+00:00,B,S,16.470460891723633,26.3705,9.900039108276367
Makati,2026-09-15T00:00:00+00:00,C,S,12.1759614944458,26.3705,14.194538505554199
Makati,2026-09-15T00:00:00+00:00,D,S,15.17102336883545,26.3705,11.19947663116455
Makati,2026-09-15T00:00:00+00:00,A,C,14.48155689239502,26.3705,11.88894310760498
Makati,2026-09-15T00:00:00+00:00,B,C,16.550935745239258,26.3705,9.819564254760742
Makati,2026-09-15T00:00:00+00:00,C,C,12.258102416992188,26.3705,14.112397583007812
Makati,2026-09-15T00:00:00+00:00,D,C,15.17102336883545,26.3705,11.19947663116455
Makati,2026-09-18T00:00:00+00:00,A,A,13.195625305175781,18.408333333333335,5.212708028157554
Makati,2026-09-18T00:00:00+00:00,B,A,13.29091739654541,18.408333333333335,5.117415936787925
Makati,2026-09-18T00:00:00+00:00,C,A,11.592623710632324,18.408333333333335,6.815709622701011
Makati,2026-09-18T00:00:00+00:00,D,A,11.571670532226562,18.408333333333335,6.8366628011067725
Makati,2026-09-18T00:00:00+00:00,A,B,13.195625305175781,18.408333333333335,5.212708028157554
Makati,2026-09-18T00:00:00+00:00,B,B,13.29091739654541,18.408333333333335,5.117415936787925
Makati,2026-09-18T00:00:00+00:00,C,B,11.592623710632324,18.408333333333335,6.815709622701011
Makati,2026-09-18T00:00:00+00:00,D,B,11.571670532226562,18.408333333333335,6.8366628011067725
Makati,2026-09-18T00:00:00+00:00,A,S,12.127071380615234,18.408333333333335,6.281261952718101
Makati,2026-09-18T00:00:00+00:00,B,S,13.713909149169922,18.408333333333335,4.694424184163413
Makati,2026-09-18T00:00:00+00:00,C,S,15.507283210754395,18.408333333333335,2.9010501225789405
Makati,2026-09-18T00:00:00+00:00,D,S,15.038302421569824,18.408333333333335,3.3700309117635108
Makati,2026-09-18T00:00:00+00:00,A,C,11.232986450195312,18.408333333333335,7.1753468831380225
Makati,2026-09-18T00:00:00+00:00,B,C,13.734699249267578,18.408333333333335,4.673634084065757
Makati,2026-09-18T00:00:00+00:00,C,C,15.21780014038086,18.408333333333335,3.1905331929524756
Makati,2026-09-18T00:00:00+00:00,D,C,15.038302421569824,18.408333333333335,3.3700309117635108
Makati,2026-09-19T00:00:00+00:00,A,A,12.952937126159668,22.861111111111114,9.908173984951446
Makati,2026-09-19T00:00:00+00:00,B,A,12.61754322052002,22.861111111111114,10.243567890591095
Makati,2026-09-19T00:00:00+00:00,C,A,12.533015251159668,22.861111111111114,10.328095859951446
Makati,2026-09-19T00:00:00+00:00,D,A,7.1479339599609375,22.861111111111114,15.713177151150177
Makati,2026-09-19T00:00:00+00:00,A,B,12.952937126159668,22.861111111111114,9.908173984951446
Makati,2026-09-19T00:00:00+00:00,B,B,12.61754322052002,22.861111111111114,10.243567890591095
Makati,2026-09-19T00:00:00+00:00,C,B,12.533015251159668,22.861111111111114,10.328095859951446
Makati,2026-09-19T00:00:00+00:00,D,B,7.1479339599609375,22.861111111111114,15.713177151150177
Makati,2026-09-19T00:00:00+00:00,A,S,11.284451484680176,22.861111111111114,11.576659626430938
Makati,2026-09-19T00:00:00+00:00,B,S,13.60284423828125,22.861111111111114,9.258266872829864
Makati,2026-09-19T00:00:00+00:00,C,S,13.185324668884277,22.861111111111114,9.675786442226837
Makati,2026-09-19T00:00:00+00:00,D,S,9.257475852966309,22.861111111111114,13.603635258144806
Makati,2026-09-19T00:00:00+00:00,A,C,11.474017143249512,22.861111111111114,11.387093967861603
Makati,2026-09-19T00:00:00+00:00,B,C,13.591626167297363,22.861111111111114,9.269484943813751
Makati,2026-09-19T00:00:00+00:00,C,C,13.525886535644531,22.861111111111114,9.335224575466583
Makati,2026-09-19T00:00:00+00:00,D,C,9.257475852966309,22.861111111111114,13.603635258144806
Makati,2026-09-20T00:00:00+00:00,A,A,13.45011043548584,12.617619047619046,0.8324913878667939
Makati,2026-09-20T00:00:00+00:00,B,A,12.824885368347168,12.617619047619046,0.207266320728122
Makati,2026-09-20T00:00:00+00:00,C,A,12.672219276428223,12.617619047619046,0.0546002288091767
Makati,2026-09-20T00:00:00+00:00,D,A,12.81647777557373,12.617619047619046,0.1988587279546845
Makati,2026-09-20T00:00:00+00:00,A,B,13.45011043548584,12.617619047619046,0.8324913878667939
Makati,2026-09-20T00:00:00+00:00,B,B,12.824885368347168,12.617619047619046,0.207266320728122
Makati,2026-09-20T00:00:00+00:00,C,B,12.672219276428223,12.617619047619046,0.0546002288091767
Makati,2026-09-20T00:00:00+00:00,D,B,12.81647777557373,12.617619047619046,0.1988587279546845
Makati,2026-09-20T00:00:00+00:00,A,S,12.968757629394531,12.617619047619046,0.3511385817754853
Makati,2026-09-20T00:00:00+00:00,B,S,16.227781295776367,12.617619047619046,3.6101622481573212
Makati,2026-09-20T00:00:00+00:00,C,S,12.88193130493164,12.617619047619046,0.26431225731259467
Makati,2026-09-20T00:00:00+00:00,D,S,13.024375915527344,12.617619047619046,0.4067568679082978
Makati,2026-09-20T00:00:00+00:00,A,C,14.211724281311035,12.617619047619046,1.5941052336919892
Makati,2026-09-20T00:00:00+00:00,B,C,15.592720031738281,12.617619047619046,2.9751009841192353
Makati,2026-09-20T00:00:00+00:00,C,C,14.180262565612793,12.617619047619046,1.562643517993747
Makati,2026-09-20T00:00:00+00:00,D,C,13.024375915527344,12.617619047619046,0.4067568679082978
Makati,2026-09-21T00:00:00+00:00,A,A,11.24462890625,10.917619047619048,0.32700985863095156
Makati,2026-09-21T00:00:00+00:00,B,A,10.246098518371582,10.917619047619048,0.6715205292474664
Makati,2026-09-21T00:00:00+00:00,C,A,12.750956535339355,10.917619047619048,1.833337487720307
Makati,2026-09-21T00:00:00+00:00,D,A,11.849250793457031,10.917619047619048,0.9316317458379828
Makati,2026-09-21T00:00:00+00:00,A,B,11.24462890625,10.917619047619048,0.32700985863095156
Makati,2026-09-21T00:00:00+00:00,B,B,10.246098518371582,10.917619047619048,0.6715205292474664
Makati,2026-09-21T00:00:00+00:00,C,B,12.750956535339355,10.917619047619048,1.833337487720307
Makati,2026-09-21T00:00:00+00:00,D,B,11.849250793457031,10.917619047619048,0.9316317458379828
Makati,2026-09-21T00:00:00+00:00,A,S,11.717638969421387,10.917619047619048,0.8000199218023383
Makati,2026-09-21T00:00:00+00:00,B,S,13.29906940460205,10.917619047619048,2.3814503569830023
Makati,2026-09-21T00:00:00+00:00,C,S,13.181239128112793,10.917619047619048,2.2636200804937445
Makati,2026-09-21T00:00:00+00:00,D,S,11.047091484069824,10.917619047619048,0.12947243645077577
Makati,2026-09-21T00:00:00+00:00,A,C,10.968239784240723,10.917619047619048,0.05062073662167421
Makati,2026-09-21T00:00:00+00:00,B,C,12.97651195526123,10.917619047619048,2.058892907642182
Makati,2026-09-21T00:00:00+00:00,C,C,13.329925537109375,10.917619047619048,2.4123064894903266
Makati,2026-09-21T00:00:00+00:00,D,C,11.047091484069824,10.917619047619048,0.12947243645077577
Makati,2026-09-22T00:00:00+00:00,A,A,11.34424114227295,21.109500000000004,9.765258857727055
Makati,2026-09-22T00:00:00+00:00,B,A,10.056624412536621,21.109500000000004,11.052875587463383
Makati,2026-09-22T00:00:00+00:00,C,A,10.708480834960938,21.109500000000004,10.401019165039067
Makati,2026-09-22T00:00:00+00:00,D,A,12.556857109069824,21.109500000000004,8.55264289093018
Makati,2026-09-22T00:00:00+00:00,A,B,11.34424114227295,21.109500000000004,9.765258857727055
Makati,2026-09-22T00:00:00+00:00,B,B,10.056624412536621,21.109500000000004,11.052875587463383
Makati,2026-09-22T00:00:00+00:00,C,B,10.708480834960938,21.109500000000004,10.401019165039067
Makati,2026-09-22T00:00:00+00:00,D,B,12.556857109069824,21.109500000000004,8.55264289093018
Makati,2026-09-22T00:00:00+00:00,A,S,12.371808052062988,21.109500000000004,8.737691947937016
Makati,2026-09-22T00:00:00+00:00,B,S,12.308476448059082,21.109500000000004,8.801023551940922
Makati,2026-09-22T00:00:00+00:00,C,S,11.934074401855469,21.109500000000004,9.175425598144535
Makati,2026-09-22T00:00:00+00:00,D,S,12.491844177246094,21.109500000000004,8.61765582275391
Makati,2026-09-22T00:00:00+00:00,A,C,13.575709342956543,21.109500000000004,7.533790657043461
Makati,2026-09-22T00:00:00+00:00,B,C,12.352627754211426,21.109500000000004,8.756872245788578
Makati,2026-09-22T00:00:00+00:00,C,C,12.440913200378418,21.109500000000004,8.668586799621586
Makati,2026-09-22T00:00:00+00:00,D,C,12.491844177246094,21.109500000000004,8.61765582275391
Makati,2026-09-23T00:00:00+00:00,A,A,13.040600776672363,28.195238095238103,15.15463731856574
Makati,2026-09-23T00:00:00+00:00,B,A,10.976582527160645,28.195238095238103,17.21865556807746
Makati,2026-09-23T00:00:00+00:00,C,A,12.6353178024292,28.195238095238103,15.559920292808904
Makati,2026-09-23T00:00:00+00:00,D,A,14.499905586242676,28.195238095238103,13.695332508995428
Makati,2026-09-23T00:00:00+00:00,A,B,13.040600776672363,28.195238095238103,15.15463731856574
Makati,2026-09-23T00:00:00+00:00,B,B,10.976582527160645,28.195238095238103,17.21865556807746
Makati,2026-09-23T00:00:00+00:00,C,B,12.6353178024292,28.195238095238103,15.559920292808904
Makati,2026-09-23T00:00:00+00:00,D,B,14.499905586242676,28.195238095238103,13.695332508995428
Makati,2026-09-23T00:00:00+00:00,A,S,13.787623405456543,28.195238095238103,14.40761468978156
Makati,2026-09-23T00:00:00+00:00,B,S,12.618496894836426,28.195238095238103,15.576741200401678
Makati,2026-09-23T00:00:00+00:00,C,S,11.633667945861816,28.195238095238103,16.561570149376287
Makati,2026-09-23T00:00:00+00:00,D,S,12.095568656921387,28.195238095238103,16.099669438316717
Makati,2026-09-23T00:00:00+00:00,A,C,12.911450386047363,28.195238095238103,15.28378770919074
Makati,2026-09-23T00:00:00+00:00,B,C,13.04967975616455,28.195238095238103,15.145558339073553
Makati,2026-09-23T00:00:00+00:00,C,C,12.192730903625488,28.195238095238103,16.002507191612615
Makati,2026-09-23T00:00:00+00:00,D,C,12.095568656921387,28.195238095238103,16.099669438316717
Makati,2026-09-25T00:00:00+00:00,A,A,12.70397663116455,21.536315789473683,8.832339158309132
Makati,2026-09-25T00:00:00+00:00,B,A,13.141883850097656,21.536315789473683,8.394431939376027
Makati,2026-09-25T00:00:00+00:00,C,A,13.531486511230469,21.536315789473683,8.004829278243214
Makati,2026-09-25T00:00:00+00:00,D,A,16.729658126831055,21.536315789473683,4.806657662642628
Makati,2026-09-25T00:00:00+00:00,A,B,12.70397663116455,21.536315789473683,8.832339158309132
Makati,2026-09-25T00:00:00+00:00,B,B,13.141883850097656,21.536315789473683,8.394431939376027
Makati,2026-09-25T00:00:00+00:00,C,B,13.531486511230469,21.536315789473683,8.004829278243214
Makati,2026-09-25T00:00:00+00:00,D,B,16.729658126831055,21.536315789473683,4.806657662642628
Makati,2026-09-25T00:00:00+00:00,A,S,13.202662467956543,21.536315789473683,8.33365332151714
Makati,2026-09-25T00:00:00+00:00,B,S,17.055437088012695,21.536315789473683,4.480878701460988
Makati,2026-09-25T00:00:00+00:00,C,S,12.574908256530762,21.536315789473683,8.961407532942921
Makati,2026-09-25T00:00:00+00:00,D,S,15.697402954101562,21.536315789473683,5.8389128353721205
Makati,2026-09-25T00:00:00+00:00,A,C,15.095100402832031,21.536315789473683,6.441215386641652
Makati,2026-09-25T00:00:00+00:00,B,C,15.77239990234375,21.536315789473683,5.763915887129933
Makati,2026-09-25T00:00:00+00:00,C,C,13.150355339050293,21.536315789473683,8.38596045042339
Makati,2026-09-25T00:00:00+00:00,D,C,15.697402954101562,21.536315789473683,5.8389128353721205
Makati,2026-09-26T00:00:00+00:00,A,A,10.656246185302734,26.589999999999996,15.933753814697262
Makati,2026-09-26T00:00:00+00:00,B,A,11.685173034667969,26.589999999999996,14.904826965332028
Makati,2026-09-26T00:00:00+00:00,C,A,12.887028694152832,26.589999999999996,13.702971305847164
Makati,2026-09-26T00:00:00+00:00,D,A,12.76940631866455,26.589999999999996,13.820593681335446
Makati,2026-09-26T00:00:00+00:00,A,B,10.656246185302734,26.589999999999996,15.933753814697262
Makati,2026-09-26T00:00:00+00:00,B,B,11.685173034667969,26.589999999999996,14.904826965332028
Makati,2026-09-26T00:00:00+00:00,C,B,12.887028694152832,26.589999999999996,13.702971305847164
Makati,2026-09-26T00:00:00+00:00,D,B,12.76940631866455,26.589999999999996,13.820593681335446
Makati,2026-09-26T00:00:00+00:00,A,S,12.009943962097168,26.589999999999996,14.580056037902828
Makati,2026-09-26T00:00:00+00:00,B,S,12.333294868469238,26.589999999999996,14.256705131530758
Makati,2026-09-26T00:00:00+00:00,C,S,11.456706047058105,26.589999999999996,15.13329395294189
Makati,2026-09-26T00:00:00+00:00,D,S,11.102058410644531,26.589999999999996,15.487941589355465
Makati,2026-09-26T00:00:00+00:00,A,C,11.398465156555176,26.589999999999996,15.19153484344482
Makati,2026-09-26T00:00:00+00:00,B,C,12.523944854736328,26.589999999999996,14.066055145263668
Makati,2026-09-26T00:00:00+00:00,C,C,12.566683769226074,26.589999999999996,14.023316230773922
Makati,2026-09-26T00:00:00+00:00,D,C,11.102058410644531,26.589999999999996,15.487941589355465
Makati,2026-09-27T00:00:00+00:00,A,A,15.793301582336426,24.966666666666665,9.17336508433024
Makati,2026-09-27T00:00:00+00:00,B,A,16.505815505981445,24.966666666666665,8.46085116068522
Makati,2026-09-27T00:00:00+00:00,C,A,16.863576889038086,24.966666666666665,8.103089777628579
Makati,2026-09-27T00:00:00+00:00,D,A,15.912379264831543,24.966666666666665,9.054287401835122
Makati,2026-09-27T00:00:00+00:00,A,B,15.793301582336426,24.966666666666665,9.17336508433024
Makati,2026-09-27T00:00:00+00:00,B,B,16.505815505981445,24.966666666666665,8.46085116068522
Makati,2026-09-27T00:00:00+00:00,C,B,16.863576889038086,24.966666666666665,8.103089777628579
Makati,2026-09-27T00:00:00+00:00,D,B,15.912379264831543,24.966666666666665,9.054287401835122
Makati,2026-09-27T00:00:00+00:00,A,S,14.376761436462402,24.966666666666665,10.589905230204263
Makati,2026-09-27T00:00:00+00:00,B,S,16.02373695373535,24.966666666666665,8.942929712931313
Makati,2026-09-27T00:00:00+00:00,C,S,15.798641204833984,24.966666666666665,9.16802546183268
Makati,2026-09-27T00:00:00+00:00,D,S,16.220630645751953,24.966666666666665,8.746036020914712
Makati,2026-09-27T00:00:00+00:00,A,C,14.553698539733887,24.966666666666665,10.412968126932778
Makati,2026-09-27T00:00:00+00:00,B,C,16.847532272338867,24.966666666666665,8.119134394327798
Makati,2026-09-27T00:00:00+00:00,C,C,14.853423118591309,24.966666666666665,10.113243548075356
Makati,2026-09-27T00:00:00+00:00,D,C,16.220630645751953,24.966666666666665,8.746036020914712
Mandaluyong,2026-08-14T00:00:00+00:00,A,A,14.51275634765625,29.87142857142857,15.35867222377232
Mandaluyong,2026-08-14T00:00:00+00:00,B,A,15.449974060058594,29.87142857142857,14.421454511369976
Mandaluyong,2026-08-14T00:00:00+00:00,C,A,17.1302547454834,29.87142857142857,12.741173825945172
Mandaluyong,2026-08-14T00:00:00+00:00,D,A,15.613139152526855,29.87142857142857,14.258289418901715
Mandaluyong,2026-08-14T00:00:00+00:00,A,B,14.51275634765625,29.87142857142857,15.35867222377232
Mandaluyong,2026-08-14T00:00:00+00:00,B,B,15.449974060058594,29.87142857142857,14.421454511369976
Mandaluyong,2026-08-14T00:00:00+00:00,C,B,17.1302547454834,29.87142857142857,12.741173825945172
Mandaluyong,2026-08-14T00:00:00+00:00,D,B,15.613139152526855,29.87142857142857,14.258289418901715
Mandaluyong,2026-08-14T00:00:00+00:00,A,S,13.144447326660156,29.87142857142857,16.726981244768414
Mandaluyong,2026-08-14T00:00:00+00:00,B,S,11.37493896484375,29.87142857142857,18.49648960658482
Mandaluyong,2026-08-14T00:00:00+00:00,C,S,14.296756744384766,29.87142857142857,15.574671827043804
Mandaluyong,2026-08-14T00:00:00+00:00,D,S,17.421104431152344,29.87142857142857,12.450324140276226
Mandaluyong,2026-08-14T00:00:00+00:00,A,C,13.126086235046387,29.87142857142857,16.745342336382183
Mandaluyong,2026-08-14T00:00:00+00:00,B,C,11.461532592773438,29.87142857142857,18.409895978655133
Mandaluyong,2026-08-14T00:00:00+00:00,C,C,14.03094482421875,29.87142857142857,15.84048374720982
Mandaluyong,2026-08-14T00:00:00+00:00,D,C,17.421104431152344,29.87142857142857,12.450324140276226
Mandaluyong,2026-08-15T00:00:00+00:00,A,A,18.334524154663086,21.280952380952378,2.9464282262892922
Mandaluyong,2026-08-15T00:00:00+00:00,B,A,15.568496704101562,21.280952380952378,5.712455676850816
Mandaluyong,2026-08-15T00:00:00+00:00,C,A,19.400955200195312,21.280952380952378,1.8799971807570657
Mandaluyong,2026-08-15T00:00:00+00:00,D,A,20.37564468383789,21.280952380952378,0.9053076971144876
Mandaluyong,2026-08-15T00:00:00+00:00,A,B,18.334524154663086,21.280952380952378,2.9464282262892922
Mandaluyong,2026-08-15T00:00:00+00:00,B,B,15.568496704101562,21.280952380952378,5.712455676850816
Mandaluyong,2026-08-15T00:00:00+00:00,C,B,19.400955200195312,21.280952380952378,1.8799971807570657
Mandaluyong,2026-08-15T00:00:00+00:00,D,B,20.37564468383789,21.280952380952378,0.9053076971144876
Mandaluyong,2026-08-15T00:00:00+00:00,A,S,14.134722709655762,21.280952380952378,7.1462296712966165
Mandaluyong,2026-08-15T00:00:00+00:00,B,S,15.458396911621094,21.280952380952378,5.822555469331284
Mandaluyong,2026-08-15T00:00:00+00:00,C,S,18.48435401916504,21.280952380952378,2.796598361787339
Mandaluyong,2026-08-15T00:00:00+00:00,D,S,23.319738388061523,21.280952380952378,2.0387860071091453
Mandaluyong,2026-08-15T00:00:00+00:00,A,C,16.13434410095215,21.280952380952378,5.14660828000023
Mandaluyong,2026-08-15T00:00:00+00:00,B,C,16.724416732788086,21.280952380952378,4.556535648164292
Mandaluyong,2026-08-15T00:00:00+00:00,C,C,19.515317916870117,21.280952380952378,1.765634464082261
Mandaluyong,2026-08-15T00:00:00+00:00,D,C,23.319738388061523,21.280952380952378,2.0387860071091453
Mandaluyong,2026-08-24T00:00:00+00:00,A,A,16.577219009399414,32.11666666666666,15.539447657267246
Mandaluyong,2026-08-24T00:00:00+00:00,B,A,21.48262596130371,32.11666666666666,10.634040705362949
Mandaluyong,2026-08-24T00:00:00+00:00,C,A,23.506208419799805,32.11666666666666,8.610458246866855
Mandaluyong,2026-08-24T00:00:00+00:00,D,A,24.573923110961914,32.11666666666666,7.542743555704746
Mandaluyong,2026-08-24T00:00:00+00:00,A,B,16.577219009399414,32.11666666666666,15.539447657267246
Mandaluyong,2026-08-24T00:00:00+00:00,B,B,21.48262596130371,32.11666666666666,10.634040705362949
Mandaluyong,2026-08-24T00:00:00+00:00,C,B,23.506208419799805,32.11666666666666,8.610458246866855
Mandaluyong,2026-08-24T00:00:00+00:00,D,B,24.573923110961914,32.11666666666666,7.542743555704746
Mandaluyong,2026-08-24T00:00:00+00:00,A,S,12.64847469329834,32.11666666666666,19.46819197336832
Mandaluyong,2026-08-24T00:00:00+00:00,B,S,13.448700904846191,32.11666666666666,18.66796576182047
Mandaluyong,2026-08-24T00:00:00+00:00,C,S,21.70465660095215,32.11666666666666,10.412010065714512
Mandaluyong,2026-08-24T00:00:00+00:00,D,S,25.834707260131836,32.11666666666666,6.281959406534824
Mandaluyong,2026-08-24T00:00:00+00:00,A,C,14.824798583984375,32.11666666666666,17.291868082682285
Mandaluyong,2026-08-24T00:00:00+00:00,B,C,13.387016296386719,32.11666666666666,18.72965037027994
Mandaluyong,2026-08-24T00:00:00+00:00,C,C,21.71632957458496,32.11666666666666,10.400337092081699
Mandaluyong,2026-08-24T00:00:00+00:00,D,C,25.834707260131836,32.11666666666666,6.281959406534824
Mandaluyong,2026-08-25T00:00:00+00:00,A,A,18.623178482055664,28.876190476190477,10.253011994134813
Mandaluyong,2026-08-25T00:00:00+00:00,B,A,19.6201229095459,28.876190476190477,9.256067566644578
Mandaluyong,2026-08-25T00:00:00+00:00,C,A,19.565502166748047,28.876190476190477,9.31068830944243
Mandaluyong,2026-08-25T00:00:00+00:00,D,A,18.110361099243164,28.876190476190477,10.765829376947313
Mandaluyong,2026-08-25T00:00:00+00:00,A,B,18.623178482055664,28.876190476190477,10.253011994134813
Mandaluyong,2026-08-25T00:00:00+00:00,B,B,19.6201229095459,28.876190476190477,9.256067566644578
Mandaluyong,2026-08-25T00:00:00+00:00,C,B,19.565502166748047,28.876190476190477,9.31068830944243
Mandaluyong,2026-08-25T00:00:00+00:00,D,B,18.110361099243164,28.876190476190477,10.765829376947313
Mandaluyong,2026-08-25T00:00:00+00:00,A,S,18.144575119018555,28.876190476190477,10.731615357171922
Mandaluyong,2026-08-25T00:00:00+00:00,B,S,16.360063552856445,28.876190476190477,12.516126923334031
Mandaluyong,2026-08-25T00:00:00+00:00,C,S,18.508995056152344,28.876190476190477,10.367195420038133
Mandaluyong,2026-08-25T00:00:00+00:00,D,S,21.076038360595703,28.876190476190477,7.8001521155947735
Mandaluyong,2026-08-25T00:00:00+00:00,A,C,19.313962936401367,28.876190476190477,9.56222753978911
Mandaluyong,2026-08-25T00:00:00+00:00,B,C,16.109785079956055,28.876190476190477,12.766405396234422
Mandaluyong,2026-08-25T00:00:00+00:00,C,C,18.4285945892334,28.876190476190477,10.447595886957078
Mandaluyong,2026-08-25T00:00:00+00:00,D,C,21.076038360595703,28.876190476190477,7.8001521155947735
Mandaluyong,2026-08-26T00:00:00+00:00,A,A,16.814674377441406,18.72631578947368,1.9116414120322744
Mandaluyong,2026-08-26T00:00:00+00:00,B,A,20.59516716003418,18.72631578947368,1.868851370560499
Mandaluyong,2026-08-26T00:00:00+00:00,C,A,22.576614379882812,18.72631578947368,3.850298590409132
Mandaluyong,2026-08-26T00:00:00+00:00,D,A,20.336410522460938,18.72631578947368,1.6100947329872568
Mandaluyong,2026-08-26T00:00:00+00:00,A,B,16.814674377441406,18.72631578947368,1.9116414120322744
Mandaluyong,2026-08-26T00:00:00+00:00,B,B,20.59516716003418,18.72631578947368,1.868851370560499
Mandaluyong,2026-08-26T00:00:00+00:00,C,B,22.576614379882812,18.72631578947368,3.850298590409132
Mandaluyong,2026-08-26T00:00:00+00:00,D,B,20.336410522460938,18.72631578947368,1.6100947329872568
Mandaluyong,2026-08-26T00:00:00+00:00,A,S,16.539838790893555,18.72631578947368,2.186476998580126
Mandaluyong,2026-08-26T00:00:00+00:00,B,S,18.21135139465332,18.72631578947368,0.5149643948203604
Mandaluyong,2026-08-26T00:00:00+00:00,C,S,20.658039093017578,18.72631578947368,1.9317233035438974
Mandaluyong,2026-08-26T00:00:00+00:00,D,S,21.088546752929688,18.72631578947368,2.362230963456007
Mandaluyong,2026-08-26T00:00:00+00:00,A,C,17.285459518432617,18.72631578947368,1.4408562710410635
Mandaluyong,2026-08-26T00:00:00+00:00,B,C,18.455673217773438,18.72631578947368,0.2706425717002432
Mandaluyong,2026-08-26T00:00:00+00:00,C,C,19.75196075439453,18.72631578947368,1.0256449649208506
Mandaluyong,2026-08-26T00:00:00+00:00,D,C,21.088546752929688,18.72631578947368,2.362230963456007
Mandaluyong,2026-08-31T00:00:00+00:00,A,A,24.090545654296875,62.730000000000004,38.63945434570313
Mandaluyong,2026-08-31T00:00:00+00:00,B,A,20.660991668701172,62.730000000000004,42.06900833129883
Mandaluyong,2026-08-31T00:00:00+00:00,C,A,23.74306297302246,62.730000000000004,38.98693702697754
Mandaluyong,2026-08-31T00:00:00+00:00,D,A,20.274463653564453,62.730000000000004,42.45553634643555
Mandaluyong,2026-08-31T00:00:00+00:00,A,B,24.090545654296875,62.730000000000004,38.63945434570313
Mandaluyong,2026-08-31T00:00:00+00:00,B,B,20.660991668701172,62.730000000000004,42.06900833129883
Mandaluyong,2026-08-31T00:00:00+00:00,C,B,23.74306297302246,62.730000000000004,38.98693702697754
Mandaluyong,2026-08-31T00:00:00+00:00,D,B,20.274463653564453,62.730000000000004,42.45553634643555
Mandaluyong,2026-08-31T00:00:00+00:00,A,S,18.945493698120117,62.730000000000004,43.78450630187989
Mandaluyong,2026-08-31T00:00:00+00:00,B,S,14.050257682800293,62.730000000000004,48.67974231719971
Mandaluyong,2026-08-31T00:00:00+00:00,C,S,23.21588134765625,62.730000000000004,39.514118652343754
Mandaluyong,2026-08-31T00:00:00+00:00,D,S,21.028532028198242,62.730000000000004,41.70146797180176
Mandaluyong,2026-08-31T00:00:00+00:00,A,C,17.875802993774414,62.730000000000004,44.85419700622559
Mandaluyong,2026-08-31T00:00:00+00:00,B,C,13.79050064086914,62.730000000000004,48.93949935913086
Mandaluyong,2026-08-31T00:00:00+00:00,C,C,23.80768394470215,62.730000000000004,38.922316055297856
Mandaluyong,2026-08-31T00:00:00+00:00,D,C,21.028532028198242,62.730000000000004,41.70146797180176
Mandaluyong,2026-09-01T00:00:00+00:00,A,A,22.310089111328125,27.51904761904762,5.208958507719494
Mandaluyong,2026-09-01T00:00:00+00:00,B,A,20.60166358947754,27.51904761904762,6.91738402957008
Mandaluyong,2026-09-01T00:00:00+00:00,C,A,23.98943328857422,27.51904761904762,3.5296143304734002
Mandaluyong,2026-09-01T00:00:00+00:00,D,A,31.69551658630371,27.51904761904762,4.176468967256092
Mandaluyong,2026-09-01T00:00:00+00:00,A,B,22.310089111328125,27.51904761904762,5.208958507719494
Mandaluyong,2026-09-01T00:00:00+00:00,B,B,20.60166358947754,27.51904761904762,6.91738402957008
Mandaluyong,2026-09-01T00:00:00+00:00,C,B,23.98943328857422,27.51904761904762,3.5296143304734002
Mandaluyong,2026-09-01T00:00:00+00:00,D,B,31.69551658630371,27.51904761904762,4.176468967256092
Mandaluyong,2026-09-01T00:00:00+00:00,A,S,21.443418502807617,27.51904761904762,6.075629116240002
Mandaluyong,2026-09-01T00:00:00+00:00,B,S,20.7131404876709,27.51904761904762,6.8059071313767205
Mandaluyong,2026-09-01T00:00:00+00:00,C,S,22.382110595703125,27.51904761904762,5.136937023344494
Mandaluyong,2026-09-01T00:00:00+00:00,D,S,40.2080192565918,27.51904761904762,12.688971637544178
Mandaluyong,2026-09-01T00:00:00+00:00,A,C,22.359764099121094,27.51904761904762,5.159283519926525
Mandaluyong,2026-09-01T00:00:00+00:00,B,C,21.07383918762207,27.51904761904762,6.445208431425549
Mandaluyong,2026-09-01T00:00:00+00:00,C,C,23.1584415435791,27.51904761904762,4.360606075468517
Mandaluyong,2026-09-01T00:00:00+00:00,D,C,40.2080192565918,27.51904761904762,12.688971637544178
Mandaluyong,2026-09-03T00:00:00+00:00,A,A,19.037458419799805,17.217619047619042,1.8198393721807626
Mandaluyong,2026-09-03T00:00:00+00:00,B,A,19.668821334838867,17.217619047619042,2.451202287219825
Mandaluyong,2026-09-03T00:00:00+00:00,C,A,22.27012062072754,17.217619047619042,5.052501573108497
Mandaluyong,2026-09-03T00:00:00+00:00,D,A,20.42197608947754,17.217619047619042,3.204357041858497
Mandaluyong,2026-09-03T00:00:00+00:00,A,B,19.037458419799805,17.217619047619042,1.8198393721807626
Mandaluyong,2026-09-03T00:00:00+00:00,B,B,19.668821334838867,17.217619047619042,2.451202287219825
Mandaluyong,2026-09-03T00:00:00+00:00,C,B,22.27012062072754,17.217619047619042,5.052501573108497
Mandaluyong,2026-09-03T00:00:00+00:00,D,B,20.42197608947754,17.217619047619042,3.204357041858497
Mandaluyong,2026-09-03T00:00:00+00:00,A,S,19.51588249206543,17.217619047619042,2.2982634444463876
Mandaluyong,2026-09-03T00:00:00+00:00,B,S,21.272701263427734,17.217619047619042,4.055082215808692
Mandaluyong,2026-09-03T00:00:00+00:00,C,S,18.66393280029297,17.217619047619042,1.4463137526739267
Mandaluyong,2026-09-03T00:00:00+00:00,D,S,18.750810623168945,17.217619047619042,1.5331915755499033
Mandaluyong,2026-09-03T00:00:00+00:00,A,C,19.474748611450195,17.217619047619042,2.2571295638311533
Mandaluyong,2026-09-03T00:00:00+00:00,B,C,21.09099006652832,17.217619047619042,3.8733710189092783
Mandaluyong,2026-09-03T00:00:00+00:00,C,C,18.31715202331543,17.217619047619042,1.0995329756963876
Mandaluyong,2026-09-03T00:00:00+00:00,D,C,18.750810623168945,17.217619047619042,1.5331915755499033
Mandaluyong,2026-09-04T00:00:00+00:00,A,A,15.53602123260498,14.7925,0.74352123260498
Mandaluyong,2026-09-04T00:00:00+00:00,B,A,16.920442581176758,14.7925,2.1279425811767574
Mandaluyong,2026-09-04T00:00:00+00:00,C,A,19.345022201538086,14.7925,4.5525222015380855
Mandaluyong,2026-09-04T00:00:00+00:00,D,A,15.50446605682373,14.7925,0.71196605682373
Mandaluyong,2026-09-04T00:00:00+00:00,A,B,15.53602123260498,14.7925,0.74352123260498
Mandaluyong,2026-09-04T00:00:00+00:00,B,B,16.920442581176758,14.7925,2.1279425811767574
Mandaluyong,2026-09-04T00:00:00+00:00,C,B,19.345022201538086,14.7925,4.5525222015380855
Mandaluyong,2026-09-04T00:00:00+00:00,D,B,15.50446605682373,14.7925,0.71196605682373
Mandaluyong,2026-09-04T00:00:00+00:00,A,S,15.959088325500488,14.7925,1.1665883255004879
Mandaluyong,2026-09-04T00:00:00+00:00,B,S,12.203936576843262,14.7925,2.5885634231567387
Mandaluyong,2026-09-04T00:00:00+00:00,C,S,19.017290115356445,14.7925,4.224790115356445
Mandaluyong,2026-09-04T00:00:00+00:00,D,S,19.541786193847656,14.7925,4.749286193847656
Mandaluyong,2026-09-04T00:00:00+00:00,A,C,15.426003456115723,14.7925,0.6335034561157222
Mandaluyong,2026-09-04T00:00:00+00:00,B,C,13.61774730682373,14.7925,1.17475269317627
Mandaluyong,2026-09-04T00:00:00+00:00,C,C,19.96140480041504,14.7925,5.168904800415039
Mandaluyong,2026-09-04T00:00:00+00:00,D,C,19.541786193847656,14.7925,4.749286193847656
Mandaluyong,2026-09-05T00:00:00+00:00,A,A,13.159549713134766,12.234285714285713,0.9252639988490525
Mandaluyong,2026-09-05T00:00:00+00:00,B,A,14.84970474243164,12.234285714285713,2.6154190281459275
Mandaluyong,2026-09-05T00:00:00+00:00,C,A,13.216056823730469,12.234285714285713,0.9817711094447557
Mandaluyong,2026-09-05T00:00:00+00:00,D,A,12.518135070800781,12.234285714285713,0.28384935651506815
Mandaluyong,2026-09-05T00:00:00+00:00,A,B,13.159549713134766,12.234285714285713,0.9252639988490525
Mandaluyong,2026-09-05T00:00:00+00:00,B,B,14.84970474243164,12.234285714285713,2.6154190281459275
Mandaluyong,2026-09-05T00:00:00+00:00,C,B,13.216056823730469,12.234285714285713,0.9817711094447557
Mandaluyong,2026-09-05T00:00:00+00:00,D,B,12.518135070800781,12.234285714285713,0.28384935651506815
Mandaluyong,2026-09-05T00:00:00+00:00,A,S,11.775723457336426,12.234285714285713,0.4585622569492873
Mandaluyong,2026-09-05T00:00:00+00:00,B,S,13.577045440673828,12.234285714285713,1.342759726388115
Mandaluyong,2026-09-05T00:00:00+00:00,C,S,12.1189603805542,12.234285714285713,0.11532533373151388
Mandaluyong,2026-09-05T00:00:00+00:00,D,S,11.402412414550781,12.234285714285713,0.8318732997349318
Mandaluyong,2026-09-05T00:00:00+00:00,A,C,13.0513277053833,12.234285714285713,0.8170419910975877
Mandaluyong,2026-09-05T00:00:00+00:00,B,C,14.580192565917969,12.234285714285713,2.3459068516322557
Mandaluyong,2026-09-05T00:00:00+00:00,C,C,11.61566162109375,12.234285714285713,0.6186240931919631
Mandaluyong,2026-09-05T00:00:00+00:00,D,C,11.402412414550781,12.234285714285713,0.8318732997349318
Mandaluyong,2026-09-06T00:00:00+00:00,A,A,12.62951374053955,13.883333333333335,1.2538195927937839
Mandaluyong,2026-09-06T00:00:00+00:00,B,A,10.45283031463623,13.883333333333335,3.430503018697104
Mandaluyong,2026-09-06T00:00:00+00:00,C,A,10.906089782714844,13.883333333333335,2.977243550618491
Mandaluyong,2026-09-06T00:00:00+00:00,D,A,10.637532234191895,13.883333333333335,3.24580109914144
Mandaluyong,2026-09-06T00:00:00+00:00,A,B,12.62951374053955,13.883333333333335,1.2538195927937839
Mandaluyong,2026-09-06T00:00:00+00:00,B,B,10.45283031463623,13.883333333333335,3.430503018697104
Mandaluyong,2026-09-06T00:00:00+00:00,C,B,10.906089782714844,13.883333333333335,2.977243550618491
Mandaluyong,2026-09-06T00:00:00+00:00,D,B,10.637532234191895,13.883333333333335,3.24580109914144
Mandaluyong,2026-09-06T00:00:00+00:00,A,S,12.973492622375488,13.883333333333335,0.9098407109578464
Mandaluyong,2026-09-06T00:00:00+00:00,B,S,11.22100830078125,13.883333333333335,2.6623250325520846
Mandaluyong,2026-09-06T00:00:00+00:00,C,S,11.4228515625,13.883333333333335,2.4604817708333346
Mandaluyong,2026-09-06T00:00:00+00:00,D,S,10.297451972961426,13.883333333333335,3.585881360371909
Mandaluyong,2026-09-06T00:00:00+00:00,A,C,11.294346809387207,13.883333333333335,2.5889865239461276
Mandaluyong,2026-09-06T00:00:00+00:00,B,C,11.480461120605469,13.883333333333335,2.402872212727866
Mandaluyong,2026-09-06T00:00:00+00:00,C,C,11.327728271484375,13.883333333333335,2.5556050618489596
Mandaluyong,2026-09-06T00:00:00+00:00,D,C,10.297451972961426,13.883333333333335,3.585881360371909
Mandaluyong,2026-09-07T00:00:00+00:00,A,A,14.281413078308105,18.93333333333333,4.6519202550252245
Mandaluyong,2026-09-07T00:00:00+00:00,B,A,11.894774436950684,18.93333333333333,7.038558896382646
Mandaluyong,2026-09-07T00:00:00+00:00,C,A,10.882182121276855,18.93333333333333,8.051151212056475
Mandaluyong,2026-09-07T00:00:00+00:00,D,A,11.5722074508667,18.93333333333333,7.361125882466631
Mandaluyong,2026-09-07T00:00:00+00:00,A,B,14.281413078308105,18.93333333333333,4.6519202550252245
Mandaluyong,2026-09-07T00:00:00+00:00,B,B,11.894774436950684,18.93333333333333,7.038558896382646
Mandaluyong,2026-09-07T00:00:00+00:00,C,B,10.882182121276855,18.93333333333333,8.051151212056475
Mandaluyong,2026-09-07T00:00:00+00:00,D,B,11.5722074508667,18.93333333333333,7.361125882466631
Mandaluyong,2026-09-07T00:00:00+00:00,A,S,13.379837036132812,18.93333333333333,5.5534962972005175
Mandaluyong,2026-09-07T00:00:00+00:00,B,S,12.060641288757324,18.93333333333333,6.872692044576006
Mandaluyong,2026-09-07T00:00:00+00:00,C,S,12.120158195495605,18.93333333333333,6.8131751378377245
Mandaluyong,2026-09-07T00:00:00+00:00,D,S,15.429595947265625,18.93333333333333,3.503737386067705
Mandaluyong,2026-09-07T00:00:00+00:00,A,C,13.12808609008789,18.93333333333333,5.805247243245439
Mandaluyong,2026-09-07T00:00:00+00:00,B,C,12.123329162597656,18.93333333333333,6.810004170735674
Mandaluyong,2026-09-07T00:00:00+00:00,C,C,13.04015064239502,18.93333333333333,5.8931826909383105
Mandaluyong,2026-09-07T00:00:00+00:00,D,C,15.429595947265625,18.93333333333333,3.503737386067705
Mandaluyong,2026-09-08T00:00:00+00:00,A,A,13.726880073547363,18.277777777777775,4.550897704230412
Mandaluyong,2026-09-08T00:00:00+00:00,B,A,13.387721061706543,18.277777777777775,4.890056716071232
Mandaluyong,2026-09-08T00:00:00+00:00,C,A,11.003972053527832,18.277777777777775,7.273805724249943
Mandaluyong,2026-09-08T00:00:00+00:00,D,A,12.827232360839844,18.277777777777775,5.450545416937931
Mandaluyong,2026-09-08T00:00:00+00:00,A,B,13.726880073547363,18.277777777777775,4.550897704230412
Mandaluyong,2026-09-08T00:00:00+00:00,B,B,13.387721061706543,18.277777777777775,4.890056716071232
Mandaluyong,2026-09-08T00:00:00+00:00,C,B,11.003972053527832,18.277777777777775,7.273805724249943
Mandaluyong,2026-09-08T00:00:00+00:00,D,B,12.827232360839844,18.277777777777775,5.450545416937931
Mandaluyong,2026-09-08T00:00:00+00:00,A,S,12.986889839172363,18.277777777777775,5.290887938605412
Mandaluyong,2026-09-08T00:00:00+00:00,B,S,12.533598899841309,18.277777777777775,5.744178877936466
Mandaluyong,2026-09-08T00:00:00+00:00,C,S,10.59256649017334,18.277777777777775,7.685211287604435
Mandaluyong,2026-09-08T00:00:00+00:00,D,S,12.465893745422363,18.277777777777775,5.811884032355412
Mandaluyong,2026-09-08T00:00:00+00:00,A,C,14.115127563476562,18.277777777777775,4.1626502143012125
Mandaluyong,2026-09-08T00:00:00+00:00,B,C,13.29318618774414,18.277777777777775,4.984591590033634
Mandaluyong,2026-09-08T00:00:00+00:00,C,C,11.483302116394043,18.277777777777775,6.794475661383732
Mandaluyong,2026-09-08T00:00:00+00:00,D,C,12.465893745422363,18.277777777777775,5.811884032355412
Mandaluyong,2026-09-14T00:00:00+00:00,A,A,14.405177116394043,26.082608695652176,11.677431579258133
Mandaluyong,2026-09-14T00:00:00+00:00,B,A,12.1455717086792,26.082608695652176,13.937036986972977
Mandaluyong,2026-09-14T00:00:00+00:00,C,A,13.287182807922363,26.082608695652176,12.795425887729813
Mandaluyong,2026-09-14T00:00:00+00:00,D,A,13.422149658203125,26.082608695652176,12.660459037449051
Mandaluyong,2026-09-14T00:00:00+00:00,A,B,14.405177116394043,26.082608695652176,11.677431579258133
Mandaluyong,2026-09-14T00:00:00+00:00,B,B,12.1455717086792,26.082608695652176,13.937036986972977
Mandaluyong,2026-09-14T00:00:00+00:00,C,B,13.287182807922363,26.082608695652176,12.795425887729813
Mandaluyong,2026-09-14T00:00:00+00:00,D,B,13.422149658203125,26.082608695652176,12.660459037449051
Mandaluyong,2026-09-14T00:00:00+00:00,A,S,14.591849327087402,26.082608695652176,11.490759368564774
Mandaluyong,2026-09-14T00:00:00+00:00,B,S,14.72698974609375,26.082608695652176,11.355618949558426
Mandaluyong,2026-09-14T00:00:00+00:00,C,S,13.874934196472168,26.082608695652176,12.207674499180008
Mandaluyong,2026-09-14T00:00:00+00:00,D,S,13.799525260925293,26.082608695652176,12.283083434726883
Mandaluyong,2026-09-14T00:00:00+00:00,A,C,14.958590507507324,26.082608695652176,11.124018188144852
Mandaluyong,2026-09-14T00:00:00+00:00,B,C,15.17845630645752,26.082608695652176,10.904152389194657
Mandaluyong,2026-09-14T00:00:00+00:00,C,C,14.039196014404297,26.082608695652176,12.04341268124788
Mandaluyong,2026-09-14T00:00:00+00:00,D,C,13.799525260925293,26.082608695652176,12.283083434726883
Mandaluyong,2026-09-15T00:00:00+00:00,A,A,18.116497039794922,27.82777777777778,9.711280737982857
Mandaluyong,2026-09-15T00:00:00+00:00,B,A,14.969988822937012,27.82777777777778,12.857788954840768
Mandaluyong,2026-09-15T00:00:00+00:00,C,A,16.224668502807617,27.82777777777778,11.603109274970162
Mandaluyong,2026-09-15T00:00:00+00:00,D,A,18.91131591796875,27.82777777777778,8.91646185980903
Mandaluyong,2026-09-15T00:00:00+00:00,A,B,18.116497039794922,27.82777777777778,9.711280737982857
Mandaluyong,2026-09-15T00:00:00+00:00,B,B,14.969988822937012,27.82777777777778,12.857788954840768
Mandaluyong,2026-09-15T00:00:00+00:00,C,B,16.224668502807617,27.82777777777778,11.603109274970162
Mandaluyong,2026-09-15T00:00:00+00:00,D,B,18.91131591796875,27.82777777777778,8.91646185980903
Mandaluyong,2026-09-15T00:00:00+00:00,A,S,17.951555252075195,27.82777777777778,9.876222525702584
Mandaluyong,2026-09-15T00:00:00+00:00,B,S,14.144030570983887,27.82777777777778,13.683747206793893
Mandaluyong,2026-09-15T00:00:00+00:00,C,S,15.1650972366333,27.82777777777778,12.662680541144478
Mandaluyong,2026-09-15T00:00:00+00:00,D,S,18.61310386657715,27.82777777777778,9.21467391120063
Mandaluyong,2026-09-15T00:00:00+00:00,A,C,17.806230545043945,27.82777777777778,10.021547232733834
Mandaluyong,2026-09-15T00:00:00+00:00,B,C,13.93807601928711,27.82777777777778,13.88970175849067
Mandaluyong,2026-09-15T00:00:00+00:00,C,C,14.71950912475586,27.82777777777778,13.10826865302192
Mandaluyong,2026-09-15T00:00:00+00:00,D,C,18.61310386657715,27.82777777777778,9.21467391120063
Mandaluyong,2026-09-18T00:00:00+00:00,A,A,13.215408325195312,21.52380952380952,8.308401198614206
Mandaluyong,2026-09-18T00:00:00+00:00,B,A,14.954216003417969,21.52380952380952,6.56959352039155
Mandaluyong,2026-09-18T00:00:00+00:00,C,A,13.795483589172363,21.52380952380952,7.728325934637155
Mandaluyong,2026-09-18T00:00:00+00:00,D,A,18.976285934448242,21.52380952380952,2.547523589361276
Mandaluyong,2026-09-18T00:00:00+00:00,A,B,13.215408325195312,21.52380952380952,8.308401198614206
Mandaluyong,2026-09-18T00:00:00+00:00,B,B,14.954216003417969,21.52380952380952,6.56959352039155
Mandaluyong,2026-09-18T00:00:00+00:00,C,B,13.795483589172363,21.52380952380952,7.728325934637155
Mandaluyong,2026-09-18T00:00:00+00:00,D,B,18.976285934448242,21.52380952380952,2.547523589361276
Mandaluyong,2026-09-18T00:00:00+00:00,A,S,12.216614723205566,21.52380952380952,9.307194800603952
Mandaluyong,2026-09-18T00:00:00+00:00,B,S,12.462969779968262,21.52380952380952,9.060839743841257
Mandaluyong,2026-09-18T00:00:00+00:00,C,S,15.281696319580078,21.52380952380952,6.24211320422944
Mandaluyong,2026-09-18T00:00:00+00:00,D,S,18.69283103942871,21.52380952380952,2.8309784843808075
Mandaluyong,2026-09-18T00:00:00+00:00,A,C,13.7157621383667,21.52380952380952,7.808047385442819
Mandaluyong,2026-09-18T00:00:00+00:00,B,C,12.599114418029785,21.52380952380952,8.924695105779733
Mandaluyong,2026-09-18T00:00:00+00:00,C,C,15.084647178649902,21.52380952380952,6.439162345159616
Mandaluyong,2026-09-18T00:00:00+00:00,D,C,18.69283103942871,21.52380952380952,2.8309784843808075
Mandaluyong,2026-09-20T00:00:00+00:00,A,A,13.154850959777832,17.854545454545455,4.699694494767623
Mandaluyong,2026-09-20T00:00:00+00:00,B,A,14.321048736572266,17.854545454545455,3.5334967179731898
Mandaluyong,2026-09-20T00:00:00+00:00,C,A,15.992912292480469,17.854545454545455,1.8616331620649866
Mandaluyong,2026-09-20T00:00:00+00:00,D,A,16.28898811340332,17.854545454545455,1.565557341142135
Mandaluyong,2026-09-20T00:00:00+00:00,A,B,13.154850959777832,17.854545454545455,4.699694494767623
Mandaluyong,2026-09-20T00:00:00+00:00,B,B,14.321048736572266,17.854545454545455,3.5334967179731898
Mandaluyong,2026-09-20T00:00:00+00:00,C,B,15.992912292480469,17.854545454545455,1.8616331620649866
Mandaluyong,2026-09-20T00:00:00+00:00,D,B,16.28898811340332,17.854545454545455,1.565557341142135
Mandaluyong,2026-09-20T00:00:00+00:00,A,S,14.0345458984375,17.854545454545455,3.8199995561079554
Mandaluyong,2026-09-20T00:00:00+00:00,B,S,17.03834342956543,17.854545454545455,0.8162020249800257
Mandaluyong,2026-09-20T00:00:00+00:00,C,S,14.637614250183105,17.854545454545455,3.21693120436235
Mandaluyong,2026-09-20T00:00:00+00:00,D,S,19.530427932739258,17.854545454545455,1.6758824781938024
Mandaluyong,2026-09-20T00:00:00+00:00,A,C,14.416251182556152,17.854545454545455,3.438294271989303
Mandaluyong,2026-09-20T00:00:00+00:00,B,C,16.63022804260254,17.854545454545455,1.2243174119429163
Mandaluyong,2026-09-20T00:00:00+00:00,C,C,15.1435546875,17.854545454545455,2.7109907670454554
Mandaluyong,2026-09-20T00:00:00+00:00,D,C,19.530427932739258,17.854545454545455,1.6758824781938024
Mandaluyong,2026-09-21T00:00:00+00:00,A,A,13.533961296081543,17.559545454545454,4.025584158463911
Mandaluyong,2026-09-21T00:00:00+00:00,B,A,14.582459449768066,17.559545454545454,2.9770860047773873
Mandaluyong,2026-09-21T00:00:00+00:00,C,A,13.361644744873047,17.559545454545454,4.197900709672407
Mandaluyong,2026-09-21T00:00:00+00:00,D,A,21.11182975769043,17.559545454545454,3.552284303144976
Mandaluyong,2026-09-21T00:00:00+00:00,A,B,13.533961296081543,17.559545454545454,4.025584158463911
Mandaluyong,2026-09-21T00:00:00+00:00,B,B,14.582459449768066,17.559545454545454,2.9770860047773873
Mandaluyong,2026-09-21T00:00:00+00:00,C,B,13.361644744873047,17.559545454545454,4.197900709672407
Mandaluyong,2026-09-21T00:00:00+00:00,D,B,21.11182975769043,17.559545454545454,3.552284303144976
Mandaluyong,2026-09-21T00:00:00+00:00,A,S,13.756564140319824,17.559545454545454,3.8029813142256295
Mandaluyong,2026-09-21T00:00:00+00:00,B,S,13.098559379577637,17.559545454545454,4.460986074967817
Mandaluyong,2026-09-21T00:00:00+00:00,C,S,14.404679298400879,17.559545454545454,3.1548661561445748
Mandaluyong,2026-09-21T00:00:00+00:00,D,S,18.70448875427246,17.559545454545454,1.1449432997270073
Mandaluyong,2026-09-21T00:00:00+00:00,A,C,12.724003791809082,17.559545454545454,4.835541662736372
Mandaluyong,2026-09-21T00:00:00+00:00,B,C,13.050647735595703,17.559545454545454,4.5088977189497506
Mandaluyong,2026-09-21T00:00:00+00:00,C,C,14.33850383758545,17.559545454545454,3.2210416169600045
Mandaluyong,2026-09-21T00:00:00+00:00,D,C,18.70448875427246,17.559545454545454,1.1449432997270073
Mandaluyong,2026-09-22T00:00:00+00:00,A,A,14.755093574523926,21.866666666666664,7.111573092142738
Mandaluyong,2026-09-22T00:00:00+00:00,B,A,13.27769947052002,21.866666666666664,8.588967196146644
Mandaluyong,2026-09-22T00:00:00+00:00,C,A,12.94129467010498,21.866666666666664,8.925371996561683
Mandaluyong,2026-09-22T00:00:00+00:00,D,A,19.195255279541016,21.866666666666664,2.671411387125648
Mandaluyong,2026-09-22T00:00:00+00:00,A,B,14.755093574523926,21.866666666666664,7.111573092142738
Mandaluyong,2026-09-22T00:00:00+00:00,B,B,13.27769947052002,21.866666666666664,8.588967196146644
Mandaluyong,2026-09-22T00:00:00+00:00,C,B,12.94129467010498,21.866666666666664,8.925371996561683
Mandaluyong,2026-09-22T00:00:00+00:00,D,B,19.195255279541016,21.866666666666664,2.671411387125648
Mandaluyong,2026-09-22T00:00:00+00:00,A,S,15.03451919555664,21.866666666666664,6.832147471110023
Mandaluyong,2026-09-22T00:00:00+00:00,B,S,13.75809097290039,21.866666666666664,8.108575693766273
Mandaluyong,2026-09-22T00:00:00+00:00,C,S,13.707530975341797,21.866666666666664,8.159135691324867
Mandaluyong,2026-09-22T00:00:00+00:00,D,S,19.166805267333984,21.866666666666664,2.699861399332679
Mandaluyong,2026-09-22T00:00:00+00:00,A,C,13.692451477050781,21.866666666666664,8.174215189615882
Mandaluyong,2026-09-22T00:00:00+00:00,B,C,14.091784477233887,21.866666666666664,7.774882189432777
Mandaluyong,2026-09-22T00:00:00+00:00,C,C,14.0180082321167,21.866666666666664,7.848658434549964
Mandaluyong,2026-09-22T00:00:00+00:00,D,C,19.166805267333984,21.866666666666664,2.699861399332679
Mandaluyong,2026-09-23T00:00:00+00:00,A,A,14.155562400817871,27.139999999999997,12.984437599182126
Mandaluyong,2026-09-23T00:00:00+00:00,B,A,12.398550987243652,27.139999999999997,14.741449012756345
Mandaluyong,2026-09-23T00:00:00+00:00,C,A,14.684700012207031,27.139999999999997,12.455299987792966
Mandaluyong,2026-09-23T00:00:00+00:00,D,A,18.71532440185547,27.139999999999997,8.424675598144528
Mandaluyong,2026-09-23T00:00:00+00:00,A,B,14.155562400817871,27.139999999999997,12.984437599182126
Mandaluyong,2026-09-23T00:00:00+00:00,B,B,12.398550987243652,27.139999999999997,14.741449012756345
Mandaluyong,2026-09-23T00:00:00+00:00,C,B,14.684700012207031,27.139999999999997,12.455299987792966
Mandaluyong,2026-09-23T00:00:00+00:00,D,B,18.71532440185547,27.139999999999997,8.424675598144528
Mandaluyong,2026-09-23T00:00:00+00:00,A,S,13.31047534942627,27.139999999999997,13.829524650573727
Mandaluyong,2026-09-23T00:00:00+00:00,B,S,13.936800956726074,27.139999999999997,13.203199043273923
Mandaluyong,2026-09-23T00:00:00+00:00,C,S,15.246365547180176,27.139999999999997,11.893634452819821
Mandaluyong,2026-09-23T00:00:00+00:00,D,S,22.80736541748047,27.139999999999997,4.332634582519528
Mandaluyong,2026-09-23T00:00:00+00:00,A,C,13.277412414550781,27.139999999999997,13.862587585449216
Mandaluyong,2026-09-23T00:00:00+00:00,B,C,14.243281364440918,27.139999999999997,12.896718635559079
Mandaluyong,2026-09-23T00:00:00+00:00,C,C,15.247406005859375,27.139999999999997,11.892593994140622
Mandaluyong,2026-09-23T00:00:00+00:00,D,C,22.80736541748047,27.139999999999997,4.332634582519528
Mandaluyong,2026-09-25T00:00:00+00:00,A,A,11.44186782836914,21.573684210526316,10.131816382157176
Mandaluyong,2026-09-25T00:00:00+00:00,B,A,14.047500610351562,21.573684210526316,7.526183600174754
Mandaluyong,2026-09-25T00:00:00+00:00,C,A,14.850364685058594,21.573684210526316,6.723319525467723
Mandaluyong,2026-09-25T00:00:00+00:00,D,A,16.16533660888672,21.573684210526316,5.408347601639598
Mandaluyong,2026-09-25T00:00:00+00:00,A,B,11.44186782836914,21.573684210526316,10.131816382157176
Mandaluyong,2026-09-25T00:00:00+00:00,B,B,14.047500610351562,21.573684210526316,7.526183600174754
Mandaluyong,2026-09-25T00:00:00+00:00,C,B,14.850364685058594,21.573684210526316,6.723319525467723
Mandaluyong,2026-09-25T00:00:00+00:00,D,B,16.16533660888672,21.573684210526316,5.408347601639598
Mandaluyong,2026-09-25T00:00:00+00:00,A,S,13.183685302734375,21.573684210526316,8.389998907791941
Mandaluyong,2026-09-25T00:00:00+00:00,B,S,16.44194221496582,21.573684210526316,5.131741995560496
Mandaluyong,2026-09-25T00:00:00+00:00,C,S,15.226078987121582,21.573684210526316,6.347605223404734
Mandaluyong,2026-09-25T00:00:00+00:00,D,S,23.40924644470215,21.573684210526316,1.835562234175832
Mandaluyong,2026-09-25T00:00:00+00:00,A,C,14.318877220153809,21.573684210526316,7.254806990372508
Mandaluyong,2026-09-25T00:00:00+00:00,B,C,15.175838470458984,21.573684210526316,6.397845740067332
Mandaluyong,2026-09-25T00:00:00+00:00,C,C,15.767677307128906,21.573684210526316,5.80600690339741
Mandaluyong,2026-09-25T00:00:00+00:00,D,C,23.40924644470215,21.573684210526316,1.835562234175832
Mandaluyong,2026-09-26T00:00:00+00:00,A,A,11.958308219909668,29.383333333333336,17.42502511342367
Mandaluyong,2026-09-26T00:00:00+00:00,B,A,12.377686500549316,29.383333333333336,17.00564683278402
Mandaluyong,2026-09-26T00:00:00+00:00,C,A,13.483516693115234,29.383333333333336,15.899816640218102
Mandaluyong,2026-09-26T00:00:00+00:00,D,A,12.839764595031738,29.383333333333336,16.543568738301598
Mandaluyong,2026-09-26T00:00:00+00:00,A,B,11.958308219909668,29.383333333333336,17.42502511342367
Mandaluyong,2026-09-26T00:00:00+00:00,B,B,12.377686500549316,29.383333333333336,17.00564683278402
Mandaluyong,2026-09-26T00:00:00+00:00,C,B,13.483516693115234,29.383333333333336,15.899816640218102
Mandaluyong,2026-09-26T00:00:00+00:00,D,B,12.839764595031738,29.383333333333336,16.543568738301598
Mandaluyong,2026-09-26T00:00:00+00:00,A,S,14.279515266418457,29.383333333333336,15.10381806691488
Mandaluyong,2026-09-26T00:00:00+00:00,B,S,14.130436897277832,29.383333333333336,15.252896436055504
Mandaluyong,2026-09-26T00:00:00+00:00,C,S,11.828686714172363,29.383333333333336,17.554646619160973
Mandaluyong,2026-09-26T00:00:00+00:00,D,S,11.356907844543457,29.383333333333336,18.02642548878988
Mandaluyong,2026-09-26T00:00:00+00:00,A,C,12.22866439819336,29.383333333333336,17.154668935139977
Mandaluyong,2026-09-26T00:00:00+00:00,B,C,13.992268562316895,29.383333333333336,15.391064771016442
Mandaluyong,2026-09-26T00:00:00+00:00,C,C,12.388653755187988,29.383333333333336,16.994679578145348
Mandaluyong,2026-09-26T00:00:00+00:00,D,C,11.356907844543457,29.383333333333336,18.02642548878988
Mandaluyong,2026-09-27T00:00:00+00:00,A,A,15.091906547546387,30.09090909090909,14.999002543362703
Mandaluyong,2026-09-27T00:00:00+00:00,B,A,16.554563522338867,30.09090909090909,13.536345568570223
Mandaluyong,2026-09-27T00:00:00+00:00,C,A,17.675188064575195,30.09090909090909,12.415721026333895
Mandaluyong,2026-09-27T00:00:00+00:00,D,A,15.431190490722656,30.09090909090909,14.659718600186434
Mandaluyong,2026-09-27T00:00:00+00:00,A,B,15.091906547546387,30.09090909090909,14.999002543362703
Mandaluyong,2026-09-27T00:00:00+00:00,B,B,16.554563522338867,30.09090909090909,13.536345568570223
Mandaluyong,2026-09-27T00:00:00+00:00,C,B,17.675188064575195,30.09090909090909,12.415721026333895
Mandaluyong,2026-09-27T00:00:00+00:00,D,B,15.431190490722656,30.09090909090909,14.659718600186434
Mandaluyong,2026-09-27T00:00:00+00:00,A,S,14.85375690460205,30.09090909090909,15.23715218630704
Mandaluyong,2026-09-27T00:00:00+00:00,B,S,15.773959159851074,30.09090909090909,14.316949931058016
Mandaluyong,2026-09-27T00:00:00+00:00,C,S,16.443941116333008,30.09090909090909,13.646967974576082
Mandaluyong,2026-09-27T00:00:00+00:00,D,S,14.770126342773438,30.09090909090909,15.320782748135652
Mandaluyong,2026-09-27T00:00:00+00:00,A,C,13.741532325744629,30.09090909090909,16.34937676516446
Mandaluyong,2026-09-27T00:00:00+00:00,B,C,15.506312370300293,30.09090909090909,14.584596720608797
Mandaluyong,2026-09-27T00:00:00+00:00,C,C,16.284780502319336,30.09090909090909,13.806128588589754
Mandaluyong,2026-09-27T00:00:00+00:00,D,C,14.770126342773438,30.09090909090909,15.320782748135652
Navotas,2026-08-14T00:00:00+00:00,A,A,12.70348072052002,56.87777777777777,44.17429705725775
Navotas,2026-08-14T00:00:00+00:00,B,A,14.453082084655762,56.87777777777777,42.42469569312201
Navotas,2026-08-14T00:00:00+00:00,C,A,14.326014518737793,56.87777777777777,42.55176325903998
Navotas,2026-08-14T00:00:00+00:00,D,A,13.8976469039917,56.87777777777777,42.980130873786074
Navotas,2026-08-14T00:00:00+00:00,A,B,12.70348072052002,56.87777777777777,44.17429705725775
Navotas,2026-08-14T00:00:00+00:00,B,B,14.453082084655762,56.87777777777777,42.42469569312201
Navotas,2026-08-14T00:00:00+00:00,C,B,14.326014518737793,56.87777777777777,42.55176325903998
Navotas,2026-08-14T00:00:00+00:00,D,B,13.8976469039917,56.87777777777777,42.980130873786074
Navotas,2026-08-14T00:00:00+00:00,A,S,11.04381275177002,56.87777777777777,45.83396502600775
Navotas,2026-08-14T00:00:00+00:00,B,S,16.187625885009766,56.87777777777777,40.69015189276801
Navotas,2026-08-14T00:00:00+00:00,C,S,18.637666702270508,56.87777777777777,38.240111075507265
Navotas,2026-08-14T00:00:00+00:00,D,S,12.091270446777344,56.87777777777777,44.78650733100043
Navotas,2026-08-14T00:00:00+00:00,A,C,11.342822074890137,56.87777777777777,45.534955702887636
Navotas,2026-08-14T00:00:00+00:00,B,C,16.113889694213867,56.87777777777777,40.763888083563906
Navotas,2026-08-14T00:00:00+00:00,C,C,18.863956451416016,56.87777777777777,38.01382132636176
Navotas,2026-08-14T00:00:00+00:00,D,C,12.091270446777344,56.87777777777777,44.78650733100043
Navotas,2026-08-15T00:00:00+00:00,A,A,13.01298999786377,20.230434782608693,7.217444784744924
Navotas,2026-08-15T00:00:00+00:00,B,A,13.19353199005127,20.230434782608693,7.036902792557424
Navotas,2026-08-15T00:00:00+00:00,C,A,13.453742027282715,20.230434782608693,6.776692755325978
Navotas,2026-08-15T00:00:00+00:00,D,A,16.32794952392578,20.230434782608693,3.902485258682912
Navotas,2026-08-15T00:00:00+00:00,A,B,13.01298999786377,20.230434782608693,7.217444784744924
Navotas,2026-08-15T00:00:00+00:00,B,B,13.19353199005127,20.230434782608693,7.036902792557424
Navotas,2026-08-15T00:00:00+00:00,C,B,13.453742027282715,20.230434782608693,6.776692755325978
Navotas,2026-08-15T00:00:00+00:00,D,B,16.32794952392578,20.230434782608693,3.902485258682912
Navotas,2026-08-15T00:00:00+00:00,A,S,11.666973114013672,20.230434782608693,8.563461668595021
Navotas,2026-08-15T00:00:00+00:00,B,S,15.361048698425293,20.230434782608693,4.8693860841834
Navotas,2026-08-15T00:00:00+00:00,C,S,14.656905174255371,20.230434782608693,5.573529608353322
Navotas,2026-08-15T00:00:00+00:00,D,S,14.20875072479248,20.230434782608693,6.021684057816213
Navotas,2026-08-15T00:00:00+00:00,A,C,14.048548698425293,20.230434782608693,6.1818860841834
Navotas,2026-08-15T00:00:00+00:00,B,C,16.18235969543457,20.230434782608693,4.048075087174123
Navotas,2026-08-15T00:00:00+00:00,C,C,14.45855712890625,20.230434782608693,5.771877653702443
Navotas,2026-08-15T00:00:00+00:00,D,C,14.20875072479248,20.230434782608693,6.021684057816213
Navotas,2026-08-16T00:00:00+00:00,A,A,14.42933177947998,25.385263157894737,10.955931378414757
Navotas,2026-08-16T00:00:00+00:00,B,A,12.155091285705566,25.385263157894737,13.230171872189171
Navotas,2026-08-16T00:00:00+00:00,C,A,13.900097846984863,25.385263157894737,11.485165310909874
Navotas,2026-08-16T00:00:00+00:00,D,A,15.394038200378418,25.385263157894737,9.99122495751632
Navotas,2026-08-16T00:00:00+00:00,A,B,14.42933177947998,25.385263157894737,10.955931378414757
Navotas,2026-08-16T00:00:00+00:00,B,B,12.155091285705566,25.385263157894737,13.230171872189171
Navotas,2026-08-16T00:00:00+00:00,C,B,13.900097846984863,25.385263157894737,11.485165310909874
Navotas,2026-08-16T00:00:00+00:00,D,B,15.394038200378418,25.385263157894737,9.99122495751632
Navotas,2026-08-16T00:00:00+00:00,A,S,14.902507781982422,25.385263157894737,10.482755375912316
Navotas,2026-08-16T00:00:00+00:00,B,S,15.68343448638916,25.385263157894737,9.701828671505577
Navotas,2026-08-16T00:00:00+00:00,C,S,13.744858741760254,25.385263157894737,11.640404416134484
Navotas,2026-08-16T00:00:00+00:00,D,S,15.87813663482666,25.385263157894737,9.507126523068077
Navotas,2026-08-16T00:00:00+00:00,A,C,15.031617164611816,25.385263157894737,10.353645993282921
Navotas,2026-08-16T00:00:00+00:00,B,C,14.564007759094238,25.385263157894737,10.8212553988005
Navotas,2026-08-16T00:00:00+00:00,C,C,13.056607246398926,25.385263157894737,12.328655911495812
Navotas,2026-08-16T00:00:00+00:00,D,C,15.87813663482666,25.385263157894737,9.507126523068077
Navotas,2026-08-25T00:00:00+00:00,A,A,17.322265625,29.78421052631579,12.461944901315789
Navotas,2026-08-25T00:00:00+00:00,B,A,17.972116470336914,29.78421052631579,11.812094055978875
Navotas,2026-08-25T00:00:00+00:00,C,A,19.74126625061035,29.78421052631579,10.042944275705437
Navotas,2026-08-25T00:00:00+00:00,D,A,25.076475143432617,29.78421052631579,4.707735382883172
Navotas,2026-08-25T00:00:00+00:00,A,B,17.322265625,29.78421052631579,12.461944901315789
Navotas,2026-08-25T00:00:00+00:00,B,B,17.972116470336914,29.78421052631579,11.812094055978875
Navotas,2026-08-25T00:00:00+00:00,C,B,19.74126625061035,29.78421052631579,10.042944275705437
Navotas,2026-08-25T00:00:00+00:00,D,B,25.076475143432617,29.78421052631579,4.707735382883172
Navotas,2026-08-25T00:00:00+00:00,A,S,16.033750534057617,29.78421052631579,13.750459992258172
Navotas,2026-08-25T00:00:00+00:00,B,S,14.833977699279785,29.78421052631579,14.950232827036004
Navotas,2026-08-25T00:00:00+00:00,C,S,18.5920352935791,29.78421052631579,11.192175232736687
Navotas,2026-08-25T00:00:00+00:00,D,S,21.85771369934082,29.78421052631579,7.926496826974969
Navotas,2026-08-25T00:00:00+00:00,A,C,16.934188842773438,29.78421052631579,12.850021683542352
Navotas,2026-08-25T00:00:00+00:00,B,C,15.070073127746582,29.78421052631579,14.714137398569207
Navotas,2026-08-25T00:00:00+00:00,C,C,18.981353759765625,29.78421052631579,10.802856766550164
Navotas,2026-08-25T00:00:00+00:00,D,C,21.85771369934082,29.78421052631579,7.926496826974969
Navotas,2026-08-26T00:00:00+00:00,A,A,17.363155364990234,16.52777777777778,0.8353775872124558
Navotas,2026-08-26T00:00:00+00:00,B,A,19.809900283813477,16.52777777777778,3.282122506035698
Navotas,2026-08-26T00:00:00+00:00,C,A,19.645856857299805,16.52777777777778,3.118079079522026
Navotas,2026-08-26T00:00:00+00:00,D,A,17.56958770751953,16.52777777777778,1.0418099297417527
Navotas,2026-08-26T00:00:00+00:00,A,B,17.363155364990234,16.52777777777778,0.8353775872124558
Navotas,2026-08-26T00:00:00+00:00,B,B,19.809900283813477,16.52777777777778,3.282122506035698
Navotas,2026-08-26T00:00:00+00:00,C,B,19.645856857299805,16.52777777777778,3.118079079522026
Navotas,2026-08-26T00:00:00+00:00,D,B,17.56958770751953,16.52777777777778,1.0418099297417527
Navotas,2026-08-26T00:00:00+00:00,A,S,17.35466194152832,16.52777777777778,0.8268841637505417
Navotas,2026-08-26T00:00:00+00:00,B,S,16.154813766479492,16.52777777777778,0.3729640112982864
Navotas,2026-08-26T00:00:00+00:00,C,S,16.57695960998535,16.52777777777778,0.049181832207572995
Navotas,2026-08-26T00:00:00+00:00,D,S,15.958979606628418,16.52777777777778,0.5687981711493606
Navotas,2026-08-26T00:00:00+00:00,A,C,18.897605895996094,16.52777777777778,2.369828118218315
Navotas,2026-08-26T00:00:00+00:00,B,C,17.26313591003418,16.52777777777778,0.7353581322564011
Navotas,2026-08-26T00:00:00+00:00,C,C,16.416990280151367,16.52777777777778,0.11078749762641138
Navotas,2026-08-26T00:00:00+00:00,D,C,15.958979606628418,16.52777777777778,0.5687981711493606
Navotas,2026-08-28T00:00:00+00:00,A,A,14.618182182312012,12.232222222222223,2.3859599600897887
Navotas,2026-08-28T00:00:00+00:00,B,A,15.676822662353516,12.232222222222223,3.4446004401312926
Navotas,2026-08-28T00:00:00+00:00,C,A,14.340653419494629,12.232222222222223,2.108431197272406
Navotas,2026-08-28T00:00:00+00:00,D,A,10.607352256774902,12.232222222222223,1.6248699654473207
Navotas,2026-08-28T00:00:00+00:00,A,B,14.618182182312012,12.232222222222223,2.3859599600897887
Navotas,2026-08-28T00:00:00+00:00,B,B,15.676822662353516,12.232222222222223,3.4446004401312926
Navotas,2026-08-28T00:00:00+00:00,C,B,14.340653419494629,12.232222222222223,2.108431197272406
Navotas,2026-08-28T00:00:00+00:00,D,B,10.607352256774902,12.232222222222223,1.6248699654473207
Navotas,2026-08-28T00:00:00+00:00,A,S,12.566940307617188,12.232222222222223,0.3347180853949645
Navotas,2026-08-28T00:00:00+00:00,B,S,12.0701322555542,12.232222222222223,0.16208996666802378
Navotas,2026-08-28T00:00:00+00:00,C,S,13.512677192687988,12.232222222222223,1.2804549704657653
Navotas,2026-08-28T00:00:00+00:00,D,S,10.916071891784668,12.232222222222223,1.316150330437555
Navotas,2026-08-28T00:00:00+00:00,A,C,12.455276489257812,12.232222222222223,0.2230542670355895
Navotas,2026-08-28T00:00:00+00:00,B,C,12.410296440124512,12.232222222222223,0.17807421790228872
Navotas,2026-08-28T00:00:00+00:00,C,C,12.9275541305542,12.232222222222223,0.6953319083319762
Navotas,2026-08-28T00:00:00+00:00,D,C,10.916071891784668,12.232222222222223,1.316150330437555
Navotas,2026-08-30T00:00:00+00:00,A,A,14.444859504699707,47.02777777777778,32.58291827307807
Navotas,2026-08-30T00:00:00+00:00,B,A,14.737957000732422,47.02777777777778,32.28982077704536
Navotas,2026-08-30T00:00:00+00:00,C,A,14.759734153747559,47.02777777777778,32.26804362403022
Navotas,2026-08-30T00:00:00+00:00,D,A,12.200867652893066,47.02777777777778,34.82691012488471
Navotas,2026-08-30T00:00:00+00:00,A,B,14.444859504699707,47.02777777777778,32.58291827307807
Navotas,2026-08-30T00:00:00+00:00,B,B,14.737957000732422,47.02777777777778,32.28982077704536
Navotas,2026-08-30T00:00:00+00:00,C,B,14.759734153747559,47.02777777777778,32.26804362403022
Navotas,2026-08-30T00:00:00+00:00,D,B,12.200867652893066,47.02777777777778,34.82691012488471
Navotas,2026-08-30T00:00:00+00:00,A,S,12.282567024230957,47.02777777777778,34.74521075354682
Navotas,2026-08-30T00:00:00+00:00,B,S,11.842784881591797,47.02777777777778,35.18499289618598
Navotas,2026-08-30T00:00:00+00:00,C,S,13.993363380432129,47.02777777777778,33.03441439734565
Navotas,2026-08-30T00:00:00+00:00,D,S,10.934444427490234,47.02777777777778,36.093333350287544
Navotas,2026-08-30T00:00:00+00:00,A,C,13.21723461151123,47.02777777777778,33.81054316626655
Navotas,2026-08-30T00:00:00+00:00,B,C,11.909197807312012,47.02777777777778,35.11857997046577
Navotas,2026-08-30T00:00:00+00:00,C,C,14.825446128845215,47.02777777777778,32.202331648932564
Navotas,2026-08-30T00:00:00+00:00,D,C,10.934444427490234,47.02777777777778,36.093333350287544
Navotas,2026-08-31T00:00:00+00:00,A,A,18.42279052734375,71.3,52.87720947265625
Navotas,2026-08-31T00:00:00+00:00,B,A,17.281898498535156,71.3,54.01810150146484
Navotas,2026-08-31T00:00:00+00:00,C,A,20.32985496520996,71.3,50.970145034790036
Navotas,2026-08-31T00:00:00+00:00,D,A,18.031763076782227,71.3,53.26823692321777
Navotas,2026-08-31T00:00:00+00:00,A,B,18.42279052734375,71.3,52.87720947265625
Navotas,2026-08-31T00:00:00+00:00,B,B,17.281898498535156,71.3,54.01810150146484
Navotas,2026-08-31T00:00:00+00:00,C,B,20.32985496520996,71.3,50.970145034790036
Navotas,2026-08-31T00:00:00+00:00,D,B,18.031763076782227,71.3,53.26823692321777
Navotas,2026-08-31T00:00:00+00:00,A,S,16.437292098999023,71.3,54.862707901000974
Navotas,2026-08-31T00:00:00+00:00,B,S,14.790560722351074,71.3,56.50943927764892
Navotas,2026-08-31T00:00:00+00:00,C,S,22.25020408630371,71.3,49.049795913696286
Navotas,2026-08-31T00:00:00+00:00,D,S,19.792667388916016,71.3,51.50733261108398
Navotas,2026-08-31T00:00:00+00:00,A,C,15.96701717376709,71.3,55.33298282623291
Navotas,2026-08-31T00:00:00+00:00,B,C,14.834983825683594,71.3,56.4650161743164
Navotas,2026-08-31T00:00:00+00:00,C,C,23.041467666625977,71.3,48.25853233337402
Navotas,2026-08-31T00:00:00+00:00,D,C,19.792667388916016,71.3,51.50733261108398
Navotas,2026-09-01T00:00:00+00:00,A,A,22.816917419433594,28.366666666666667,5.549749247233073
Navotas,2026-09-01T00:00:00+00:00,B,A,19.865642547607422,28.366666666666667,8.501024119059245
Navotas,2026-09-01T00:00:00+00:00,C,A,23.556264877319336,28.366666666666667,4.810401789347331
Navotas,2026-09-01T00:00:00+00:00,D,A,20.69721794128418,28.366666666666667,7.6694487253824875
Navotas,2026-09-01T00:00:00+00:00,A,B,22.816917419433594,28.366666666666667,5.549749247233073
Navotas,2026-09-01T00:00:00+00:00,B,B,19.865642547607422,28.366666666666667,8.501024119059245
Navotas,2026-09-01T00:00:00+00:00,C,B,23.556264877319336,28.366666666666667,4.810401789347331
Navotas,2026-09-01T00:00:00+00:00,D,B,20.69721794128418,28.366666666666667,7.6694487253824875
Navotas,2026-09-01T00:00:00+00:00,A,S,22.8189640045166,28.366666666666667,5.547702662150066
Navotas,2026-09-01T00:00:00+00:00,B,S,20.998754501342773,28.366666666666667,7.367912165323894
Navotas,2026-09-01T00:00:00+00:00,C,S,23.900358200073242,28.366666666666667,4.466308466593425
Navotas,2026-09-01T00:00:00+00:00,D,S,28.726816177368164,28.366666666666667,0.3601495107014969
Navotas,2026-09-01T00:00:00+00:00,A,C,24.150781631469727,28.366666666666667,4.215885035196941
Navotas,2026-09-01T00:00:00+00:00,B,C,21.111175537109375,28.366666666666667,7.255491129557292
Navotas,2026-09-01T00:00:00+00:00,C,C,23.727262496948242,28.366666666666667,4.639404169718425
Navotas,2026-09-01T00:00:00+00:00,D,C,28.726816177368164,28.366666666666667,0.3601495107014969
Navotas,2026-09-03T00:00:00+00:00,A,A,18.31317138671875,17.071315789473687,1.2418555972450633
Navotas,2026-09-03T00:00:00+00:00,B,A,17.956954956054688,17.071315789473687,0.8856391665810008
Navotas,2026-09-03T00:00:00+00:00,C,A,20.538476943969727,17.071315789473687,3.46716115449604
Navotas,2026-09-03T00:00:00+00:00,D,A,20.8422908782959,17.071315789473687,3.7709750888222118
Navotas,2026-09-03T00:00:00+00:00,A,B,18.31317138671875,17.071315789473687,1.2418555972450633
Navotas,2026-09-03T00:00:00+00:00,B,B,17.956954956054688,17.071315789473687,0.8856391665810008
Navotas,2026-09-03T00:00:00+00:00,C,B,20.538476943969727,17.071315789473687,3.46716115449604
Navotas,2026-09-03T00:00:00+00:00,D,B,20.8422908782959,17.071315789473687,3.7709750888222118
Navotas,2026-09-03T00:00:00+00:00,A,S,17.98414421081543,17.071315789473687,0.912828421341743
Navotas,2026-09-03T00:00:00+00:00,B,S,18.471349716186523,17.071315789473687,1.4000339267128368
Navotas,2026-09-03T00:00:00+00:00,C,S,15.354896545410156,17.071315789473687,1.7164192440635304
Navotas,2026-09-03T00:00:00+00:00,D,S,14.207748413085938,17.071315789473687,2.863567376387749
Navotas,2026-09-03T00:00:00+00:00,A,C,19.976743698120117,17.071315789473687,2.9054279086464305
Navotas,2026-09-03T00:00:00+00:00,B,C,18.574403762817383,17.071315789473687,1.5030879733436961
Navotas,2026-09-03T00:00:00+00:00,C,C,16.0006046295166,17.071315789473687,1.070711159957085
Navotas,2026-09-03T00:00:00+00:00,D,C,14.207748413085938,17.071315789473687,2.863567376387749
Navotas,2026-09-04T00:00:00+00:00,A,A,16.51050567626953,16.939999999999998,0.4294943237304665
Navotas,2026-09-04T00:00:00+00:00,B,A,13.63257884979248,16.939999999999998,3.3074211502075173
Navotas,2026-09-04T00:00:00+00:00,C,A,15.855425834655762,16.939999999999998,1.084574165344236
Navotas,2026-09-04T00:00:00+00:00,D,A,16.25286293029785,16.939999999999998,0.6871370697021462
Navotas,2026-09-04T00:00:00+00:00,A,B,16.51050567626953,16.939999999999998,0.4294943237304665
Navotas,2026-09-04T00:00:00+00:00,B,B,13.63257884979248,16.939999999999998,3.3074211502075173
Navotas,2026-09-04T00:00:00+00:00,C,B,15.855425834655762,16.939999999999998,1.084574165344236
Navotas,2026-09-04T00:00:00+00:00,D,B,16.25286293029785,16.939999999999998,0.6871370697021462
Navotas,2026-09-04T00:00:00+00:00,A,S,15.015384674072266,16.939999999999998,1.924615325927732
Navotas,2026-09-04T00:00:00+00:00,B,S,11.159560203552246,16.939999999999998,5.780439796447752
Navotas,2026-09-04T00:00:00+00:00,C,S,17.20960807800293,16.939999999999998,0.26960807800293196
Navotas,2026-09-04T00:00:00+00:00,D,S,20.028322219848633,16.939999999999998,3.088322219848635
Navotas,2026-09-04T00:00:00+00:00,A,C,13.875393867492676,16.939999999999998,3.064606132507322
Navotas,2026-09-04T00:00:00+00:00,B,C,12.186935424804688,16.939999999999998,4.75306457519531
Navotas,2026-09-04T00:00:00+00:00,C,C,18.044214248657227,16.939999999999998,1.1042142486572288
Navotas,2026-09-04T00:00:00+00:00,D,C,20.028322219848633,16.939999999999998,3.088322219848635
Navotas,2026-09-05T00:00:00+00:00,A,A,10.257489204406738,12.527727272727274,2.270238068320536
Navotas,2026-09-05T00:00:00+00:00,B,A,12.908743858337402,12.527727272727274,0.3810165856101282
Navotas,2026-09-05T00:00:00+00:00,C,A,11.210871696472168,12.527727272727274,1.3168555762551062
Navotas,2026-09-05T00:00:00+00:00,D,A,13.535981178283691,12.527727272727274,1.0082539055564173
Navotas,2026-09-05T00:00:00+00:00,A,B,10.257489204406738,12.527727272727274,2.270238068320536
Navotas,2026-09-05T00:00:00+00:00,B,B,12.908743858337402,12.527727272727274,0.3810165856101282
Navotas,2026-09-05T00:00:00+00:00,C,B,11.210871696472168,12.527727272727274,1.3168555762551062
Navotas,2026-09-05T00:00:00+00:00,D,B,13.535981178283691,12.527727272727274,1.0082539055564173
Navotas,2026-09-05T00:00:00+00:00,A,S,11.756869316101074,12.527727272727274,0.7708579566261999
Navotas,2026-09-05T00:00:00+00:00,B,S,12.626136779785156,12.527727272727274,0.0984095070578821
Navotas,2026-09-05T00:00:00+00:00,C,S,11.303515434265137,12.527727272727274,1.2242118384621374
Navotas,2026-09-05T00:00:00+00:00,D,S,10.740219116210938,12.527727272727274,1.7875081565163367
Navotas,2026-09-05T00:00:00+00:00,A,C,12.76357364654541,12.527727272727274,0.235846373818136
Navotas,2026-09-05T00:00:00+00:00,B,C,13.507511138916016,12.527727272727274,0.9797838661887415
Navotas,2026-09-05T00:00:00+00:00,C,C,10.573060035705566,12.527727272727274,1.9546672370217077
Navotas,2026-09-05T00:00:00+00:00,D,C,10.740219116210938,12.527727272727274,1.7875081565163367
Navotas,2026-09-06T00:00:00+00:00,A,A,11.79690933227539,18.667499999999997,6.870590667724606
Navotas,2026-09-06T00:00:00+00:00,B,A,10.673808097839355,18.667499999999997,7.993691902160641
Navotas,2026-09-06T00:00:00+00:00,C,A,10.289165496826172,18.667499999999997,8.378334503173825
Navotas,2026-09-06T00:00:00+00:00,D,A,11.560920715332031,18.667499999999997,7.106579284667966
Navotas,2026-09-06T00:00:00+00:00,A,B,11.79690933227539,18.667499999999997,6.870590667724606
Navotas,2026-09-06T00:00:00+00:00,B,B,10.673808097839355,18.667499999999997,7.993691902160641
Navotas,2026-09-06T00:00:00+00:00,C,B,10.289165496826172,18.667499999999997,8.378334503173825
Navotas,2026-09-06T00:00:00+00:00,D,B,11.560920715332031,18.667499999999997,7.106579284667966
Navotas,2026-09-06T00:00:00+00:00,A,S,10.870158195495605,18.667499999999997,7.797341804504391
Navotas,2026-09-06T00:00:00+00:00,B,S,12.633206367492676,18.667499999999997,6.034293632507321
Navotas,2026-09-06T00:00:00+00:00,C,S,10.220145225524902,18.667499999999997,8.447354774475095
Navotas,2026-09-06T00:00:00+00:00,D,S,12.707097053527832,18.667499999999997,5.960402946472165
Navotas,2026-09-06T00:00:00+00:00,A,C,10.543213844299316,18.667499999999997,8.12428615570068
Navotas,2026-09-06T00:00:00+00:00,B,C,12.812176704406738,18.667499999999997,5.855323295593259
Navotas,2026-09-06T00:00:00+00:00,C,C,10.505433082580566,18.667499999999997,8.16206691741943
Navotas,2026-09-06T00:00:00+00:00,D,C,12.707097053527832,18.667499999999997,5.960402946472165
Navotas,2026-09-07T00:00:00+00:00,A,A,10.069661140441895,24.3175,14.247838859558104
Navotas,2026-09-07T00:00:00+00:00,B,A,12.015759468078613,24.3175,12.301740531921386
Navotas,2026-09-07T00:00:00+00:00,C,A,10.6392240524292,24.3175,13.6782759475708
Navotas,2026-09-07T00:00:00+00:00,D,A,14.377995491027832,24.3175,9.939504508972167
Navotas,2026-09-07T00:00:00+00:00,A,B,10.069661140441895,24.3175,14.247838859558104
Navotas,2026-09-07T00:00:00+00:00,B,B,12.015759468078613,24.3175,12.301740531921386
Navotas,2026-09-07T00:00:00+00:00,C,B,10.6392240524292,24.3175,13.6782759475708
Navotas,2026-09-07T00:00:00+00:00,D,B,14.377995491027832,24.3175,9.939504508972167
Navotas,2026-09-07T00:00:00+00:00,A,S,9.861680030822754,24.3175,14.455819969177245
Navotas,2026-09-07T00:00:00+00:00,B,S,12.197657585144043,24.3175,12.119842414855956
Navotas,2026-09-07T00:00:00+00:00,C,S,11.842506408691406,24.3175,12.474993591308593
Navotas,2026-09-07T00:00:00+00:00,D,S,16.898115158081055,24.3175,7.419384841918944
Navotas,2026-09-07T00:00:00+00:00,A,C,10.155655860900879,24.3175,14.16184413909912
Navotas,2026-09-07T00:00:00+00:00,B,C,12.527386665344238,24.3175,11.79011333465576
Navotas,2026-09-07T00:00:00+00:00,C,C,12.1301908493042,24.3175,12.1873091506958
Navotas,2026-09-07T00:00:00+00:00,D,C,16.898115158081055,24.3175,7.419384841918944
Navotas,2026-09-14T00:00:00+00:00,A,A,14.028670310974121,33.20909090909091,19.18042059811679
Navotas,2026-09-14T00:00:00+00:00,B,A,13.764920234680176,33.20909090909091,19.444170674410735
Navotas,2026-09-14T00:00:00+00:00,C,A,16.716842651367188,33.20909090909091,16.492248257723723
Navotas,2026-09-14T00:00:00+00:00,D,A,15.319575309753418,33.20909090909091,17.889515599337493
Navotas,2026-09-14T00:00:00+00:00,A,B,14.028670310974121,33.20909090909091,19.18042059811679
Navotas,2026-09-14T00:00:00+00:00,B,B,13.764920234680176,33.20909090909091,19.444170674410735
Navotas,2026-09-14T00:00:00+00:00,C,B,16.716842651367188,33.20909090909091,16.492248257723723
Navotas,2026-09-14T00:00:00+00:00,D,B,15.319575309753418,33.20909090909091,17.889515599337493
Navotas,2026-09-14T00:00:00+00:00,A,S,13.812575340270996,33.20909090909091,19.396515568819915
Navotas,2026-09-14T00:00:00+00:00,B,S,13.450272560119629,33.20909090909091,19.758818348971282
Navotas,2026-09-14T00:00:00+00:00,C,S,18.245939254760742,33.20909090909091,14.963151654330169
Navotas,2026-09-14T00:00:00+00:00,D,S,17.8002986907959,33.20909090909091,15.408792218295012
Navotas,2026-09-14T00:00:00+00:00,A,C,15.903255462646484,33.20909090909091,17.305835446444426
Navotas,2026-09-14T00:00:00+00:00,B,C,13.935440063476562,33.20909090909091,19.27365084561435
Navotas,2026-09-14T00:00:00+00:00,C,C,18.56085205078125,33.20909090909091,14.64823885830966
Navotas,2026-09-14T00:00:00+00:00,D,C,17.8002986907959,33.20909090909091,15.408792218295012
Navotas,2026-09-15T00:00:00+00:00,A,A,12.600077629089355,41.005,28.404922370910647
Navotas,2026-09-15T00:00:00+00:00,B,A,13.47204875946045,41.005,27.532951240539553
Navotas,2026-09-15T00:00:00+00:00,C,A,15.306321144104004,41.005,25.698678855896
Navotas,2026-09-15T00:00:00+00:00,D,A,14.77418041229248,41.005,26.230819587707522
Navotas,2026-09-15T00:00:00+00:00,A,B,12.600077629089355,41.005,28.404922370910647
Navotas,2026-09-15T00:00:00+00:00,B,B,13.47204875946045,41.005,27.532951240539553
Navotas,2026-09-15T00:00:00+00:00,C,B,15.306321144104004,41.005,25.698678855896
Navotas,2026-09-15T00:00:00+00:00,D,B,14.77418041229248,41.005,26.230819587707522
Navotas,2026-09-15T00:00:00+00:00,A,S,12.86877727508545,41.005,28.136222724914553
Navotas,2026-09-15T00:00:00+00:00,B,S,11.987937927246094,41.005,29.01706207275391
Navotas,2026-09-15T00:00:00+00:00,C,S,14.113567352294922,41.005,26.89143264770508
Navotas,2026-09-15T00:00:00+00:00,D,S,13.914463996887207,41.005,27.090536003112796
Navotas,2026-09-15T00:00:00+00:00,A,C,12.966570854187012,41.005,28.03842914581299
Navotas,2026-09-15T00:00:00+00:00,B,C,12.336627006530762,41.005,28.66837299346924
Navotas,2026-09-15T00:00:00+00:00,C,C,13.790618896484375,41.005,27.214381103515628
Navotas,2026-09-15T00:00:00+00:00,D,C,13.914463996887207,41.005,27.090536003112796
Navotas,2026-09-18T00:00:00+00:00,A,A,13.089886665344238,41.79473684210526,28.70485017676102
Navotas,2026-09-18T00:00:00+00:00,B,A,14.640289306640625,41.79473684210526,27.154447535464634
Navotas,2026-09-18T00:00:00+00:00,C,A,15.653626441955566,41.79473684210526,26.141110400149692
Navotas,2026-09-18T00:00:00+00:00,D,A,15.813586235046387,41.79473684210526,25.981150607058872
Navotas,2026-09-18T00:00:00+00:00,A,B,13.089886665344238,41.79473684210526,28.70485017676102
Navotas,2026-09-18T00:00:00+00:00,B,B,14.640289306640625,41.79473684210526,27.154447535464634
Navotas,2026-09-18T00:00:00+00:00,C,B,15.653626441955566,41.79473684210526,26.141110400149692
Navotas,2026-09-18T00:00:00+00:00,D,B,15.813586235046387,41.79473684210526,25.981150607058872
Navotas,2026-09-18T00:00:00+00:00,A,S,12.301758766174316,41.79473684210526,29.492978075930942
Navotas,2026-09-18T00:00:00+00:00,B,S,13.470909118652344,41.79473684210526,28.323827723452915
Navotas,2026-09-18T00:00:00+00:00,C,S,20.336585998535156,41.79473684210526,21.458150843570102
Navotas,2026-09-18T00:00:00+00:00,D,S,14.802788734436035,41.79473684210526,26.991948107669224
Navotas,2026-09-18T00:00:00+00:00,A,C,12.315726280212402,41.79473684210526,29.479010561892856
Navotas,2026-09-18T00:00:00+00:00,B,C,13.632840156555176,41.79473684210526,28.161896685550083
Navotas,2026-09-18T00:00:00+00:00,C,C,21.543508529663086,41.79473684210526,20.251228312442173
Navotas,2026-09-18T00:00:00+00:00,D,C,14.802788734436035,41.79473684210526,26.991948107669224
Navotas,2026-09-20T00:00:00+00:00,A,A,14.764090538024902,26.120833333333334,11.356742795308431
Navotas,2026-09-20T00:00:00+00:00,B,A,12.79222583770752,26.120833333333334,13.328607495625814
Navotas,2026-09-20T00:00:00+00:00,C,A,15.971007347106934,26.120833333333334,10.1498259862264
Navotas,2026-09-20T00:00:00+00:00,D,A,16.111778259277344,26.120833333333334,10.00905507405599
Navotas,2026-09-20T00:00:00+00:00,A,B,14.764090538024902,26.120833333333334,11.356742795308431
Navotas,2026-09-20T00:00:00+00:00,B,B,12.79222583770752,26.120833333333334,13.328607495625814
Navotas,2026-09-20T00:00:00+00:00,C,B,15.971007347106934,26.120833333333334,10.1498259862264
Navotas,2026-09-20T00:00:00+00:00,D,B,16.111778259277344,26.120833333333334,10.00905507405599
Navotas,2026-09-20T00:00:00+00:00,A,S,14.933395385742188,26.120833333333334,11.187437947591146
Navotas,2026-09-20T00:00:00+00:00,B,S,18.567049026489258,26.120833333333334,7.553784306844076
Navotas,2026-09-20T00:00:00+00:00,C,S,15.660557746887207,26.120833333333334,10.460275586446127
Navotas,2026-09-20T00:00:00+00:00,D,S,27.00844383239746,26.120833333333334,0.8876104990641274
Navotas,2026-09-20T00:00:00+00:00,A,C,14.688507080078125,26.120833333333334,11.432326253255209
Navotas,2026-09-20T00:00:00+00:00,B,C,18.409955978393555,26.120833333333334,7.710877354939779
Navotas,2026-09-20T00:00:00+00:00,C,C,17.34246253967285,26.120833333333334,8.778370793660482
Navotas,2026-09-20T00:00:00+00:00,D,C,27.00844383239746,26.120833333333334,0.8876104990641274
Navotas,2026-09-21T00:00:00+00:00,A,A,14.07846736907959,21.59090909090909,7.5124417218295
Navotas,2026-09-21T00:00:00+00:00,B,A,12.725364685058594,21.59090909090909,8.865544405850496
Navotas,2026-09-21T00:00:00+00:00,C,A,16.354310989379883,21.59090909090909,5.236598101529207
Navotas,2026-09-21T00:00:00+00:00,D,A,16.066129684448242,21.59090909090909,5.524779406460848
Navotas,2026-09-21T00:00:00+00:00,A,B,14.07846736907959,21.59090909090909,7.5124417218295
Navotas,2026-09-21T00:00:00+00:00,B,B,12.725364685058594,21.59090909090909,8.865544405850496
Navotas,2026-09-21T00:00:00+00:00,C,B,16.354310989379883,21.59090909090909,5.236598101529207
Navotas,2026-09-21T00:00:00+00:00,D,B,16.066129684448242,21.59090909090909,5.524779406460848
Navotas,2026-09-21T00:00:00+00:00,A,S,14.229090690612793,21.59090909090909,7.361818400296297
Navotas,2026-09-21T00:00:00+00:00,B,S,14.247164726257324,21.59090909090909,7.343744364651766
Navotas,2026-09-21T00:00:00+00:00,C,S,14.088412284851074,21.59090909090909,7.502496806058016
Navotas,2026-09-21T00:00:00+00:00,D,S,15.715662956237793,21.59090909090909,5.875246134671297
Navotas,2026-09-21T00:00:00+00:00,A,C,13.529374122619629,21.59090909090909,8.061534968289461
Navotas,2026-09-21T00:00:00+00:00,B,C,14.173783302307129,21.59090909090909,7.417125788601961
Navotas,2026-09-21T00:00:00+00:00,C,C,15.102977752685547,21.59090909090909,6.487931338223543
Navotas,2026-09-21T00:00:00+00:00,D,C,15.715662956237793,21.59090909090909,5.875246134671297
Navotas,2026-09-22T00:00:00+00:00,A,A,11.300579071044922,28.565217391304344,17.264638320259422
Navotas,2026-09-22T00:00:00+00:00,B,A,11.11429500579834,28.565217391304344,17.450922385506004
Navotas,2026-09-22T00:00:00+00:00,C,A,12.376927375793457,28.565217391304344,16.188290015510887
Navotas,2026-09-22T00:00:00+00:00,D,A,14.06171703338623,28.565217391304344,14.503500357918114
Navotas,2026-09-22T00:00:00+00:00,A,B,11.300579071044922,28.565217391304344,17.264638320259422
Navotas,2026-09-22T00:00:00+00:00,B,B,11.11429500579834,28.565217391304344,17.450922385506004
Navotas,2026-09-22T00:00:00+00:00,C,B,12.376927375793457,28.565217391304344,16.188290015510887
Navotas,2026-09-22T00:00:00+00:00,D,B,14.06171703338623,28.565217391304344,14.503500357918114
Navotas,2026-09-22T00:00:00+00:00,A,S,11.597643852233887,28.565217391304344,16.967573539070457
Navotas,2026-09-22T00:00:00+00:00,B,S,11.196711540222168,28.565217391304344,17.368505851082176
Navotas,2026-09-22T00:00:00+00:00,C,S,13.648119926452637,28.565217391304344,14.917097464851707
Navotas,2026-09-22T00:00:00+00:00,D,S,13.443524360656738,28.565217391304344,15.121693030647606
Navotas,2026-09-22T00:00:00+00:00,A,C,11.613255500793457,28.565217391304344,16.951961890510887
Navotas,2026-09-22T00:00:00+00:00,B,C,11.160468101501465,28.565217391304344,17.40474928980288
Navotas,2026-09-22T00:00:00+00:00,C,C,13.693504333496094,28.565217391304344,14.87171305780825
Navotas,2026-09-22T00:00:00+00:00,D,C,13.443524360656738,28.565217391304344,15.121693030647606
Navotas,2026-09-23T00:00:00+00:00,A,A,12.756492614746094,43.11428571428571,30.357793099539613
Navotas,2026-09-23T00:00:00+00:00,B,A,10.836280822753906,43.11428571428571,32.2780048915318
Navotas,2026-09-23T00:00:00+00:00,C,A,14.466404914855957,43.11428571428571,28.64788079942975
Navotas,2026-09-23T00:00:00+00:00,D,A,15.887107849121094,43.11428571428571,27.227177865164613
Navotas,2026-09-23T00:00:00+00:00,A,B,12.756492614746094,43.11428571428571,30.357793099539613
Navotas,2026-09-23T00:00:00+00:00,B,B,10.836280822753906,43.11428571428571,32.2780048915318
Navotas,2026-09-23T00:00:00+00:00,C,B,14.466404914855957,43.11428571428571,28.64788079942975
Navotas,2026-09-23T00:00:00+00:00,D,B,15.887107849121094,43.11428571428571,27.227177865164613
Navotas,2026-09-23T00:00:00+00:00,A,S,13.383026123046875,43.11428571428571,29.73125959123883
Navotas,2026-09-23T00:00:00+00:00,B,S,10.008933067321777,43.11428571428571,33.10535264696393
Navotas,2026-09-23T00:00:00+00:00,C,S,15.06910228729248,43.11428571428571,28.045183426993226
Navotas,2026-09-23T00:00:00+00:00,D,S,14.481956481933594,43.11428571428571,28.632329232352113
Navotas,2026-09-23T00:00:00+00:00,A,C,12.887832641601562,43.11428571428571,30.226453072684144
Navotas,2026-09-23T00:00:00+00:00,B,C,10.179420471191406,43.11428571428571,32.9348652430943
Navotas,2026-09-23T00:00:00+00:00,C,C,14.811965942382812,43.11428571428571,28.302319771902894
Navotas,2026-09-23T00:00:00+00:00,D,C,14.481956481933594,43.11428571428571,28.632329232352113
Navotas,2026-09-25T00:00:00+00:00,A,A,15.100258827209473,34.738095238095234,19.63783641088576
Navotas,2026-09-25T00:00:00+00:00,B,A,13.316085815429688,34.738095238095234,21.422009422665546
Navotas,2026-09-25T00:00:00+00:00,C,A,15.978848457336426,34.738095238095234,18.759246780758808
Navotas,2026-09-25T00:00:00+00:00,D,A,18.55714225769043,34.738095238095234,16.180952980404804
Navotas,2026-09-25T00:00:00+00:00,A,B,15.100258827209473,34.738095238095234,19.63783641088576
Navotas,2026-09-25T00:00:00+00:00,B,B,13.316085815429688,34.738095238095234,21.422009422665546
Navotas,2026-09-25T00:00:00+00:00,C,B,15.978848457336426,34.738095238095234,18.759246780758808
Navotas,2026-09-25T00:00:00+00:00,D,B,18.55714225769043,34.738095238095234,16.180952980404804
Navotas,2026-09-25T00:00:00+00:00,A,S,14.51709270477295,34.738095238095234,20.221002533322284
Navotas,2026-09-25T00:00:00+00:00,B,S,16.200986862182617,34.738095238095234,18.537108375912617
Navotas,2026-09-25T00:00:00+00:00,C,S,15.769120216369629,34.738095238095234,18.968975021725605
Navotas,2026-09-25T00:00:00+00:00,D,S,17.144943237304688,34.738095238095234,17.593152000790546
Navotas,2026-09-25T00:00:00+00:00,A,C,14.001632690429688,34.738095238095234,20.736462547665546
Navotas,2026-09-25T00:00:00+00:00,B,C,15.416084289550781,34.738095238095234,19.322010948544452
Navotas,2026-09-25T00:00:00+00:00,C,C,15.551026344299316,34.738095238095234,19.187068893795917
Navotas,2026-09-25T00:00:00+00:00,D,C,17.144943237304688,34.738095238095234,17.593152000790546
Navotas,2026-09-26T00:00:00+00:00,A,A,13.119804382324219,34.08181818181818,20.96201379949396
Navotas,2026-09-26T00:00:00+00:00,B,A,13.0133638381958,34.08181818181818,21.068454343622378
Navotas,2026-09-26T00:00:00+00:00,C,A,15.116663932800293,34.08181818181818,18.965154249017885
Navotas,2026-09-26T00:00:00+00:00,D,A,15.13080883026123,34.08181818181818,18.951009351556948
Navotas,2026-09-26T00:00:00+00:00,A,B,13.119804382324219,34.08181818181818,20.96201379949396
Navotas,2026-09-26T00:00:00+00:00,B,B,13.0133638381958,34.08181818181818,21.068454343622378
Navotas,2026-09-26T00:00:00+00:00,C,B,15.116663932800293,34.08181818181818,18.965154249017885
Navotas,2026-09-26T00:00:00+00:00,D,B,15.13080883026123,34.08181818181818,18.951009351556948
Navotas,2026-09-26T00:00:00+00:00,A,S,14.20959186553955,34.08181818181818,19.872226316278628
Navotas,2026-09-26T00:00:00+00:00,B,S,15.481926918029785,34.08181818181818,18.599891263788393
Navotas,2026-09-26T00:00:00+00:00,C,S,16.238088607788086,34.08181818181818,17.843729574030093
Navotas,2026-09-26T00:00:00+00:00,D,S,14.64034652709961,34.08181818181818,19.44147165471857
Navotas,2026-09-26T00:00:00+00:00,A,C,14.535784721374512,34.08181818181818,19.546033460443667
Navotas,2026-09-26T00:00:00+00:00,B,C,14.590054512023926,34.08181818181818,19.491763669794253
Navotas,2026-09-26T00:00:00+00:00,C,C,14.897247314453125,34.08181818181818,19.184570867365053
Navotas,2026-09-26T00:00:00+00:00,D,C,14.64034652709961,34.08181818181818,19.44147165471857
Navotas,2026-09-27T00:00:00+00:00,A,A,14.708175659179688,33.175000000000004,18.466824340820317
Navotas,2026-09-27T00:00:00+00:00,B,A,15.172642707824707,33.175000000000004,18.002357292175297
Navotas,2026-09-27T00:00:00+00:00,C,A,17.31367301940918,33.175000000000004,15.861326980590825
Navotas,2026-09-27T00:00:00+00:00,D,A,18.08634376525879,33.175000000000004,15.088656234741215
Navotas,2026-09-27T00:00:00+00:00,A,B,14.708175659179688,33.175000000000004,18.466824340820317
Navotas,2026-09-27T00:00:00+00:00,B,B,15.172642707824707,33.175000000000004,18.002357292175297
Navotas,2026-09-27T00:00:00+00:00,C,B,17.31367301940918,33.175000000000004,15.861326980590825
Navotas,2026-09-27T00:00:00+00:00,D,B,18.08634376525879,33.175000000000004,15.088656234741215
Navotas,2026-09-27T00:00:00+00:00,A,S,14.899033546447754,33.175000000000004,18.27596645355225
Navotas,2026-09-27T00:00:00+00:00,B,S,12.976730346679688,33.175000000000004,20.198269653320317
Navotas,2026-09-27T00:00:00+00:00,C,S,18.444353103637695,33.175000000000004,14.730646896362309
Navotas,2026-09-27T00:00:00+00:00,D,S,16.801101684570312,33.175000000000004,16.37389831542969
Navotas,2026-09-27T00:00:00+00:00,A,C,14.048591613769531,33.175000000000004,19.126408386230473
Navotas,2026-09-27T00:00:00+00:00,B,C,13.21841812133789,33.175000000000004,19.956581878662114
Navotas,2026-09-27T00:00:00+00:00,C,C,18.649337768554688,33.175000000000004,14.525662231445317
Navotas,2026-09-27T00:00:00+00:00,D,C,16.801101684570312,33.175000000000004,16.37389831542969
Pasay,2026-08-14T00:00:00+00:00,A,A,13.062171936035156,18.06304347826087,5.000871542225713
Pasay,2026-08-14T00:00:00+00:00,B,A,14.029969215393066,18.06304347826087,4.033074262867803
Pasay,2026-08-14T00:00:00+00:00,C,A,14.846213340759277,18.06304347826087,3.216830137501592
Pasay,2026-08-14T00:00:00+00:00,D,A,20.67427635192871,18.06304347826087,2.6112328736678414
Pasay,2026-08-14T00:00:00+00:00,A,B,13.062171936035156,18.06304347826087,5.000871542225713
Pasay,2026-08-14T00:00:00+00:00,B,B,14.029969215393066,18.06304347826087,4.033074262867803
Pasay,2026-08-14T00:00:00+00:00,C,B,14.846213340759277,18.06304347826087,3.216830137501592
Pasay,2026-08-14T00:00:00+00:00,D,B,20.67427635192871,18.06304347826087,2.6112328736678414
Pasay,2026-08-14T00:00:00+00:00,A,S,13.60216999053955,18.06304347826087,4.460873487721319
Pasay,2026-08-14T00:00:00+00:00,B,S,14.683113098144531,18.06304347826087,3.3799303801163383
Pasay,2026-08-14T00:00:00+00:00,C,S,16.238576889038086,18.06304347826087,1.8244665892227836
Pasay,2026-08-14T00:00:00+00:00,D,S,15.35389232635498,18.06304347826087,2.709151151905889
Pasay,2026-08-14T00:00:00+00:00,A,C,14.591113090515137,18.06304347826087,3.471930387745733
Pasay,2026-08-14T00:00:00+00:00,B,C,14.679659843444824,18.06304347826087,3.3833836348160453
Pasay,2026-08-14T00:00:00+00:00,C,C,16.074193954467773,18.06304347826087,1.988849523793096
Pasay,2026-08-14T00:00:00+00:00,D,C,15.35389232635498,18.06304347826087,2.709151151905889
Pasay,2026-08-15T00:00:00+00:00,A,A,14.91232967376709,14.716666666666667,0.19566300710042306
Pasay,2026-08-15T00:00:00+00:00,B,A,14.841316223144531,14.716666666666667,0.12464955647786446
Pasay,2026-08-15T00:00:00+00:00,C,A,14.393569946289062,14.716666666666667,0.3230967203776043
Pasay,2026-08-15T00:00:00+00:00,D,A,17.955886840820312,14.716666666666667,3.2392201741536457
Pasay,2026-08-15T00:00:00+00:00,A,B,14.91232967376709,14.716666666666667,0.19566300710042306
Pasay,2026-08-15T00:00:00+00:00,B,B,14.841316223144531,14.716666666666667,0.12464955647786446
Pasay,2026-08-15T00:00:00+00:00,C,B,14.393569946289062,14.716666666666667,0.3230967203776043
Pasay,2026-08-15T00:00:00+00:00,D,B,17.955886840820312,14.716666666666667,3.2392201741536457
Pasay,2026-08-15T00:00:00+00:00,A,S,14.663772583007812,14.716666666666667,0.052894083658854285
Pasay,2026-08-15T00:00:00+00:00,B,S,15.219388008117676,14.716666666666667,0.502721341451009
Pasay,2026-08-15T00:00:00+00:00,C,S,14.3895263671875,14.716666666666667,0.3271402994791668
Pasay,2026-08-15T00:00:00+00:00,D,S,24.921005249023438,14.716666666666667,10.20433858235677
Pasay,2026-08-15T00:00:00+00:00,A,C,15.357243537902832,14.716666666666667,0.6405768712361652
Pasay,2026-08-15T00:00:00+00:00,B,C,15.933780670166016,14.716666666666667,1.2171140034993488
Pasay,2026-08-15T00:00:00+00:00,C,C,13.348220825195312,14.716666666666667,1.3684458414713543
Pasay,2026-08-15T00:00:00+00:00,D,C,24.921005249023438,14.716666666666667,10.20433858235677
Pasay,2026-08-16T00:00:00+00:00,A,A,15.9148588180542,11.581428571428573,4.3334302466256265
Pasay,2026-08-16T00:00:00+00:00,B,A,13.825175285339355,11.581428571428573,2.2437467139107827
Pasay,2026-08-16T00:00:00+00:00,C,A,15.26733112335205,11.581428571428573,3.685902551923478
Pasay,2026-08-16T00:00:00+00:00,D,A,13.084834098815918,11.581428571428573,1.5034055273873452
Pasay,2026-08-16T00:00:00+00:00,A,B,15.9148588180542,11.581428571428573,4.3334302466256265
Pasay,2026-08-16T00:00:00+00:00,B,B,13.825175285339355,11.581428571428573,2.2437467139107827
Pasay,2026-08-16T00:00:00+00:00,C,B,15.26733112335205,11.581428571428573,3.685902551923478
Pasay,2026-08-16T00:00:00+00:00,D,B,13.084834098815918,11.581428571428573,1.5034055273873452
Pasay,2026-08-16T00:00:00+00:00,A,S,16.12513542175293,11.581428571428573,4.543706850324357
Pasay,2026-08-16T00:00:00+00:00,B,S,14.185017585754395,11.581428571428573,2.603589014325822
Pasay,2026-08-16T00:00:00+00:00,C,S,15.201461791992188,11.581428571428573,3.6200332205636148
Pasay,2026-08-16T00:00:00+00:00,D,S,12.615071296691895,11.581428571428573,1.0336427252633218
Pasay,2026-08-16T00:00:00+00:00,A,C,16.12513542175293,11.581428571428573,4.543706850324357
Pasay,2026-08-16T00:00:00+00:00,B,C,14.185017585754395,11.581428571428573,2.603589014325822
Pasay,2026-08-16T00:00:00+00:00,C,C,15.201461791992188,11.581428571428573,3.6200332205636148
Pasay,2026-08-16T00:00:00+00:00,D,C,12.615071296691895,11.581428571428573,1.0336427252633218
Pasay,2026-08-19T00:00:00+00:00,A,A,10.159419059753418,20.56277777777778,10.40335871802436
Pasay,2026-08-19T00:00:00+00:00,B,A,14.549972534179688,20.56277777777778,6.012805243598091
Pasay,2026-08-19T00:00:00+00:00,C,A,14.876060485839844,20.56277777777778,5.686717291937935
Pasay,2026-08-19T00:00:00+00:00,D,A,14.473040580749512,20.56277777777778,6.089737197028267
Pasay,2026-08-19T00:00:00+00:00,A,B,10.159419059753418,20.56277777777778,10.40335871802436
Pasay,2026-08-19T00:00:00+00:00,B,B,14.549972534179688,20.56277777777778,6.012805243598091
Pasay,2026-08-19T00:00:00+00:00,C,B,14.876060485839844,20.56277777777778,5.686717291937935
Pasay,2026-08-19T00:00:00+00:00,D,B,14.473040580749512,20.56277777777778,6.089737197028267
Pasay,2026-08-19T00:00:00+00:00,A,S,12.92297649383545,20.56277777777778,7.6398012839423295
Pasay,2026-08-19T00:00:00+00:00,B,S,11.540542602539062,20.56277777777778,9.022235175238716
Pasay,2026-08-19T00:00:00+00:00,C,S,16.748476028442383,20.56277777777778,3.814301749335396
Pasay,2026-08-19T00:00:00+00:00,D,S,12.45726490020752,20.56277777777778,8.10551287757026
Pasay,2026-08-19T00:00:00+00:00,A,C,12.808769226074219,20.56277777777778,7.75400855170356
Pasay,2026-08-19T00:00:00+00:00,B,C,11.304766654968262,20.56277777777778,9.258011122809517
Pasay,2026-08-19T00:00:00+00:00,C,C,16.381933212280273,20.56277777777778,4.180844565497505
Pasay,2026-08-19T00:00:00+00:00,D,C,12.45726490020752,20.56277777777778,8.10551287757026
Pasay,2026-08-21T00:00:00+00:00,A,A,18.587392807006836,23.78333333333333,5.1959405263264955
Pasay,2026-08-21T00:00:00+00:00,B,A,18.015092849731445,23.78333333333333,5.768240483601886
Pasay,2026-08-21T00:00:00+00:00,C,A,15.965605735778809,23.78333333333333,7.817727597554523
Pasay,2026-08-21T00:00:00+00:00,D,A,13.7587308883667,23.78333333333333,10.024602444966632
Pasay,2026-08-21T00:00:00+00:00,A,B,18.587392807006836,23.78333333333333,5.1959405263264955
Pasay,2026-08-21T00:00:00+00:00,B,B,18.015092849731445,23.78333333333333,5.768240483601886
Pasay,2026-08-21T00:00:00+00:00,C,B,15.965605735778809,23.78333333333333,7.817727597554523
Pasay,2026-08-21T00:00:00+00:00,D,B,13.7587308883667,23.78333333333333,10.024602444966632
Pasay,2026-08-21T00:00:00+00:00,A,S,17.201078414916992,23.78333333333333,6.582254918416339
Pasay,2026-08-21T00:00:00+00:00,B,S,15.13686752319336,23.78333333333333,8.646465810139972
Pasay,2026-08-21T00:00:00+00:00,C,S,14.92716121673584,23.78333333333333,8.856172116597492
Pasay,2026-08-21T00:00:00+00:00,D,S,22.755956649780273,23.78333333333333,1.027376683553058
Pasay,2026-08-21T00:00:00+00:00,A,C,17.868593215942383,23.78333333333333,5.914740117390949
Pasay,2026-08-21T00:00:00+00:00,B,C,16.398090362548828,23.78333333333333,7.385242970784503
Pasay,2026-08-21T00:00:00+00:00,C,C,14.727709770202637,23.78333333333333,9.055623563130695
Pasay,2026-08-21T00:00:00+00:00,D,C,22.755956649780273,23.78333333333333,1.027376683553058
Pasay,2026-08-24T00:00:00+00:00,A,A,16.136322021484375,24.95217391304348,8.815851891559106
Pasay,2026-08-24T00:00:00+00:00,B,A,18.878957748413086,24.95217391304348,6.073216164630395
Pasay,2026-08-24T00:00:00+00:00,C,A,20.743026733398438,24.95217391304348,4.2091471796450435
Pasay,2026-08-24T00:00:00+00:00,D,A,21.18048858642578,24.95217391304348,3.7716853266176997
Pasay,2026-08-24T00:00:00+00:00,A,B,16.136322021484375,24.95217391304348,8.815851891559106
Pasay,2026-08-24T00:00:00+00:00,B,B,18.878957748413086,24.95217391304348,6.073216164630395
Pasay,2026-08-24T00:00:00+00:00,C,B,20.743026733398438,24.95217391304348,4.2091471796450435
Pasay,2026-08-24T00:00:00+00:00,D,B,21.18048858642578,24.95217391304348,3.7716853266176997
Pasay,2026-08-24T00:00:00+00:00,A,S,13.673080444335938,24.95217391304348,11.279093468707543
Pasay,2026-08-24T00:00:00+00:00,B,S,14.066596984863281,24.95217391304348,10.8855769281802
Pasay,2026-08-24T00:00:00+00:00,C,S,19.74723243713379,24.95217391304348,5.204941475909692
Pasay,2026-08-24T00:00:00+00:00,D,S,24.299001693725586,24.95217391304348,0.653172219317895
Pasay,2026-08-24T00:00:00+00:00,A,C,16.31730079650879,24.95217391304348,8.634873116534692
Pasay,2026-08-24T00:00:00+00:00,B,C,14.466506004333496,24.95217391304348,10.485667908709985
Pasay,2026-08-24T00:00:00+00:00,C,C,20.440155029296875,24.95217391304348,4.512018883746606
Pasay,2026-08-24T00:00:00+00:00,D,C,24.299001693725586,24.95217391304348,0.653172219317895
Pasay,2026-08-25T00:00:00+00:00,A,A,17.872285842895508,21.227272727272723,3.3549868843772153
Pasay,2026-08-25T00:00:00+00:00,B,A,20.12958526611328,21.227272727272723,1.0976874611594418
Pasay,2026-08-25T00:00:00+00:00,C,A,19.533525466918945,21.227272727272723,1.6937472603537778
Pasay,2026-08-25T00:00:00+00:00,D,A,18.956899642944336,21.227272727272723,2.270373084328387
Pasay,2026-08-25T00:00:00+00:00,A,B,17.872285842895508,21.227272727272723,3.3549868843772153
Pasay,2026-08-25T00:00:00+00:00,B,B,20.12958526611328,21.227272727272723,1.0976874611594418
Pasay,2026-08-25T00:00:00+00:00,C,B,19.533525466918945,21.227272727272723,1.6937472603537778
Pasay,2026-08-25T00:00:00+00:00,D,B,18.956899642944336,21.227272727272723,2.270373084328387
Pasay,2026-08-25T00:00:00+00:00,A,S,18.37126922607422,21.227272727272723,2.8560035011985043
Pasay,2026-08-25T00:00:00+00:00,B,S,19.981897354125977,21.227272727272723,1.2453753731467465
Pasay,2026-08-25T00:00:00+00:00,C,S,19.003034591674805,21.227272727272723,2.2242381355979184
Pasay,2026-08-25T00:00:00+00:00,D,S,21.345718383789062,21.227272727272723,0.11844565651633943
Pasay,2026-08-25T00:00:00+00:00,A,C,18.644071578979492,21.227272727272723,2.583201148293231
Pasay,2026-08-25T00:00:00+00:00,B,C,19.87303352355957,21.227272727272723,1.3542392037131528
Pasay,2026-08-25T00:00:00+00:00,C,C,18.703794479370117,21.227272727272723,2.523478247902606
Pasay,2026-08-25T00:00:00+00:00,D,C,21.345718383789062,21.227272727272723,0.11844565651633943
Pasay,2026-08-26T00:00:00+00:00,A,A,15.257575035095215,10.371428571428574,4.886146463666641
Pasay,2026-08-26T00:00:00+00:00,B,A,19.91834831237793,10.371428571428574,9.546919740949356
Pasay,2026-08-26T00:00:00+00:00,C,A,20.941261291503906,10.371428571428574,10.569832720075333
Pasay,2026-08-26T00:00:00+00:00,D,A,19.02884292602539,10.371428571428574,8.657414354596817
Pasay,2026-08-26T00:00:00+00:00,A,B,15.257575035095215,10.371428571428574,4.886146463666641
Pasay,2026-08-26T00:00:00+00:00,B,B,19.91834831237793,10.371428571428574,9.546919740949356
Pasay,2026-08-26T00:00:00+00:00,C,B,20.941261291503906,10.371428571428574,10.569832720075333
Pasay,2026-08-26T00:00:00+00:00,D,B,19.02884292602539,10.371428571428574,8.657414354596817
Pasay,2026-08-26T00:00:00+00:00,A,S,14.971420288085938,10.371428571428574,4.599991716657364
Pasay,2026-08-26T00:00:00+00:00,B,S,20.200651168823242,10.371428571428574,9.829222597394669
Pasay,2026-08-26T00:00:00+00:00,C,S,20.36448097229004,10.371428571428574,9.993052400861465
Pasay,2026-08-26T00:00:00+00:00,D,S,19.57726287841797,10.371428571428574,9.205834306989395
Pasay,2026-08-26T00:00:00+00:00,A,C,15.32629108428955,10.371428571428574,4.954862512860977
Pasay,2026-08-26T00:00:00+00:00,B,C,20.2410888671875,10.371428571428574,9.869660295758926
Pasay,2026-08-26T00:00:00+00:00,C,C,20.254117965698242,10.371428571428574,9.882689394269669
Pasay,2026-08-26T00:00:00+00:00,D,C,19.57726287841797,10.371428571428574,9.205834306989395
Pasay,2026-08-27T00:00:00+00:00,A,A,14.635973930358887,8.716666666666667,5.91930726369222
Pasay,2026-08-27T00:00:00+00:00,B,A,12.357860565185547,8.716666666666667,3.64119389851888
Pasay,2026-08-27T00:00:00+00:00,C,A,12.929247856140137,8.716666666666667,4.21258118947347
Pasay,2026-08-27T00:00:00+00:00,D,A,10.81135082244873,8.716666666666667,2.0946841557820637
Pasay,2026-08-27T00:00:00+00:00,A,B,14.635973930358887,8.716666666666667,5.91930726369222
Pasay,2026-08-27T00:00:00+00:00,B,B,12.357860565185547,8.716666666666667,3.64119389851888
Pasay,2026-08-27T00:00:00+00:00,C,B,12.929247856140137,8.716666666666667,4.21258118947347
Pasay,2026-08-27T00:00:00+00:00,D,B,10.81135082244873,8.716666666666667,2.0946841557820637
Pasay,2026-08-27T00:00:00+00:00,A,S,14.707447052001953,8.716666666666667,5.990780385335286
Pasay,2026-08-27T00:00:00+00:00,B,S,11.9075288772583,8.716666666666667,3.190862210591634
Pasay,2026-08-27T00:00:00+00:00,C,S,13.246199607849121,8.716666666666667,4.529532941182454
Pasay,2026-08-27T00:00:00+00:00,D,S,10.498225212097168,8.716666666666667,1.7815585454305012
Pasay,2026-08-27T00:00:00+00:00,A,C,14.884209632873535,8.716666666666667,6.167542966206868
Pasay,2026-08-27T00:00:00+00:00,B,C,12.049201965332031,8.716666666666667,3.3325352986653645
Pasay,2026-08-27T00:00:00+00:00,C,C,13.289950370788574,8.716666666666667,4.573283704121907
Pasay,2026-08-27T00:00:00+00:00,D,C,10.498225212097168,8.716666666666667,1.7815585454305012
Pasay,2026-08-28T00:00:00+00:00,A,A,13.692482948303223,7.2023809523809526,6.49010199592227
Pasay,2026-08-28T00:00:00+00:00,B,A,11.549357414245605,7.2023809523809526,4.346976461864653
Pasay,2026-08-28T00:00:00+00:00,C,A,12.272102355957031,7.2023809523809526,5.069721403576079
Pasay,2026-08-28T00:00:00+00:00,D,A,8.461642265319824,7.2023809523809526,1.2592613129388717
Pasay,2026-08-28T00:00:00+00:00,A,B,13.692482948303223,7.2023809523809526,6.49010199592227
Pasay,2026-08-28T00:00:00+00:00,B,B,11.549357414245605,7.2023809523809526,4.346976461864653
Pasay,2026-08-28T00:00:00+00:00,C,B,12.272102355957031,7.2023809523809526,5.069721403576079
Pasay,2026-08-28T00:00:00+00:00,D,B,8.461642265319824,7.2023809523809526,1.2592613129388717
Pasay,2026-08-28T00:00:00+00:00,A,S,13.12761402130127,7.2023809523809526,5.925233068920317
Pasay,2026-08-28T00:00:00+00:00,B,S,11.744446754455566,7.2023809523809526,4.542065802074614
Pasay,2026-08-28T00:00:00+00:00,C,S,13.087512016296387,7.2023809523809526,5.885131063915434
Pasay,2026-08-28T00:00:00+00:00,D,S,7.247084140777588,7.2023809523809526,0.04470318839663534
Pasay,2026-08-28T00:00:00+00:00,A,C,12.841384887695312,7.2023809523809526,5.63900393531436
Pasay,2026-08-28T00:00:00+00:00,B,C,11.929858207702637,7.2023809523809526,4.727477255321684
Pasay,2026-08-28T00:00:00+00:00,C,C,12.0947847366333,7.2023809523809526,4.892403784252348
Pasay,2026-08-28T00:00:00+00:00,D,C,7.247084140777588,7.2023809523809526,0.04470318839663534
Pasay,2026-08-30T00:00:00+00:00,A,A,13.501572608947754,28.970000000000006,15.468427391052252
Pasay,2026-08-30T00:00:00+00:00,B,A,13.486663818359375,28.970000000000006,15.483336181640631
Pasay,2026-08-30T00:00:00+00:00,C,A,12.513609886169434,28.970000000000006,16.456390113830572
Pasay,2026-08-30T00:00:00+00:00,D,A,15.032817840576172,28.970000000000006,13.937182159423834
Pasay,2026-08-30T00:00:00+00:00,A,B,13.501572608947754,28.970000000000006,15.468427391052252
Pasay,2026-08-30T00:00:00+00:00,B,B,13.486663818359375,28.970000000000006,15.483336181640631
Pasay,2026-08-30T00:00:00+00:00,C,B,12.513609886169434,28.970000000000006,16.456390113830572
Pasay,2026-08-30T00:00:00+00:00,D,B,15.032817840576172,28.970000000000006,13.937182159423834
Pasay,2026-08-30T00:00:00+00:00,A,S,14.6161527633667,28.970000000000006,14.353847236633307
Pasay,2026-08-30T00:00:00+00:00,B,S,11.88364315032959,28.970000000000006,17.086356849670416
Pasay,2026-08-30T00:00:00+00:00,C,S,13.327827453613281,28.970000000000006,15.642172546386725
Pasay,2026-08-30T00:00:00+00:00,D,S,11.113240242004395,28.970000000000006,17.85675975799561
Pasay,2026-08-30T00:00:00+00:00,A,C,13.80086898803711,28.970000000000006,15.169131011962897
Pasay,2026-08-30T00:00:00+00:00,B,C,11.82752513885498,28.970000000000006,17.142474861145025
Pasay,2026-08-30T00:00:00+00:00,C,C,13.465180397033691,28.970000000000006,15.504819602966315
Pasay,2026-08-30T00:00:00+00:00,D,C,11.113240242004395,28.970000000000006,17.85675975799561
Pasay,2026-08-31T00:00:00+00:00,A,A,22.552490234375,45.23809523809524,22.68560500372024
Pasay,2026-08-31T00:00:00+00:00,B,A,18.67624855041504,45.23809523809524,26.5618466876802
Pasay,2026-08-31T00:00:00+00:00,C,A,21.086761474609375,45.23809523809524,24.151333763485866
Pasay,2026-08-31T00:00:00+00:00,D,A,18.577606201171875,45.23809523809524,26.660489036923366
Pasay,2026-08-31T00:00:00+00:00,A,B,22.552490234375,45.23809523809524,22.68560500372024
Pasay,2026-08-31T00:00:00+00:00,B,B,18.67624855041504,45.23809523809524,26.5618466876802
Pasay,2026-08-31T00:00:00+00:00,C,B,21.086761474609375,45.23809523809524,24.151333763485866
Pasay,2026-08-31T00:00:00+00:00,D,B,18.577606201171875,45.23809523809524,26.660489036923366
Pasay,2026-08-31T00:00:00+00:00,A,S,20.5294132232666,45.23809523809524,24.70868201482864
Pasay,2026-08-31T00:00:00+00:00,B,S,19.005537033081055,45.23809523809524,26.232558205014186
Pasay,2026-08-31T00:00:00+00:00,C,S,21.405492782592773,45.23809523809524,23.832602455502467
Pasay,2026-08-31T00:00:00+00:00,D,S,25.687240600585938,45.23809523809524,19.550854637509303
Pasay,2026-08-31T00:00:00+00:00,A,C,20.64933967590332,45.23809523809524,24.58875556219192
Pasay,2026-08-31T00:00:00+00:00,B,C,18.865928649902344,45.23809523809524,26.372166588192897
Pasay,2026-08-31T00:00:00+00:00,C,C,21.543935775756836,45.23809523809524,23.694159462338405
Pasay,2026-08-31T00:00:00+00:00,D,C,25.687240600585938,45.23809523809524,19.550854637509303
Pasay,2026-09-01T00:00:00+00:00,A,A,22.300765991210938,20.2,2.100765991210938
Pasay,2026-09-01T00:00:00+00:00,B,A,21.29691505432129,20.2,1.0969150543212898
Pasay,2026-09-01T00:00:00+00:00,C,A,23.70231056213379,20.2,3.5023105621337898
Pasay,2026-09-01T00:00:00+00:00,D,A,25.458364486694336,20.2,5.258364486694337
Pasay,2026-09-01T00:00:00+00:00,A,B,22.300765991210938,20.2,2.100765991210938
Pasay,2026-09-01T00:00:00+00:00,B,B,21.29691505432129,20.2,1.0969150543212898
Pasay,2026-09-01T00:00:00+00:00,C,B,23.70231056213379,20.2,3.5023105621337898
Pasay,2026-09-01T00:00:00+00:00,D,B,25.458364486694336,20.2,5.258364486694337
Pasay,2026-09-01T00:00:00+00:00,A,S,22.244680404663086,20.2,2.0446804046630866
Pasay,2026-09-01T00:00:00+00:00,B,S,22.169143676757812,20.2,1.9691436767578132
Pasay,2026-09-01T00:00:00+00:00,C,S,23.264070510864258,20.2,3.0640705108642585
Pasay,2026-09-01T00:00:00+00:00,D,S,32.74653244018555,20.2,12.546532440185548
Pasay,2026-09-01T00:00:00+00:00,A,C,23.15717124938965,20.2,2.957171249389649
Pasay,2026-09-01T00:00:00+00:00,B,C,22.269363403320312,20.2,2.069363403320313
Pasay,2026-09-01T00:00:00+00:00,C,C,23.42286491394043,20.2,3.2228649139404304
Pasay,2026-09-01T00:00:00+00:00,D,C,32.74653244018555,20.2,12.546532440185548
Pasay,2026-09-02T00:00:00+00:00,A,A,17.5074405670166,15.855555555555554,1.6518850114610473
Pasay,2026-09-02T00:00:00+00:00,B,A,16.200895309448242,15.855555555555554,0.3453397538926879
Pasay,2026-09-02T00:00:00+00:00,C,A,16.919004440307617,15.855555555555554,1.063448884752063
Pasay,2026-09-02T00:00:00+00:00,D,A,14.448161125183105,15.855555555555554,1.4073944303724488
Pasay,2026-09-02T00:00:00+00:00,A,B,17.5074405670166,15.855555555555554,1.6518850114610473
Pasay,2026-09-02T00:00:00+00:00,B,B,16.200895309448242,15.855555555555554,0.3453397538926879
Pasay,2026-09-02T00:00:00+00:00,C,B,16.919004440307617,15.855555555555554,1.063448884752063
Pasay,2026-09-02T00:00:00+00:00,D,B,14.448161125183105,15.855555555555554,1.4073944303724488
Pasay,2026-09-02T00:00:00+00:00,A,S,17.794092178344727,15.855555555555554,1.9385366227891723
Pasay,2026-09-02T00:00:00+00:00,B,S,14.916693687438965,15.855555555555554,0.9388618681165894
Pasay,2026-09-02T00:00:00+00:00,C,S,17.41303825378418,15.855555555555554,1.5574826982286254
Pasay,2026-09-02T00:00:00+00:00,D,S,13.40200424194336,15.855555555555554,2.453551313612195
Pasay,2026-09-02T00:00:00+00:00,A,C,17.253231048583984,15.855555555555554,1.39767549302843
Pasay,2026-09-02T00:00:00+00:00,B,C,15.032282829284668,15.855555555555554,0.8232727262708863
Pasay,2026-09-02T00:00:00+00:00,C,C,17.393407821655273,15.855555555555554,1.5378522660997191
Pasay,2026-09-02T00:00:00+00:00,D,C,13.40200424194336,15.855555555555554,2.453551313612195
Pasay,2026-09-03T00:00:00+00:00,A,A,18.35468864440918,9.079545454545453,9.275143189863726
Pasay,2026-09-03T00:00:00+00:00,B,A,16.90465545654297,9.079545454545453,7.8251100019975155
Pasay,2026-09-03T00:00:00+00:00,C,A,17.323753356933594,9.079545454545453,8.24420790238814
Pasay,2026-09-03T00:00:00+00:00,D,A,16.2165470123291,9.079545454545453,7.137001557783648
Pasay,2026-09-03T00:00:00+00:00,A,B,18.35468864440918,9.079545454545453,9.275143189863726
Pasay,2026-09-03T00:00:00+00:00,B,B,16.90465545654297,9.079545454545453,7.8251100019975155
Pasay,2026-09-03T00:00:00+00:00,C,B,17.323753356933594,9.079545454545453,8.24420790238814
Pasay,2026-09-03T00:00:00+00:00,D,B,16.2165470123291,9.079545454545453,7.137001557783648
Pasay,2026-09-03T00:00:00+00:00,A,S,17.2396240234375,9.079545454545453,8.160078568892047
Pasay,2026-09-03T00:00:00+00:00,B,S,16.742042541503906,9.079545454545453,7.662497086958453
Pasay,2026-09-03T00:00:00+00:00,C,S,18.668149948120117,9.079545454545453,9.588604493574664
Pasay,2026-09-03T00:00:00+00:00,D,S,14.983508110046387,9.079545454545453,5.9039626555009335
Pasay,2026-09-03T00:00:00+00:00,A,C,16.466835021972656,9.079545454545453,7.387289567427203
Pasay,2026-09-03T00:00:00+00:00,B,C,16.522356033325195,9.079545454545453,7.442810578779742
Pasay,2026-09-03T00:00:00+00:00,C,C,17.506723403930664,9.079545454545453,8.42717794938521
Pasay,2026-09-03T00:00:00+00:00,D,C,14.983508110046387,9.079545454545453,5.9039626555009335
Pasay,2026-09-04T00:00:00+00:00,A,A,12.158653259277344,7.21,4.948653259277344
Pasay,2026-09-04T00:00:00+00:00,B,A,14.508660316467285,7.21,7.298660316467285
Pasay,2026-09-04T00:00:00+00:00,C,A,16.66451644897461,7.21,9.454516448974609
Pasay,2026-09-04T00:00:00+00:00,D,A,11.059168815612793,7.21,3.849168815612793
Pasay,2026-09-04T00:00:00+00:00,A,B,12.158653259277344,7.21,4.948653259277344
Pasay,2026-09-04T00:00:00+00:00,B,B,14.508660316467285,7.21,7.298660316467285
Pasay,2026-09-04T00:00:00+00:00,C,B,16.66451644897461,7.21,9.454516448974609
Pasay,2026-09-04T00:00:00+00:00,D,B,11.059168815612793,7.21,3.849168815612793
Pasay,2026-09-04T00:00:00+00:00,A,S,11.210647583007812,7.21,4.0006475830078125
Pasay,2026-09-04T00:00:00+00:00,B,S,13.349703788757324,7.21,6.139703788757324
Pasay,2026-09-04T00:00:00+00:00,C,S,16.543535232543945,7.21,9.333535232543944
Pasay,2026-09-04T00:00:00+00:00,D,S,11.426432609558105,7.21,4.2164326095581055
Pasay,2026-09-04T00:00:00+00:00,A,C,15.16612720489502,7.21,7.95612720489502
Pasay,2026-09-04T00:00:00+00:00,B,C,13.784541130065918,7.21,6.574541130065918
Pasay,2026-09-04T00:00:00+00:00,C,C,17.605941772460938,7.21,10.395941772460937
Pasay,2026-09-04T00:00:00+00:00,D,C,11.426432609558105,7.21,4.2164326095581055
Pasay,2026-09-05T00:00:00+00:00,A,A,10.164176940917969,7.480833333333334,2.683343607584635
Pasay,2026-09-05T00:00:00+00:00,B,A,11.278164863586426,7.480833333333334,3.797331530253092
Pasay,2026-09-05T00:00:00+00:00,C,A,9.339632034301758,7.480833333333334,1.858798700968424
Pasay,2026-09-05T00:00:00+00:00,D,A,7.224886417388916,7.480833333333334,0.2559469159444179
Pasay,2026-09-05T00:00:00+00:00,A,B,10.164176940917969,7.480833333333334,2.683343607584635
Pasay,2026-09-05T00:00:00+00:00,B,B,11.278164863586426,7.480833333333334,3.797331530253092
Pasay,2026-09-05T00:00:00+00:00,C,B,9.339632034301758,7.480833333333334,1.858798700968424
Pasay,2026-09-05T00:00:00+00:00,D,B,7.224886417388916,7.480833333333334,0.2559469159444179
Pasay,2026-09-05T00:00:00+00:00,A,S,9.231643676757812,7.480833333333334,1.7508103434244786
Pasay,2026-09-05T00:00:00+00:00,B,S,10.05886459350586,7.480833333333334,2.5780312601725255
Pasay,2026-09-05T00:00:00+00:00,C,S,10.63483715057373,7.480833333333334,3.1540038172403966
Pasay,2026-09-05T00:00:00+00:00,D,S,7.169860363006592,7.480833333333334,0.3109729703267421
Pasay,2026-09-05T00:00:00+00:00,A,C,9.281256675720215,7.480833333333334,1.800423342386881
Pasay,2026-09-05T00:00:00+00:00,B,C,10.958401679992676,7.480833333333334,3.477568346659342
Pasay,2026-09-05T00:00:00+00:00,C,C,10.571442604064941,7.480833333333334,3.0906092707316075
Pasay,2026-09-05T00:00:00+00:00,D,C,7.169860363006592,7.480833333333334,0.3109729703267421
Pasay,2026-09-06T00:00:00+00:00,A,A,9.0138521194458,7.47909090909091,1.5347612103548904
Pasay,2026-09-06T00:00:00+00:00,B,A,12.681683540344238,7.47909090909091,5.202592631253328
Pasay,2026-09-06T00:00:00+00:00,C,A,10.740227699279785,7.47909090909091,3.261136790188875
Pasay,2026-09-06T00:00:00+00:00,D,A,9.399727821350098,7.47909090909091,1.9206369122591873
Pasay,2026-09-06T00:00:00+00:00,A,B,9.0138521194458,7.47909090909091,1.5347612103548904
Pasay,2026-09-06T00:00:00+00:00,B,B,12.681683540344238,7.47909090909091,5.202592631253328
Pasay,2026-09-06T00:00:00+00:00,C,B,10.740227699279785,7.47909090909091,3.261136790188875
Pasay,2026-09-06T00:00:00+00:00,D,B,9.399727821350098,7.47909090909091,1.9206369122591873
Pasay,2026-09-06T00:00:00+00:00,A,S,9.385424613952637,7.47909090909091,1.9063337048617264
Pasay,2026-09-06T00:00:00+00:00,B,S,13.520787239074707,7.47909090909091,6.041696329983797
Pasay,2026-09-06T00:00:00+00:00,C,S,10.721748352050781,7.47909090909091,3.242657442959871
Pasay,2026-09-06T00:00:00+00:00,D,S,9.82294750213623,7.47909090909091,2.34385659304532
Pasay,2026-09-06T00:00:00+00:00,A,C,9.39889907836914,7.47909090909091,1.9198081692782303
Pasay,2026-09-06T00:00:00+00:00,B,C,13.32958984375,7.47909090909091,5.85049893465909
Pasay,2026-09-06T00:00:00+00:00,C,C,10.825047492980957,7.47909090909091,3.3459565838900467
Pasay,2026-09-06T00:00:00+00:00,D,C,9.82294750213623,7.47909090909091,2.34385659304532
Pasay,2026-09-07T00:00:00+00:00,A,A,10.771100044250488,8.023636363636363,2.747463680614125
Pasay,2026-09-07T00:00:00+00:00,B,A,8.248626708984375,8.023636363636363,0.22499034534801154
Pasay,2026-09-07T00:00:00+00:00,C,A,9.382403373718262,8.023636363636363,1.3587670100818983
Pasay,2026-09-07T00:00:00+00:00,D,A,8.6836576461792,8.023636363636363,0.6600212825428358
Pasay,2026-09-07T00:00:00+00:00,A,B,10.771100044250488,8.023636363636363,2.747463680614125
Pasay,2026-09-07T00:00:00+00:00,B,B,8.248626708984375,8.023636363636363,0.22499034534801154
Pasay,2026-09-07T00:00:00+00:00,C,B,9.382403373718262,8.023636363636363,1.3587670100818983
Pasay,2026-09-07T00:00:00+00:00,D,B,8.6836576461792,8.023636363636363,0.6600212825428358
Pasay,2026-09-07T00:00:00+00:00,A,S,10.995525360107422,8.023636363636363,2.9718889964710584
Pasay,2026-09-07T00:00:00+00:00,B,S,9.00564956665039,8.023636363636363,0.9820132030140272
Pasay,2026-09-07T00:00:00+00:00,C,S,9.391942024230957,8.023636363636363,1.3683056605945936
Pasay,2026-09-07T00:00:00+00:00,D,S,9.1962308883667,8.023636363636363,1.1725945247303358
Pasay,2026-09-07T00:00:00+00:00,A,C,10.820396423339844,8.023636363636363,2.7967600597034803
Pasay,2026-09-07T00:00:00+00:00,B,C,9.105427742004395,8.023636363636363,1.081791378368031
Pasay,2026-09-07T00:00:00+00:00,C,C,9.55330753326416,8.023636363636363,1.5296711696277967
Pasay,2026-09-07T00:00:00+00:00,D,C,9.1962308883667,8.023636363636363,1.1725945247303358
Pasay,2026-09-08T00:00:00+00:00,A,A,8.824756622314453,9.162857142857142,0.3381005205426888
Pasay,2026-09-08T00:00:00+00:00,B,A,8.216998100280762,9.162857142857142,0.9458590425763802
Pasay,2026-09-08T00:00:00+00:00,C,A,6.9056830406188965,9.162857142857142,2.2571741022382454
Pasay,2026-09-08T00:00:00+00:00,D,A,7.4512152671813965,9.162857142857142,1.7116418756757454
Pasay,2026-09-08T00:00:00+00:00,A,B,8.824756622314453,9.162857142857142,0.3381005205426888
Pasay,2026-09-08T00:00:00+00:00,B,B,8.216998100280762,9.162857142857142,0.9458590425763802
Pasay,2026-09-08T00:00:00+00:00,C,B,6.9056830406188965,9.162857142857142,2.2571741022382454
Pasay,2026-09-08T00:00:00+00:00,D,B,7.4512152671813965,9.162857142857142,1.7116418756757454
Pasay,2026-09-08T00:00:00+00:00,A,S,8.117159843444824,9.162857142857142,1.0456972994123177
Pasay,2026-09-08T00:00:00+00:00,B,S,7.786825180053711,9.162857142857142,1.376031962803431
Pasay,2026-09-08T00:00:00+00:00,C,S,7.122184753417969,9.162857142857142,2.040672389439173
Pasay,2026-09-08T00:00:00+00:00,D,S,6.224994659423828,9.162857142857142,2.937862483433314
Pasay,2026-09-08T00:00:00+00:00,A,C,8.693146705627441,9.162857142857142,0.4697104372297005
Pasay,2026-09-08T00:00:00+00:00,B,C,8.215609550476074,9.162857142857142,0.9472475923810677
Pasay,2026-09-08T00:00:00+00:00,C,C,7.990192413330078,9.162857142857142,1.1726647295270638
Pasay,2026-09-08T00:00:00+00:00,D,C,6.224994659423828,9.162857142857142,2.937862483433314
Pasay,2026-09-14T00:00:00+00:00,A,A,12.412823677062988,15.365416666666667,2.952592989603678
Pasay,2026-09-14T00:00:00+00:00,B,A,11.64968490600586,15.365416666666667,3.715731760660807
Pasay,2026-09-14T00:00:00+00:00,C,A,12.899107933044434,15.365416666666667,2.466308733622233
Pasay,2026-09-14T00:00:00+00:00,D,A,13.186752319335938,15.365416666666667,2.178664347330729
Pasay,2026-09-14T00:00:00+00:00,A,B,12.412823677062988,15.365416666666667,2.952592989603678
Pasay,2026-09-14T00:00:00+00:00,B,B,11.64968490600586,15.365416666666667,3.715731760660807
Pasay,2026-09-14T00:00:00+00:00,C,B,12.899107933044434,15.365416666666667,2.466308733622233
Pasay,2026-09-14T00:00:00+00:00,D,B,13.186752319335938,15.365416666666667,2.178664347330729
Pasay,2026-09-14T00:00:00+00:00,A,S,13.474745750427246,15.365416666666667,1.8906709162394204
Pasay,2026-09-14T00:00:00+00:00,B,S,12.626846313476562,15.365416666666667,2.738570353190104
Pasay,2026-09-14T00:00:00+00:00,C,S,12.060142517089844,15.365416666666667,3.3052741495768228
Pasay,2026-09-14T00:00:00+00:00,D,S,12.671475410461426,15.365416666666667,2.6939412562052407
Pasay,2026-09-14T00:00:00+00:00,A,C,14.08535099029541,15.365416666666667,1.2800656763712563
Pasay,2026-09-14T00:00:00+00:00,B,C,12.436467170715332,15.365416666666667,2.9289494959513345
Pasay,2026-09-14T00:00:00+00:00,C,C,12.432037353515625,15.365416666666667,2.9333793131510415
Pasay,2026-09-14T00:00:00+00:00,D,C,12.671475410461426,15.365416666666667,2.6939412562052407
Pasay,2026-09-15T00:00:00+00:00,A,A,13.044731140136719,15.121304347826088,2.0765732076893695
Pasay,2026-09-15T00:00:00+00:00,B,A,10.551865577697754,15.121304347826088,4.569438770128334
Pasay,2026-09-15T00:00:00+00:00,C,A,11.018115997314453,15.121304347826088,4.103188350511635
Pasay,2026-09-15T00:00:00+00:00,D,A,12.328709602355957,15.121304347826088,2.792594745470131
Pasay,2026-09-15T00:00:00+00:00,A,B,13.044731140136719,15.121304347826088,2.0765732076893695
Pasay,2026-09-15T00:00:00+00:00,B,B,10.551865577697754,15.121304347826088,4.569438770128334
Pasay,2026-09-15T00:00:00+00:00,C,B,11.018115997314453,15.121304347826088,4.103188350511635
Pasay,2026-09-15T00:00:00+00:00,D,B,12.328709602355957,15.121304347826088,2.792594745470131
Pasay,2026-09-15T00:00:00+00:00,A,S,12.907822608947754,15.121304347826088,2.2134817388783343
Pasay,2026-09-15T00:00:00+00:00,B,S,10.9296236038208,15.121304347826088,4.1916807440052875
Pasay,2026-09-15T00:00:00+00:00,C,S,11.075332641601562,15.121304347826088,4.045971706224526
Pasay,2026-09-15T00:00:00+00:00,D,S,12.3148832321167,15.121304347826088,2.806421115709389
Pasay,2026-09-15T00:00:00+00:00,A,C,12.907822608947754,15.121304347826088,2.2134817388783343
Pasay,2026-09-15T00:00:00+00:00,B,C,10.9296236038208,15.121304347826088,4.1916807440052875
Pasay,2026-09-15T00:00:00+00:00,C,C,11.075332641601562,15.121304347826088,4.045971706224526
Pasay,2026-09-15T00:00:00+00:00,D,C,12.3148832321167,15.121304347826088,2.806421115709389
Pasay,2026-09-16T00:00:00+00:00,A,A,14.5034761428833,17.565714285714286,3.062238142830985
Pasay,2026-09-16T00:00:00+00:00,B,A,9.925116539001465,17.565714285714286,7.640597746712821
Pasay,2026-09-16T00:00:00+00:00,C,A,10.816149711608887,17.565714285714286,6.749564574105399
Pasay,2026-09-16T00:00:00+00:00,D,A,12.117637634277344,17.565714285714286,5.448076651436942
Pasay,2026-09-16T00:00:00+00:00,A,B,14.5034761428833,17.565714285714286,3.062238142830985
Pasay,2026-09-16T00:00:00+00:00,B,B,9.925116539001465,17.565714285714286,7.640597746712821
Pasay,2026-09-16T00:00:00+00:00,C,B,10.816149711608887,17.565714285714286,6.749564574105399
Pasay,2026-09-16T00:00:00+00:00,D,B,12.117637634277344,17.565714285714286,5.448076651436942
Pasay,2026-09-16T00:00:00+00:00,A,S,14.480254173278809,17.565714285714286,3.0854601124354772
Pasay,2026-09-16T00:00:00+00:00,B,S,9.190863609313965,17.565714285714286,8.374850676400321
Pasay,2026-09-16T00:00:00+00:00,C,S,10.955479621887207,17.565714285714286,6.610234663827079
Pasay,2026-09-16T00:00:00+00:00,D,S,12.389778137207031,17.565714285714286,5.175936148507255
Pasay,2026-09-16T00:00:00+00:00,A,C,13.9728364944458,17.565714285714286,3.592877791268485
Pasay,2026-09-16T00:00:00+00:00,B,C,9.176554679870605,17.565714285714286,8.38915960584368
Pasay,2026-09-16T00:00:00+00:00,C,C,11.0886812210083,17.565714285714286,6.477033064705985
Pasay,2026-09-16T00:00:00+00:00,D,C,12.389778137207031,17.565714285714286,5.175936148507255
Pasay,2026-09-18T00:00:00+00:00,A,A,12.119891166687012,15.743478260869566,3.623587094182554
Pasay,2026-09-18T00:00:00+00:00,B,A,9.560272216796875,15.743478260869566,6.183206044072691
Pasay,2026-09-18T00:00:00+00:00,C,A,10.075960159301758,15.743478260869566,5.667518101567808
Pasay,2026-09-18T00:00:00+00:00,D,A,13.450088500976562,15.743478260869566,2.293389759893003
Pasay,2026-09-18T00:00:00+00:00,A,B,12.119891166687012,15.743478260869566,3.623587094182554
Pasay,2026-09-18T00:00:00+00:00,B,B,9.560272216796875,15.743478260869566,6.183206044072691
Pasay,2026-09-18T00:00:00+00:00,C,B,10.075960159301758,15.743478260869566,5.667518101567808
Pasay,2026-09-18T00:00:00+00:00,D,B,13.450088500976562,15.743478260869566,2.293389759893003
Pasay,2026-09-18T00:00:00+00:00,A,S,12.3851318359375,15.743478260869566,3.3583464249320656
Pasay,2026-09-18T00:00:00+00:00,B,S,10.190325736999512,15.743478260869566,5.553152523870054
Pasay,2026-09-18T00:00:00+00:00,C,S,12.471102714538574,15.743478260869566,3.2723755463309914
Pasay,2026-09-18T00:00:00+00:00,D,S,14.118045806884766,15.743478260869566,1.6254324539848
Pasay,2026-09-18T00:00:00+00:00,A,C,11.641009330749512,15.743478260869566,4.102468930120054
Pasay,2026-09-18T00:00:00+00:00,B,C,10.275541305541992,15.743478260869566,5.467936955327573
Pasay,2026-09-18T00:00:00+00:00,C,C,11.866116523742676,15.743478260869566,3.87736173712689
Pasay,2026-09-18T00:00:00+00:00,D,C,14.118045806884766,15.743478260869566,1.6254324539848
Pasay,2026-09-19T00:00:00+00:00,A,A,10.57409381866455,17.765555555555554,7.191461736891004
Pasay,2026-09-19T00:00:00+00:00,B,A,10.269721031188965,17.765555555555554,7.49583452436659
Pasay,2026-09-19T00:00:00+00:00,C,A,10.161872863769531,17.765555555555554,7.603682691786023
Pasay,2026-09-19T00:00:00+00:00,D,A,12.554707527160645,17.765555555555554,5.21084802839491
Pasay,2026-09-19T00:00:00+00:00,A,B,10.57409381866455,17.765555555555554,7.191461736891004
Pasay,2026-09-19T00:00:00+00:00,B,B,10.269721031188965,17.765555555555554,7.49583452436659
Pasay,2026-09-19T00:00:00+00:00,C,B,10.161872863769531,17.765555555555554,7.603682691786023
Pasay,2026-09-19T00:00:00+00:00,D,B,12.554707527160645,17.765555555555554,5.21084802839491
Pasay,2026-09-19T00:00:00+00:00,A,S,11.414250373840332,17.765555555555554,6.351305181715222
Pasay,2026-09-19T00:00:00+00:00,B,S,10.697765350341797,17.765555555555554,7.067790205213758
Pasay,2026-09-19T00:00:00+00:00,C,S,9.9979829788208,17.765555555555554,7.767572576734754
Pasay,2026-09-19T00:00:00+00:00,D,S,11.967581748962402,17.765555555555554,5.797973806593152
Pasay,2026-09-19T00:00:00+00:00,A,C,11.08541202545166,17.765555555555554,6.680143530103894
Pasay,2026-09-19T00:00:00+00:00,B,C,10.436867713928223,17.765555555555554,7.328687841627332
Pasay,2026-09-19T00:00:00+00:00,C,C,10.332380294799805,17.765555555555554,7.43317526075575
Pasay,2026-09-19T00:00:00+00:00,D,C,11.967581748962402,17.765555555555554,5.797973806593152
Pasay,2026-09-20T00:00:00+00:00,A,A,11.29781723022461,13.575416666666667,2.277599436442058
Pasay,2026-09-20T00:00:00+00:00,B,A,10.589516639709473,13.575416666666667,2.9859000269571947
Pasay,2026-09-20T00:00:00+00:00,C,A,11.242179870605469,13.575416666666667,2.3332367960611986
Pasay,2026-09-20T00:00:00+00:00,D,A,12.438939094543457,13.575416666666667,1.1364775721232103
Pasay,2026-09-20T00:00:00+00:00,A,B,11.29781723022461,13.575416666666667,2.277599436442058
Pasay,2026-09-20T00:00:00+00:00,B,B,10.589516639709473,13.575416666666667,2.9859000269571947
Pasay,2026-09-20T00:00:00+00:00,C,B,11.242179870605469,13.575416666666667,2.3332367960611986
Pasay,2026-09-20T00:00:00+00:00,D,B,12.438939094543457,13.575416666666667,1.1364775721232103
Pasay,2026-09-20T00:00:00+00:00,A,S,11.145092964172363,13.575416666666667,2.430323702494304
Pasay,2026-09-20T00:00:00+00:00,B,S,11.059161186218262,13.575416666666667,2.5162554804484056
Pasay,2026-09-20T00:00:00+00:00,C,S,10.281947135925293,13.575416666666667,3.2934695307413744
Pasay,2026-09-20T00:00:00+00:00,D,S,13.140393257141113,13.575416666666667,0.4350234095255541
Pasay,2026-09-20T00:00:00+00:00,A,C,12.606307983398438,13.575416666666667,0.9691086832682299
Pasay,2026-09-20T00:00:00+00:00,B,C,10.793426513671875,13.575416666666667,2.7819901529947924
Pasay,2026-09-20T00:00:00+00:00,C,C,10.923941612243652,13.575416666666667,2.651475054423015
Pasay,2026-09-20T00:00:00+00:00,D,C,13.140393257141113,13.575416666666667,0.4350234095255541
Pasay,2026-09-21T00:00:00+00:00,A,A,12.421234130859375,10.721363636363636,1.6998704944957392
Pasay,2026-09-21T00:00:00+00:00,B,A,9.929308891296387,10.721363636363636,0.792054745067249
Pasay,2026-09-21T00:00:00+00:00,C,A,10.836386680603027,10.721363636363636,0.11502304423939158
Pasay,2026-09-21T00:00:00+00:00,D,A,10.982380867004395,10.721363636363636,0.26101723064075877
Pasay,2026-09-21T00:00:00+00:00,A,B,12.421234130859375,10.721363636363636,1.6998704944957392
Pasay,2026-09-21T00:00:00+00:00,B,B,9.929308891296387,10.721363636363636,0.792054745067249
Pasay,2026-09-21T00:00:00+00:00,C,B,10.836386680603027,10.721363636363636,0.11502304423939158
Pasay,2026-09-21T00:00:00+00:00,D,B,10.982380867004395,10.721363636363636,0.26101723064075877
Pasay,2026-09-21T00:00:00+00:00,A,S,10.838643074035645,10.721363636363636,0.11727943767200877
Pasay,2026-09-21T00:00:00+00:00,B,S,9.938042640686035,10.721363636363636,0.7833209956776006
Pasay,2026-09-21T00:00:00+00:00,C,S,11.78052043914795,10.721363636363636,1.0591568027843135
Pasay,2026-09-21T00:00:00+00:00,D,S,10.270428657531738,10.721363636363636,0.4509349788318975
Pasay,2026-09-21T00:00:00+00:00,A,C,9.61177921295166,10.721363636363636,1.1095844234119756
Pasay,2026-09-21T00:00:00+00:00,B,C,9.477192878723145,10.721363636363636,1.2441707576404912
Pasay,2026-09-21T00:00:00+00:00,C,C,11.327740669250488,10.721363636363636,0.6063770328868525
Pasay,2026-09-21T00:00:00+00:00,D,C,10.270428657531738,10.721363636363636,0.4509349788318975
Pasay,2026-09-22T00:00:00+00:00,A,A,11.847371101379395,12.345,0.4976288986206061
Pasay,2026-09-22T00:00:00+00:00,B,A,11.211994171142578,12.345,1.1330058288574225
Pasay,2026-09-22T00:00:00+00:00,C,A,11.894673347473145,12.345,0.4503266525268561
Pasay,2026-09-22T00:00:00+00:00,D,A,14.885905265808105,12.345,2.540905265808105
Pasay,2026-09-22T00:00:00+00:00,A,B,11.847371101379395,12.345,0.4976288986206061
Pasay,2026-09-22T00:00:00+00:00,B,B,11.211994171142578,12.345,1.1330058288574225
Pasay,2026-09-22T00:00:00+00:00,C,B,11.894673347473145,12.345,0.4503266525268561
Pasay,2026-09-22T00:00:00+00:00,D,B,14.885905265808105,12.345,2.540905265808105
Pasay,2026-09-22T00:00:00+00:00,A,S,11.871106147766113,12.345,0.47389385223388736
Pasay,2026-09-22T00:00:00+00:00,B,S,10.862915992736816,12.345,1.4820840072631842
Pasay,2026-09-22T00:00:00+00:00,C,S,12.152259826660156,12.345,0.1927401733398444
Pasay,2026-09-22T00:00:00+00:00,D,S,15.91407299041748,12.345,3.56907299041748
Pasay,2026-09-22T00:00:00+00:00,A,C,12.107829093933105,12.345,0.23717090606689517
Pasay,2026-09-22T00:00:00+00:00,B,C,10.962336540222168,12.345,1.3826634597778327
Pasay,2026-09-22T00:00:00+00:00,C,C,12.305778503417969,12.345,0.03922149658203189
Pasay,2026-09-22T00:00:00+00:00,D,C,15.91407299041748,12.345,3.56907299041748
Pasay,2026-09-23T00:00:00+00:00,A,A,12.330492973327637,23.095652173913045,10.765159200585408
Pasay,2026-09-23T00:00:00+00:00,B,A,10.678080558776855,23.095652173913045,12.41757161513619
Pasay,2026-09-23T00:00:00+00:00,C,A,10.173310279846191,23.095652173913045,12.922341894066854
Pasay,2026-09-23T00:00:00+00:00,D,A,10.595454216003418,23.095652173913045,12.500197957909627
Pasay,2026-09-23T00:00:00+00:00,A,B,12.330492973327637,23.095652173913045,10.765159200585408
Pasay,2026-09-23T00:00:00+00:00,B,B,10.678080558776855,23.095652173913045,12.41757161513619
Pasay,2026-09-23T00:00:00+00:00,C,B,10.173310279846191,23.095652173913045,12.922341894066854
Pasay,2026-09-23T00:00:00+00:00,D,B,10.595454216003418,23.095652173913045,12.500197957909627
Pasay,2026-09-23T00:00:00+00:00,A,S,12.268437385559082,23.095652173913045,10.827214788353963
Pasay,2026-09-23T00:00:00+00:00,B,S,11.173439025878906,23.095652173913045,11.922213148034139
Pasay,2026-09-23T00:00:00+00:00,C,S,10.517730712890625,23.095652173913045,12.57792146102242
Pasay,2026-09-23T00:00:00+00:00,D,S,9.92739486694336,23.095652173913045,13.168257306969686
Pasay,2026-09-23T00:00:00+00:00,A,C,10.708512306213379,23.095652173913045,12.387139867699666
Pasay,2026-09-23T00:00:00+00:00,B,C,11.344290733337402,23.095652173913045,11.751361440575643
Pasay,2026-09-23T00:00:00+00:00,C,C,10.623982429504395,23.095652173913045,12.47166974440865
Pasay,2026-09-23T00:00:00+00:00,D,C,9.92739486694336,23.095652173913045,13.168257306969686
Pasay,2026-09-24T00:00:00+00:00,A,A,14.850789070129395,23.62222222222222,8.771433152092825
Pasay,2026-09-24T00:00:00+00:00,B,A,14.514796257019043,23.62222222222222,9.107425965203177
Pasay,2026-09-24T00:00:00+00:00,C,A,11.830062866210938,23.62222222222222,11.792159356011283
Pasay,2026-09-24T00:00:00+00:00,D,A,17.416706085205078,23.62222222222222,6.205516137017142
Pasay,2026-09-24T00:00:00+00:00,A,B,14.850789070129395,23.62222222222222,8.771433152092825
Pasay,2026-09-24T00:00:00+00:00,B,B,14.514796257019043,23.62222222222222,9.107425965203177
Pasay,2026-09-24T00:00:00+00:00,C,B,11.830062866210938,23.62222222222222,11.792159356011283
Pasay,2026-09-24T00:00:00+00:00,D,B,17.416706085205078,23.62222222222222,6.205516137017142
Pasay,2026-09-24T00:00:00+00:00,A,S,14.217665672302246,23.62222222222222,9.404556549919974
Pasay,2026-09-24T00:00:00+00:00,B,S,14.997254371643066,23.62222222222222,8.624967850579154
Pasay,2026-09-24T00:00:00+00:00,C,S,13.06917953491211,23.62222222222222,10.55304268731011
Pasay,2026-09-24T00:00:00+00:00,D,S,18.18645477294922,23.62222222222222,5.435767449273001
Pasay,2026-09-24T00:00:00+00:00,A,C,15.548922538757324,23.62222222222222,8.073299683464896
Pasay,2026-09-24T00:00:00+00:00,B,C,14.547103881835938,23.62222222222222,9.075118340386283
Pasay,2026-09-24T00:00:00+00:00,C,C,13.319104194641113,23.62222222222222,10.303118027581107
Pasay,2026-09-24T00:00:00+00:00,D,C,18.18645477294922,23.62222222222222,5.435767449273001
Pasay,2026-09-25T00:00:00+00:00,A,A,13.226832389831543,26.953181818181815,13.726349428350272
Pasay,2026-09-25T00:00:00+00:00,B,A,14.577799797058105,26.953181818181815,12.375382021123709
Pasay,2026-09-25T00:00:00+00:00,C,A,14.307536125183105,26.953181818181815,12.645645692998709
Pasay,2026-09-25T00:00:00+00:00,D,A,24.55792236328125,26.953181818181815,2.3952594549005646
Pasay,2026-09-25T00:00:00+00:00,A,B,13.226832389831543,26.953181818181815,13.726349428350272
Pasay,2026-09-25T00:00:00+00:00,B,B,14.577799797058105,26.953181818181815,12.375382021123709
Pasay,2026-09-25T00:00:00+00:00,C,B,14.307536125183105,26.953181818181815,12.645645692998709
Pasay,2026-09-25T00:00:00+00:00,D,B,24.55792236328125,26.953181818181815,2.3952594549005646
Pasay,2026-09-25T00:00:00+00:00,A,S,13.1637601852417,26.953181818181815,13.789421632940115
Pasay,2026-09-25T00:00:00+00:00,B,S,13.722373962402344,26.953181818181815,13.23080785577947
Pasay,2026-09-25T00:00:00+00:00,C,S,12.591567993164062,26.953181818181815,14.361613825017752
Pasay,2026-09-25T00:00:00+00:00,D,S,26.493804931640625,26.953181818181815,0.4593768865411896
Pasay,2026-09-25T00:00:00+00:00,A,C,13.650574684143066,26.953181818181815,13.302607134038748
Pasay,2026-09-25T00:00:00+00:00,B,C,13.54504680633545,26.953181818181815,13.408135011846365
Pasay,2026-09-25T00:00:00+00:00,C,C,13.587773323059082,26.953181818181815,13.365408495122733
Pasay,2026-09-25T00:00:00+00:00,D,C,26.493804931640625,26.953181818181815,0.4593768865411896
Pasay,2026-09-26T00:00:00+00:00,A,A,11.613349914550781,23.22083333333333,11.60748341878255
Pasay,2026-09-26T00:00:00+00:00,B,A,12.992172241210938,23.22083333333333,10.228661092122394
Pasay,2026-09-26T00:00:00+00:00,C,A,12.755561828613281,23.22083333333333,10.46527150472005
Pasay,2026-09-26T00:00:00+00:00,D,A,14.074189186096191,23.22083333333333,9.14664414723714
Pasay,2026-09-26T00:00:00+00:00,A,B,11.613349914550781,23.22083333333333,11.60748341878255
Pasay,2026-09-26T00:00:00+00:00,B,B,12.992172241210938,23.22083333333333,10.228661092122394
Pasay,2026-09-26T00:00:00+00:00,C,B,12.755561828613281,23.22083333333333,10.46527150472005
Pasay,2026-09-26T00:00:00+00:00,D,B,14.074189186096191,23.22083333333333,9.14664414723714
Pasay,2026-09-26T00:00:00+00:00,A,S,12.316075325012207,23.22083333333333,10.904758008321124
Pasay,2026-09-26T00:00:00+00:00,B,S,12.054898262023926,23.22083333333333,11.165935071309406
Pasay,2026-09-26T00:00:00+00:00,C,S,11.705355644226074,23.22083333333333,11.515477689107257
Pasay,2026-09-26T00:00:00+00:00,D,S,13.348116874694824,23.22083333333333,9.872716458638507
Pasay,2026-09-26T00:00:00+00:00,A,C,11.717719078063965,23.22083333333333,11.503114255269367
Pasay,2026-09-26T00:00:00+00:00,B,C,12.177360534667969,23.22083333333333,11.043472798665363
Pasay,2026-09-26T00:00:00+00:00,C,C,12.934314727783203,23.22083333333333,10.286518605550128
Pasay,2026-09-26T00:00:00+00:00,D,C,13.348116874694824,23.22083333333333,9.872716458638507
Pasay,2026-09-27T00:00:00+00:00,A,A,13.7086820602417,22.36086956521739,8.65218750497569
Pasay,2026-09-27T00:00:00+00:00,B,A,11.110499382019043,22.36086956521739,11.250370183198346
Pasay,2026-09-27T00:00:00+00:00,C,A,15.059086799621582,22.36086956521739,7.3017827655958065
Pasay,2026-09-27T00:00:00+00:00,D,A,14.090782165527344,22.36086956521739,8.270087399690045
Pasay,2026-09-27T00:00:00+00:00,A,B,13.7086820602417,22.36086956521739,8.65218750497569
Pasay,2026-09-27T00:00:00+00:00,B,B,11.110499382019043,22.36086956521739,11.250370183198346
Pasay,2026-09-27T00:00:00+00:00,C,B,15.059086799621582,22.36086956521739,7.3017827655958065
Pasay,2026-09-27T00:00:00+00:00,D,B,14.090782165527344,22.36086956521739,8.270087399690045
Pasay,2026-09-27T00:00:00+00:00,A,S,13.860343933105469,22.36086956521739,8.50052563211192
Pasay,2026-09-27T00:00:00+00:00,B,S,12.387008666992188,22.36086956521739,9.973860898225201
Pasay,2026-09-27T00:00:00+00:00,C,S,15.135437965393066,22.36086956521739,7.225431599824322
Pasay,2026-09-27T00:00:00+00:00,D,S,14.42219066619873,22.36086956521739,7.938678899018658
Pasay,2026-09-27T00:00:00+00:00,A,C,13.881939888000488,22.36086956521739,8.4789296772169
Pasay,2026-09-27T00:00:00+00:00,B,C,12.2156982421875,22.36086956521739,10.145171323029889
Pasay,2026-09-27T00:00:00+00:00,C,C,15.144343376159668,22.36086956521739,7.216526189057721
Pasay,2026-09-27T00:00:00+00:00,D,C,14.42219066619873,22.36086956521739,7.938678899018658
San_Juan,2026-08-14T00:00:00+00:00,A,A,14.510159492492676,29.87142857142857,15.361269078935894
San_Juan,2026-08-14T00:00:00+00:00,B,A,15.457121849060059,29.87142857142857,14.414306722368512
San_Juan,2026-08-14T00:00:00+00:00,C,A,17.144119262695312,29.87142857142857,12.727309308733258
San_Juan,2026-08-14T00:00:00+00:00,D,A,15.613139152526855,29.87142857142857,14.258289418901715
San_Juan,2026-08-14T00:00:00+00:00,A,B,14.510159492492676,29.87142857142857,15.361269078935894
San_Juan,2026-08-14T00:00:00+00:00,B,B,15.457121849060059,29.87142857142857,14.414306722368512
San_Juan,2026-08-14T00:00:00+00:00,C,B,17.144119262695312,29.87142857142857,12.727309308733258
San_Juan,2026-08-14T00:00:00+00:00,D,B,15.613139152526855,29.87142857142857,14.258289418901715
San_Juan,2026-08-14T00:00:00+00:00,A,S,13.149601936340332,29.87142857142857,16.721826635088238
San_Juan,2026-08-14T00:00:00+00:00,B,S,11.373709678649902,29.87142857142857,18.497718892778668
San_Juan,2026-08-14T00:00:00+00:00,C,S,14.283828735351562,29.87142857142857,15.587599836077008
San_Juan,2026-08-14T00:00:00+00:00,D,S,17.421104431152344,29.87142857142857,12.450324140276226
San_Juan,2026-08-14T00:00:00+00:00,A,C,13.128376960754395,29.87142857142857,16.743051610674176
San_Juan,2026-08-14T00:00:00+00:00,B,C,11.458992004394531,29.87142857142857,18.41243656703404
San_Juan,2026-08-14T00:00:00+00:00,C,C,14.0396089553833,29.87142857142857,15.83181961604527
San_Juan,2026-08-14T00:00:00+00:00,D,C,17.421104431152344,29.87142857142857,12.450324140276226
San_Juan,2026-08-15T00:00:00+00:00,A,A,18.353994369506836,21.280952380952378,2.9269580114455422
San_Juan,2026-08-15T00:00:00+00:00,B,A,15.529632568359375,21.280952380952378,5.751319812593003
San_Juan,2026-08-15T00:00:00+00:00,C,A,19.35743522644043,21.280952380952378,1.9235171545119485
San_Juan,2026-08-15T00:00:00+00:00,D,A,20.37564468383789,21.280952380952378,0.9053076971144876
San_Juan,2026-08-15T00:00:00+00:00,A,B,18.353994369506836,21.280952380952378,2.9269580114455422
San_Juan,2026-08-15T00:00:00+00:00,B,B,15.529632568359375,21.280952380952378,5.751319812593003
San_Juan,2026-08-15T00:00:00+00:00,C,B,19.35743522644043,21.280952380952378,1.9235171545119485
San_Juan,2026-08-15T00:00:00+00:00,D,B,20.37564468383789,21.280952380952378,0.9053076971144876
San_Juan,2026-08-15T00:00:00+00:00,A,S,14.15515422821045,21.280952380952378,7.125798152741929
San_Juan,2026-08-15T00:00:00+00:00,B,S,15.45699691772461,21.280952380952378,5.823955463227769
San_Juan,2026-08-15T00:00:00+00:00,C,S,18.48335075378418,21.280952380952378,2.7976016271681985
San_Juan,2026-08-15T00:00:00+00:00,D,S,23.319738388061523,21.280952380952378,2.0387860071091453
San_Juan,2026-08-15T00:00:00+00:00,A,C,16.16024398803711,21.280952380952378,5.120708392915269
San_Juan,2026-08-15T00:00:00+00:00,B,C,16.71538734436035,21.280952380952378,4.565565036592027
San_Juan,2026-08-15T00:00:00+00:00,C,C,19.514724731445312,21.280952380952378,1.7662276495070657
San_Juan,2026-08-15T00:00:00+00:00,D,C,23.319738388061523,21.280952380952378,2.0387860071091453
San_Juan,2026-08-24T00:00:00+00:00,A,A,16.576332092285156,32.11666666666666,15.540334574381504
San_Juan,2026-08-24T00:00:00+00:00,B,A,21.519899368286133,32.11666666666666,10.596767298380527
San_Juan,2026-08-24T00:00:00+00:00,C,A,23.540781021118164,32.11666666666666,8.575885645548496
San_Juan,2026-08-24T00:00:00+00:00,D,A,24.573923110961914,32.11666666666666,7.542743555704746
San_Juan,2026-08-24T00:00:00+00:00,A,B,16.576332092285156,32.11666666666666,15.540334574381504
San_Juan,2026-08-24T00:00:00+00:00,B,B,21.519899368286133,32.11666666666666,10.596767298380527
San_Juan,2026-08-24T00:00:00+00:00,C,B,23.540781021118164,32.11666666666666,8.575885645548496
San_Juan,2026-08-24T00:00:00+00:00,D,B,24.573923110961914,32.11666666666666,7.542743555704746
San_Juan,2026-08-24T00:00:00+00:00,A,S,12.666377067565918,32.11666666666666,19.450289599100742
San_Juan,2026-08-24T00:00:00+00:00,B,S,13.480929374694824,32.11666666666666,18.635737291971836
San_Juan,2026-08-24T00:00:00+00:00,C,S,21.697134017944336,32.11666666666666,10.419532648722324
San_Juan,2026-08-24T00:00:00+00:00,D,S,25.834707260131836,32.11666666666666,6.281959406534824
San_Juan,2026-08-24T00:00:00+00:00,A,C,14.834200859069824,32.11666666666666,17.282465807596836
San_Juan,2026-08-24T00:00:00+00:00,B,C,13.427555084228516,32.11666666666666,18.689111582438144
San_Juan,2026-08-24T00:00:00+00:00,C,C,21.70224952697754,32.11666666666666,10.414417139689121
San_Juan,2026-08-24T00:00:00+00:00,D,C,25.834707260131836,32.11666666666666,6.281959406534824
San_Juan,2026-08-25T00:00:00+00:00,A,A,18.645212173461914,28.876190476190477,10.230978302728563
San_Juan,2026-08-25T00:00:00+00:00,B,A,19.605310440063477,28.876190476190477,9.270880036127
San_Juan,2026-08-25T00:00:00+00:00,C,A,19.586519241333008,28.876190476190477,9.289671234857469
San_Juan,2026-08-25T00:00:00+00:00,D,A,18.110361099243164,28.876190476190477,10.765829376947313
San_Juan,2026-08-25T00:00:00+00:00,A,B,18.645212173461914,28.876190476190477,10.230978302728563
San_Juan,2026-08-25T00:00:00+00:00,B,B,19.605310440063477,28.876190476190477,9.270880036127
San_Juan,2026-08-25T00:00:00+00:00,C,B,19.586519241333008,28.876190476190477,9.289671234857469
San_Juan,2026-08-25T00:00:00+00:00,D,B,18.110361099243164,28.876190476190477,10.765829376947313
San_Juan,2026-08-25T00:00:00+00:00,A,S,18.174577713012695,28.876190476190477,10.701612763177781
San_Juan,2026-08-25T00:00:00+00:00,B,S,16.37934112548828,28.876190476190477,12.496849350702195
San_Juan,2026-08-25T00:00:00+00:00,C,S,18.527786254882812,28.876190476190477,10.348404221307664
San_Juan,2026-08-25T00:00:00+00:00,D,S,21.076038360595703,28.876190476190477,7.8001521155947735
San_Juan,2026-08-25T00:00:00+00:00,A,C,19.34067726135254,28.876190476190477,9.535513214837938
San_Juan,2026-08-25T00:00:00+00:00,B,C,16.1312313079834,28.876190476190477,12.744959168207078
San_Juan,2026-08-25T00:00:00+00:00,C,C,18.446632385253906,28.876190476190477,10.42955809093657
San_Juan,2026-08-25T00:00:00+00:00,D,C,21.076038360595703,28.876190476190477,7.8001521155947735
San_Juan,2026-08-26T00:00:00+00:00,A,A,16.812862396240234,18.72631578947368,1.9134533932334463
San_Juan,2026-08-26T00:00:00+00:00,B,A,20.635427474975586,18.72631578947368,1.9091116855019052
San_Juan,2026-08-26T00:00:00+00:00,C,A,22.619131088256836,18.72631578947368,3.8928152987831552
San_Juan,2026-08-26T00:00:00+00:00,D,A,20.336410522460938,18.72631578947368,1.6100947329872568
San_Juan,2026-08-26T00:00:00+00:00,A,B,16.812862396240234,18.72631578947368,1.9134533932334463
San_Juan,2026-08-26T00:00:00+00:00,B,B,20.635427474975586,18.72631578947368,1.9091116855019052
San_Juan,2026-08-26T00:00:00+00:00,C,B,22.619131088256836,18.72631578947368,3.8928152987831552
San_Juan,2026-08-26T00:00:00+00:00,D,B,20.336410522460938,18.72631578947368,1.6100947329872568
San_Juan,2026-08-26T00:00:00+00:00,A,S,16.569303512573242,18.72631578947368,2.1570122769004385
San_Juan,2026-08-26T00:00:00+00:00,B,S,18.242033004760742,18.72631578947368,0.4842827847129385
San_Juan,2026-08-26T00:00:00+00:00,C,S,20.714147567749023,18.72631578947368,1.9878317782753427
San_Juan,2026-08-26T00:00:00+00:00,D,S,21.088546752929688,18.72631578947368,2.362230963456007
San_Juan,2026-08-26T00:00:00+00:00,A,C,17.329458236694336,18.72631578947368,1.3968575527793448
San_Juan,2026-08-26T00:00:00+00:00,B,C,18.487451553344727,18.72631578947368,0.23886423612895413
San_Juan,2026-08-26T00:00:00+00:00,C,C,19.773170471191406,18.72631578947368,1.0468546817177256
San_Juan,2026-08-26T00:00:00+00:00,D,C,21.088546752929688,18.72631578947368,2.362230963456007
San_Juan,2026-08-31T00:00:00+00:00,A,A,24.05992889404297,62.730000000000004,38.670071105957035
San_Juan,2026-08-31T00:00:00+00:00,B,A,20.662960052490234,62.730000000000004,42.06703994750977
San_Juan,2026-08-31T00:00:00+00:00,C,A,23.704015731811523,62.730000000000004,39.02598426818848
San_Juan,2026-08-31T00:00:00+00:00,D,A,20.274463653564453,62.730000000000004,42.45553634643555
San_Juan,2026-08-31T00:00:00+00:00,A,B,24.05992889404297,62.730000000000004,38.670071105957035
San_Juan,2026-08-31T00:00:00+00:00,B,B,20.662960052490234,62.730000000000004,42.06703994750977
San_Juan,2026-08-31T00:00:00+00:00,C,B,23.704015731811523,62.730000000000004,39.02598426818848
San_Juan,2026-08-31T00:00:00+00:00,D,B,20.274463653564453,62.730000000000004,42.45553634643555
San_Juan,2026-08-31T00:00:00+00:00,A,S,18.985746383666992,62.730000000000004,43.74425361633301
San_Juan,2026-08-31T00:00:00+00:00,B,S,14.045745849609375,62.730000000000004,48.68425415039063
San_Juan,2026-08-31T00:00:00+00:00,C,S,23.16119384765625,62.730000000000004,39.568806152343754
San_Juan,2026-08-31T00:00:00+00:00,D,S,21.028532028198242,62.730000000000004,41.70146797180176
San_Juan,2026-08-31T00:00:00+00:00,A,C,17.895618438720703,62.730000000000004,44.8343815612793
San_Juan,2026-08-31T00:00:00+00:00,B,C,13.767460823059082,62.730000000000004,48.96253917694092
San_Juan,2026-08-31T00:00:00+00:00,C,C,23.775476455688477,62.730000000000004,38.95452354431153
San_Juan,2026-08-31T00:00:00+00:00,D,C,21.028532028198242,62.730000000000004,41.70146797180176
San_Juan,2026-09-01T00:00:00+00:00,A,A,22.30141258239746,27.51904761904762,5.217635036650158
San_Juan,2026-09-01T00:00:00+00:00,B,A,20.616064071655273,27.51904761904762,6.9029835473923455
San_Juan,2026-09-01T00:00:00+00:00,C,A,24.03607749938965,27.51904761904762,3.4829701196579705
San_Juan,2026-09-01T00:00:00+00:00,D,A,31.69551658630371,27.51904761904762,4.176468967256092
San_Juan,2026-09-01T00:00:00+00:00,A,B,22.30141258239746,27.51904761904762,5.217635036650158
San_Juan,2026-09-01T00:00:00+00:00,B,B,20.616064071655273,27.51904761904762,6.9029835473923455
San_Juan,2026-09-01T00:00:00+00:00,C,B,24.03607749938965,27.51904761904762,3.4829701196579705
San_Juan,2026-09-01T00:00:00+00:00,D,B,31.69551658630371,27.51904761904762,4.176468967256092
San_Juan,2026-09-01T00:00:00+00:00,A,S,21.4522705078125,27.51904761904762,6.066777111235119
San_Juan,2026-09-01T00:00:00+00:00,B,S,20.740550994873047,27.51904761904762,6.778496624174572
San_Juan,2026-09-01T00:00:00+00:00,C,S,22.44049835205078,27.51904761904762,5.078549266996838
San_Juan,2026-09-01T00:00:00+00:00,D,S,40.2080192565918,27.51904761904762,12.688971637544178
San_Juan,2026-09-01T00:00:00+00:00,A,C,22.38578224182129,27.51904761904762,5.13326537722633
San_Juan,2026-09-01T00:00:00+00:00,B,C,21.092498779296875,27.51904761904762,6.426548839750744
San_Juan,2026-09-01T00:00:00+00:00,C,C,23.19856834411621,27.51904761904762,4.320479274931408
San_Juan,2026-09-01T00:00:00+00:00,D,C,40.2080192565918,27.51904761904762,12.688971637544178
San_Juan,2026-09-03T00:00:00+00:00,A,A,19.03452491760254,17.217619047619042,1.816905869983497
San_Juan,2026-09-03T00:00:00+00:00,B,A,19.681352615356445,17.217619047619042,2.4637335677374033
San_Juan,2026-09-03T00:00:00+00:00,C,A,22.290328979492188,17.217619047619042,5.0727099318731455
San_Juan,2026-09-03T00:00:00+00:00,D,A,20.42197608947754,17.217619047619042,3.204357041858497
San_Juan,2026-09-03T00:00:00+00:00,A,B,19.03452491760254,17.217619047619042,1.816905869983497
San_Juan,2026-09-03T00:00:00+00:00,B,B,19.681352615356445,17.217619047619042,2.4637335677374033
San_Juan,2026-09-03T00:00:00+00:00,C,B,22.290328979492188,17.217619047619042,5.0727099318731455
San_Juan,2026-09-03T00:00:00+00:00,D,B,20.42197608947754,17.217619047619042,3.204357041858497
San_Juan,2026-09-03T00:00:00+00:00,A,S,19.540666580200195,17.217619047619042,2.3230475325811533
San_Juan,2026-09-03T00:00:00+00:00,B,S,21.32520866394043,17.217619047619042,4.107589616321388
San_Juan,2026-09-03T00:00:00+00:00,C,S,18.663877487182617,17.217619047619042,1.4462584395635751
San_Juan,2026-09-03T00:00:00+00:00,D,S,18.750810623168945,17.217619047619042,1.5331915755499033
San_Juan,2026-09-03T00:00:00+00:00,A,C,19.46428680419922,17.217619047619042,2.2466677565801767
San_Juan,2026-09-03T00:00:00+00:00,B,C,21.11952018737793,17.217619047619042,3.9019011397588876
San_Juan,2026-09-03T00:00:00+00:00,C,C,18.32569122314453,17.217619047619042,1.1080721755254892
San_Juan,2026-09-03T00:00:00+00:00,D,C,18.750810623168945,17.217619047619042,1.5331915755499033
San_Juan,2026-09-04T00:00:00+00:00,A,A,15.557293891906738,14.7925,0.7647938919067379
San_Juan,2026-09-04T00:00:00+00:00,B,A,16.94826316833496,14.7925,2.1557631683349605
San_Juan,2026-09-04T00:00:00+00:00,C,A,19.41288185119629,14.7925,4.620381851196289
San_Juan,2026-09-04T00:00:00+00:00,D,A,15.50446605682373,14.7925,0.71196605682373
San_Juan,2026-09-04T00:00:00+00:00,A,B,15.557293891906738,14.7925,0.7647938919067379
San_Juan,2026-09-04T00:00:00+00:00,B,B,16.94826316833496,14.7925,2.1557631683349605
San_Juan,2026-09-04T00:00:00+00:00,C,B,19.41288185119629,14.7925,4.620381851196289
San_Juan,2026-09-04T00:00:00+00:00,D,B,15.50446605682373,14.7925,0.71196605682373
San_Juan,2026-09-04T00:00:00+00:00,A,S,15.97710132598877,14.7925,1.184601325988769
San_Juan,2026-09-04T00:00:00+00:00,B,S,12.229988098144531,14.7925,2.562511901855469
San_Juan,2026-09-04T00:00:00+00:00,C,S,19.082761764526367,14.7925,4.290261764526367
San_Juan,2026-09-04T00:00:00+00:00,D,S,19.541786193847656,14.7925,4.749286193847656
San_Juan,2026-09-04T00:00:00+00:00,A,C,15.454113960266113,14.7925,0.6616139602661129
San_Juan,2026-09-04T00:00:00+00:00,B,C,13.64658260345459,14.7925,1.1459173965454106
San_Juan,2026-09-04T00:00:00+00:00,C,C,19.993497848510742,14.7925,5.200997848510742
San_Juan,2026-09-04T00:00:00+00:00,D,C,19.541786193847656,14.7925,4.749286193847656
San_Juan,2026-09-05T00:00:00+00:00,A,A,13.185287475585938,12.234285714285713,0.9510017613002244
San_Juan,2026-09-05T00:00:00+00:00,B,A,14.868191719055176,12.234285714285713,2.6339060047694627
San_Juan,2026-09-05T00:00:00+00:00,C,A,13.248478889465332,12.234285714285713,1.014193175179619
San_Juan,2026-09-05T00:00:00+00:00,D,A,12.518135070800781,12.234285714285713,0.28384935651506815
San_Juan,2026-09-05T00:00:00+00:00,A,B,13.185287475585938,12.234285714285713,0.9510017613002244
San_Juan,2026-09-05T00:00:00+00:00,B,B,14.868191719055176,12.234285714285713,2.6339060047694627
San_Juan,2026-09-05T00:00:00+00:00,C,B,13.248478889465332,12.234285714285713,1.014193175179619
San_Juan,2026-09-05T00:00:00+00:00,D,B,12.518135070800781,12.234285714285713,0.28384935651506815
San_Juan,2026-09-05T00:00:00+00:00,A,S,11.802384376525879,12.234285714285713,0.4319013377598342
San_Juan,2026-09-05T00:00:00+00:00,B,S,13.57579517364502,12.234285714285713,1.3415094593593064
San_Juan,2026-09-05T00:00:00+00:00,C,S,12.159809112548828,12.234285714285713,0.07447660173688497
San_Juan,2026-09-05T00:00:00+00:00,D,S,11.402412414550781,12.234285714285713,0.8318732997349318
San_Juan,2026-09-05T00:00:00+00:00,A,C,13.052989959716797,12.234285714285713,0.8187042454310838
San_Juan,2026-09-05T00:00:00+00:00,B,C,14.592385292053223,12.234285714285713,2.3580995777675096
San_Juan,2026-09-05T00:00:00+00:00,C,C,11.634676933288574,12.234285714285713,0.5996087809971389
San_Juan,2026-09-05T00:00:00+00:00,D,C,11.402412414550781,12.234285714285713,0.8318732997349318
San_Juan,2026-09-06T00:00:00+00:00,A,A,12.676872253417969,13.883333333333335,1.2064610799153659
San_Juan,2026-09-06T00:00:00+00:00,B,A,10.452356338500977,13.883333333333335,3.430976994832358
San_Juan,2026-09-06T00:00:00+00:00,C,A,10.930331230163574,13.883333333333335,2.9530021031697604
San_Juan,2026-09-06T00:00:00+00:00,D,A,10.637532234191895,13.883333333333335,3.24580109914144
San_Juan,2026-09-06T00:00:00+00:00,A,B,12.676872253417969,13.883333333333335,1.2064610799153659
San_Juan,2026-09-06T00:00:00+00:00,B,B,10.452356338500977,13.883333333333335,3.430976994832358
San_Juan,2026-09-06T00:00:00+00:00,C,B,10.930331230163574,13.883333333333335,2.9530021031697604
San_Juan,2026-09-06T00:00:00+00:00,D,B,10.637532234191895,13.883333333333335,3.24580109914144
San_Juan,2026-09-06T00:00:00+00:00,A,S,13.019752502441406,13.883333333333335,0.8635808308919284
San_Juan,2026-09-06T00:00:00+00:00,B,S,11.217873573303223,13.883333333333335,2.665459760030112
San_Juan,2026-09-06T00:00:00+00:00,C,S,11.43555736541748,13.883333333333335,2.447775967915854
San_Juan,2026-09-06T00:00:00+00:00,D,S,10.297451972961426,13.883333333333335,3.585881360371909
San_Juan,2026-09-06T00:00:00+00:00,A,C,11.312914848327637,13.883333333333335,2.570418485005698
San_Juan,2026-09-06T00:00:00+00:00,B,C,11.488564491271973,13.883333333333335,2.394768842061362
San_Juan,2026-09-06T00:00:00+00:00,C,C,11.36123275756836,13.883333333333335,2.5221005757649753
San_Juan,2026-09-06T00:00:00+00:00,D,C,10.297451972961426,13.883333333333335,3.585881360371909
San_Juan,2026-09-07T00:00:00+00:00,A,A,14.372546195983887,18.93333333333333,4.560787137349443
San_Juan,2026-09-07T00:00:00+00:00,B,A,11.901837348937988,18.93333333333333,7.031495984395342
San_Juan,2026-09-07T00:00:00+00:00,C,A,10.889691352844238,18.93333333333333,8.043641980489092
San_Juan,2026-09-07T00:00:00+00:00,D,A,11.5722074508667,18.93333333333333,7.361125882466631
San_Juan,2026-09-07T00:00:00+00:00,A,B,14.372546195983887,18.93333333333333,4.560787137349443
San_Juan,2026-09-07T00:00:00+00:00,B,B,11.901837348937988,18.93333333333333,7.031495984395342
San_Juan,2026-09-07T00:00:00+00:00,C,B,10.889691352844238,18.93333333333333,8.043641980489092
San_Juan,2026-09-07T00:00:00+00:00,D,B,11.5722074508667,18.93333333333333,7.361125882466631
San_Juan,2026-09-07T00:00:00+00:00,A,S,13.423192024230957,18.93333333333333,5.510141309102373
San_Juan,2026-09-07T00:00:00+00:00,B,S,12.066815376281738,18.93333333333333,6.866517957051592
San_Juan,2026-09-07T00:00:00+00:00,C,S,12.139545440673828,18.93333333333333,6.793787892659502
San_Juan,2026-09-07T00:00:00+00:00,D,S,15.429595947265625,18.93333333333333,3.503737386067705
San_Juan,2026-09-07T00:00:00+00:00,A,C,13.175414085388184,18.93333333333333,5.757919247945146
San_Juan,2026-09-07T00:00:00+00:00,B,C,12.146098136901855,18.93333333333333,6.7872351964314745
San_Juan,2026-09-07T00:00:00+00:00,C,C,13.064433097839355,18.93333333333333,5.8689002354939745
San_Juan,2026-09-07T00:00:00+00:00,D,C,15.429595947265625,18.93333333333333,3.503737386067705
San_Juan,2026-09-08T00:00:00+00:00,A,A,13.725666999816895,18.277777777777775,4.5521107779608805
San_Juan,2026-09-08T00:00:00+00:00,B,A,13.389710426330566,18.277777777777775,4.888067351447209
San_Juan,2026-09-08T00:00:00+00:00,C,A,11.057461738586426,18.277777777777775,7.220316039191349
San_Juan,2026-09-08T00:00:00+00:00,D,A,12.827232360839844,18.277777777777775,5.450545416937931
San_Juan,2026-09-08T00:00:00+00:00,A,B,13.725666999816895,18.277777777777775,4.5521107779608805
San_Juan,2026-09-08T00:00:00+00:00,B,B,13.389710426330566,18.277777777777775,4.888067351447209
San_Juan,2026-09-08T00:00:00+00:00,C,B,11.057461738586426,18.277777777777775,7.220316039191349
San_Juan,2026-09-08T00:00:00+00:00,D,B,12.827232360839844,18.277777777777775,5.450545416937931
San_Juan,2026-09-08T00:00:00+00:00,A,S,12.957865715026855,18.277777777777775,5.3199120627509195
San_Juan,2026-09-08T00:00:00+00:00,B,S,12.542012214660645,18.277777777777775,5.7357655631171305
San_Juan,2026-09-08T00:00:00+00:00,C,S,10.632563591003418,18.277777777777775,7.645214186774357
San_Juan,2026-09-08T00:00:00+00:00,D,S,12.465893745422363,18.277777777777775,5.811884032355412
San_Juan,2026-09-08T00:00:00+00:00,A,C,14.075851440429688,18.277777777777775,4.2019263373480875
San_Juan,2026-09-08T00:00:00+00:00,B,C,13.30982494354248,18.277777777777775,4.9679528342352945
San_Juan,2026-09-08T00:00:00+00:00,C,C,11.577876091003418,18.277777777777775,6.699901686774357
San_Juan,2026-09-08T00:00:00+00:00,D,C,12.465893745422363,18.277777777777775,5.811884032355412
San_Juan,2026-09-14T00:00:00+00:00,A,A,14.43332290649414,26.082608695652176,11.649285789158036
San_Juan,2026-09-14T00:00:00+00:00,B,A,12.180216789245605,26.082608695652176,13.90239190640657
San_Juan,2026-09-14T00:00:00+00:00,C,A,13.286890983581543,26.082608695652176,12.795717712070633
San_Juan,2026-09-14T00:00:00+00:00,D,A,13.422149658203125,26.082608695652176,12.660459037449051
San_Juan,2026-09-14T00:00:00+00:00,A,B,14.43332290649414,26.082608695652176,11.649285789158036
San_Juan,2026-09-14T00:00:00+00:00,B,B,12.180216789245605,26.082608695652176,13.90239190640657
San_Juan,2026-09-14T00:00:00+00:00,C,B,13.286890983581543,26.082608695652176,12.795717712070633
San_Juan,2026-09-14T00:00:00+00:00,D,B,13.422149658203125,26.082608695652176,12.660459037449051
San_Juan,2026-09-14T00:00:00+00:00,A,S,14.615737915039062,26.082608695652176,11.466870780613114
San_Juan,2026-09-14T00:00:00+00:00,B,S,14.75475025177002,26.082608695652176,11.327858443882157
San_Juan,2026-09-14T00:00:00+00:00,C,S,13.979637145996094,26.082608695652176,12.102971549656083
San_Juan,2026-09-14T00:00:00+00:00,D,S,13.799525260925293,26.082608695652176,12.283083434726883
San_Juan,2026-09-14T00:00:00+00:00,A,C,15.010967254638672,26.082608695652176,11.071641441013504
San_Juan,2026-09-14T00:00:00+00:00,B,C,15.212372779846191,26.082608695652176,10.870235915805985
San_Juan,2026-09-14T00:00:00+00:00,C,C,14.038491249084473,26.082608695652176,12.044117446567704
San_Juan,2026-09-14T00:00:00+00:00,D,C,13.799525260925293,26.082608695652176,12.283083434726883
San_Juan,2026-09-15T00:00:00+00:00,A,A,18.17670440673828,27.82777777777778,9.651073371039498
San_Juan,2026-09-15T00:00:00+00:00,B,A,14.972138404846191,27.82777777777778,12.855639372931588
San_Juan,2026-09-15T00:00:00+00:00,C,A,16.213218688964844,27.82777777777778,11.614559088812936
San_Juan,2026-09-15T00:00:00+00:00,D,A,18.91131591796875,27.82777777777778,8.91646185980903
San_Juan,2026-09-15T00:00:00+00:00,A,B,18.17670440673828,27.82777777777778,9.651073371039498
San_Juan,2026-09-15T00:00:00+00:00,B,B,14.972138404846191,27.82777777777778,12.855639372931588
San_Juan,2026-09-15T00:00:00+00:00,C,B,16.213218688964844,27.82777777777778,11.614559088812936
San_Juan,2026-09-15T00:00:00+00:00,D,B,18.91131591796875,27.82777777777778,8.91646185980903
San_Juan,2026-09-15T00:00:00+00:00,A,S,18.04204559326172,27.82777777777778,9.78573218451606
San_Juan,2026-09-15T00:00:00+00:00,B,S,14.129931449890137,27.82777777777778,13.697846327887643
San_Juan,2026-09-15T00:00:00+00:00,C,S,15.159504890441895,27.82777777777778,12.668272887335885
San_Juan,2026-09-15T00:00:00+00:00,D,S,18.61310386657715,27.82777777777778,9.21467391120063
San_Juan,2026-09-15T00:00:00+00:00,A,C,17.830434799194336,27.82777777777778,9.997342978583443
San_Juan,2026-09-15T00:00:00+00:00,B,C,13.945862770080566,27.82777777777778,13.881915007697213
San_Juan,2026-09-15T00:00:00+00:00,C,C,14.748318672180176,27.82777777777778,13.079459105597603
San_Juan,2026-09-15T00:00:00+00:00,D,C,18.61310386657715,27.82777777777778,9.21467391120063
San_Juan,2026-09-18T00:00:00+00:00,A,A,13.234664916992188,21.52380952380952,8.289144606817331
San_Juan,2026-09-18T00:00:00+00:00,B,A,14.936894416809082,21.52380952380952,6.586915107000436
San_Juan,2026-09-18T00:00:00+00:00,C,A,13.80051040649414,21.52380952380952,7.723299117315378
San_Juan,2026-09-18T00:00:00+00:00,D,A,18.976285934448242,21.52380952380952,2.547523589361276
San_Juan,2026-09-18T00:00:00+00:00,A,B,13.234664916992188,21.52380952380952,8.289144606817331
San_Juan,2026-09-18T00:00:00+00:00,B,B,14.936894416809082,21.52380952380952,6.586915107000436
San_Juan,2026-09-18T00:00:00+00:00,C,B,13.80051040649414,21.52380952380952,7.723299117315378
San_Juan,2026-09-18T00:00:00+00:00,D,B,18.976285934448242,21.52380952380952,2.547523589361276
San_Juan,2026-09-18T00:00:00+00:00,A,S,12.196516990661621,21.52380952380952,9.327292533147897
San_Juan,2026-09-18T00:00:00+00:00,B,S,12.465540885925293,21.52380952380952,9.058268637884225
San_Juan,2026-09-18T00:00:00+00:00,C,S,15.31113338470459,21.52380952380952,6.2126761391049286
San_Juan,2026-09-18T00:00:00+00:00,D,S,18.69283103942871,21.52380952380952,2.8309784843808075
San_Juan,2026-09-18T00:00:00+00:00,A,C,13.726347923278809,21.52380952380952,7.79746160053071
San_Juan,2026-09-18T00:00:00+00:00,B,C,12.595111846923828,21.52380952380952,8.92869767688569
San_Juan,2026-09-18T00:00:00+00:00,C,C,15.092087745666504,21.52380952380952,6.4317217781430145
San_Juan,2026-09-18T00:00:00+00:00,D,C,18.69283103942871,21.52380952380952,2.8309784843808075
San_Juan,2026-09-20T00:00:00+00:00,A,A,13.197964668273926,17.854545454545455,4.65658078627153
San_Juan,2026-09-20T00:00:00+00:00,B,A,14.317985534667969,17.854545454545455,3.5365599198774866
San_Juan,2026-09-20T00:00:00+00:00,C,A,16.015899658203125,17.854545454545455,1.8386457963423304
San_Juan,2026-09-20T00:00:00+00:00,D,A,16.28898811340332,17.854545454545455,1.565557341142135
San_Juan,2026-09-20T00:00:00+00:00,A,B,13.197964668273926,17.854545454545455,4.65658078627153
San_Juan,2026-09-20T00:00:00+00:00,B,B,14.317985534667969,17.854545454545455,3.5365599198774866
San_Juan,2026-09-20T00:00:00+00:00,C,B,16.015899658203125,17.854545454545455,1.8386457963423304
San_Juan,2026-09-20T00:00:00+00:00,D,B,16.28898811340332,17.854545454545455,1.565557341142135
San_Juan,2026-09-20T00:00:00+00:00,A,S,14.050102233886719,17.854545454545455,3.8044432206587366
San_Juan,2026-09-20T00:00:00+00:00,B,S,17.124286651611328,17.854545454545455,0.7302588029341273
San_Juan,2026-09-20T00:00:00+00:00,C,S,14.688640594482422,17.854545454545455,3.1659048600630335
San_Juan,2026-09-20T00:00:00+00:00,D,S,19.530427932739258,17.854545454545455,1.6758824781938024
San_Juan,2026-09-20T00:00:00+00:00,A,C,14.42354965209961,17.854545454545455,3.430995802445846
San_Juan,2026-09-20T00:00:00+00:00,B,C,16.64356803894043,17.854545454545455,1.2109774156050257
San_Juan,2026-09-20T00:00:00+00:00,C,C,15.224080085754395,17.854545454545455,2.630465368791061
San_Juan,2026-09-20T00:00:00+00:00,D,C,19.530427932739258,17.854545454545455,1.6758824781938024
San_Juan,2026-09-21T00:00:00+00:00,A,A,13.524829864501953,17.559545454545454,4.0347155900435006
San_Juan,2026-09-21T00:00:00+00:00,B,A,14.590678215026855,17.559545454545454,2.968867239518598
San_Juan,2026-09-21T00:00:00+00:00,C,A,13.323348999023438,17.559545454545454,4.236196455522016
San_Juan,2026-09-21T00:00:00+00:00,D,A,21.11182975769043,17.559545454545454,3.552284303144976
San_Juan,2026-09-21T00:00:00+00:00,A,B,13.524829864501953,17.559545454545454,4.0347155900435006
San_Juan,2026-09-21T00:00:00+00:00,B,B,14.590678215026855,17.559545454545454,2.968867239518598
San_Juan,2026-09-21T00:00:00+00:00,C,B,13.323348999023438,17.559545454545454,4.236196455522016
San_Juan,2026-09-21T00:00:00+00:00,D,B,21.11182975769043,17.559545454545454,3.552284303144976
San_Juan,2026-09-21T00:00:00+00:00,A,S,13.76001262664795,17.559545454545454,3.7995328278975045
San_Juan,2026-09-21T00:00:00+00:00,B,S,13.084270477294922,17.559545454545454,4.475274977250532
San_Juan,2026-09-21T00:00:00+00:00,C,S,14.33151912689209,17.559545454545454,3.228026327653364
San_Juan,2026-09-21T00:00:00+00:00,D,S,18.70448875427246,17.559545454545454,1.1449432997270073
San_Juan,2026-09-21T00:00:00+00:00,A,C,12.715728759765625,17.559545454545454,4.843816694779829
San_Juan,2026-09-21T00:00:00+00:00,B,C,13.039505958557129,17.559545454545454,4.520039495988325
San_Juan,2026-09-21T00:00:00+00:00,C,C,14.314793586730957,17.559545454545454,3.2447518678144966
San_Juan,2026-09-21T00:00:00+00:00,D,C,18.70448875427246,17.559545454545454,1.1449432997270073
San_Juan,2026-09-22T00:00:00+00:00,A,A,14.792025566101074,21.866666666666664,7.074641100565589
San_Juan,2026-09-22T00:00:00+00:00,B,A,13.290555000305176,21.866666666666664,8.576111666361488
San_Juan,2026-09-22T00:00:00+00:00,C,A,12.918272972106934,21.866666666666664,8.94839369455973
San_Juan,2026-09-22T00:00:00+00:00,D,A,19.195255279541016,21.866666666666664,2.671411387125648
San_Juan,2026-09-22T00:00:00+00:00,A,B,14.792025566101074,21.866666666666664,7.074641100565589
San_Juan,2026-09-22T00:00:00+00:00,B,B,13.290555000305176,21.866666666666664,8.576111666361488
San_Juan,2026-09-22T00:00:00+00:00,C,B,12.918272972106934,21.866666666666664,8.94839369455973
San_Juan,2026-09-22T00:00:00+00:00,D,B,19.195255279541016,21.866666666666664,2.671411387125648
San_Juan,2026-09-22T00:00:00+00:00,A,S,15.06231689453125,21.866666666666664,6.804349772135414
San_Juan,2026-09-22T00:00:00+00:00,B,S,13.768731117248535,21.866666666666664,8.097935549418128
San_Juan,2026-09-22T00:00:00+00:00,C,S,13.760968208312988,21.866666666666664,8.105698458353675
San_Juan,2026-09-22T00:00:00+00:00,D,S,19.166805267333984,21.866666666666664,2.699861399332679
San_Juan,2026-09-22T00:00:00+00:00,A,C,13.718663215637207,21.866666666666664,8.148003451029457
San_Juan,2026-09-22T00:00:00+00:00,B,C,14.098162651062012,21.866666666666664,7.768504015604652
San_Juan,2026-09-22T00:00:00+00:00,C,C,14.013385772705078,21.866666666666664,7.8532808939615855
San_Juan,2026-09-22T00:00:00+00:00,D,C,19.166805267333984,21.866666666666664,2.699861399332679
San_Juan,2026-09-23T00:00:00+00:00,A,A,14.134903907775879,27.139999999999997,13.005096092224118
San_Juan,2026-09-23T00:00:00+00:00,B,A,12.405362129211426,27.139999999999997,14.734637870788571
San_Juan,2026-09-23T00:00:00+00:00,C,A,14.628449440002441,27.139999999999997,12.511550559997556
San_Juan,2026-09-23T00:00:00+00:00,D,A,18.71532440185547,27.139999999999997,8.424675598144528
San_Juan,2026-09-23T00:00:00+00:00,A,B,14.134903907775879,27.139999999999997,13.005096092224118
San_Juan,2026-09-23T00:00:00+00:00,B,B,12.405362129211426,27.139999999999997,14.734637870788571
San_Juan,2026-09-23T00:00:00+00:00,C,B,14.628449440002441,27.139999999999997,12.511550559997556
San_Juan,2026-09-23T00:00:00+00:00,D,B,18.71532440185547,27.139999999999997,8.424675598144528
San_Juan,2026-09-23T00:00:00+00:00,A,S,13.295639038085938,27.139999999999997,13.84436096191406
San_Juan,2026-09-23T00:00:00+00:00,B,S,13.954264640808105,27.139999999999997,13.185735359191892
San_Juan,2026-09-23T00:00:00+00:00,C,S,15.242159843444824,27.139999999999997,11.897840156555173
San_Juan,2026-09-23T00:00:00+00:00,D,S,22.80736541748047,27.139999999999997,4.332634582519528
San_Juan,2026-09-23T00:00:00+00:00,A,C,13.331413269042969,27.139999999999997,13.808586730957028
San_Juan,2026-09-23T00:00:00+00:00,B,C,14.259379386901855,27.139999999999997,12.880620613098142
San_Juan,2026-09-23T00:00:00+00:00,C,C,15.226910591125488,27.139999999999997,11.913089408874509
San_Juan,2026-09-23T00:00:00+00:00,D,C,22.80736541748047,27.139999999999997,4.332634582519528
San_Juan,2026-09-25T00:00:00+00:00,A,A,11.432690620422363,21.573684210526316,10.140993590103953
San_Juan,2026-09-25T00:00:00+00:00,B,A,14.03980541229248,21.573684210526316,7.533878798233836
San_Juan,2026-09-25T00:00:00+00:00,C,A,14.828410148620605,21.573684210526316,6.745274061905711
San_Juan,2026-09-25T00:00:00+00:00,D,A,16.16533660888672,21.573684210526316,5.408347601639598
San_Juan,2026-09-25T00:00:00+00:00,A,B,11.432690620422363,21.573684210526316,10.140993590103953
San_Juan,2026-09-25T00:00:00+00:00,B,B,14.03980541229248,21.573684210526316,7.533878798233836
San_Juan,2026-09-25T00:00:00+00:00,C,B,14.828410148620605,21.573684210526316,6.745274061905711
San_Juan,2026-09-25T00:00:00+00:00,D,B,16.16533660888672,21.573684210526316,5.408347601639598
San_Juan,2026-09-25T00:00:00+00:00,A,S,13.168495178222656,21.573684210526316,8.40518903230366
San_Juan,2026-09-25T00:00:00+00:00,B,S,16.469911575317383,21.573684210526316,5.103772635208934
San_Juan,2026-09-25T00:00:00+00:00,C,S,15.183104515075684,21.573684210526316,6.390579695450633
San_Juan,2026-09-25T00:00:00+00:00,D,S,23.40924644470215,21.573684210526316,1.835562234175832
San_Juan,2026-09-25T00:00:00+00:00,A,C,14.330937385559082,21.573684210526316,7.242746824967234
San_Juan,2026-09-25T00:00:00+00:00,B,C,15.173266410827637,21.573684210526316,6.40041779969868
San_Juan,2026-09-25T00:00:00+00:00,C,C,15.753676414489746,21.573684210526316,5.82000779603657
San_Juan,2026-09-25T00:00:00+00:00,D,C,23.40924644470215,21.573684210526316,1.835562234175832
San_Juan,2026-09-26T00:00:00+00:00,A,A,11.97366714477539,29.383333333333336,17.409666188557946
San_Juan,2026-09-26T00:00:00+00:00,B,A,12.361068725585938,29.383333333333336,17.0222646077474
San_Juan,2026-09-26T00:00:00+00:00,C,A,13.482077598571777,29.383333333333336,15.901255734761559
San_Juan,2026-09-26T00:00:00+00:00,D,A,12.839764595031738,29.383333333333336,16.543568738301598
San_Juan,2026-09-26T00:00:00+00:00,A,B,11.97366714477539,29.383333333333336,17.409666188557946
San_Juan,2026-09-26T00:00:00+00:00,B,B,12.361068725585938,29.383333333333336,17.0222646077474
San_Juan,2026-09-26T00:00:00+00:00,C,B,13.482077598571777,29.383333333333336,15.901255734761559
San_Juan,2026-09-26T00:00:00+00:00,D,B,12.839764595031738,29.383333333333336,16.543568738301598
San_Juan,2026-09-26T00:00:00+00:00,A,S,14.325894355773926,29.383333333333336,15.05743897755941
San_Juan,2026-09-26T00:00:00+00:00,B,S,14.15050983428955,29.383333333333336,15.232823499043786
San_Juan,2026-09-26T00:00:00+00:00,C,S,11.821797370910645,29.383333333333336,17.561535962422692
San_Juan,2026-09-26T00:00:00+00:00,D,S,11.356907844543457,29.383333333333336,18.02642548878988
San_Juan,2026-09-26T00:00:00+00:00,A,C,12.23961353302002,29.383333333333336,17.143719800313317
San_Juan,2026-09-26T00:00:00+00:00,B,C,13.995292663574219,29.383333333333336,15.388040669759118
San_Juan,2026-09-26T00:00:00+00:00,C,C,12.391666412353516,29.383333333333336,16.99166692097982
San_Juan,2026-09-26T00:00:00+00:00,D,C,11.356907844543457,29.383333333333336,18.02642548878988
San_Juan,2026-09-27T00:00:00+00:00,A,A,15.119580268859863,30.09090909090909,14.971328822049227
San_Juan,2026-09-27T00:00:00+00:00,B,A,16.50438690185547,30.09090909090909,13.586522189053621
San_Juan,2026-09-27T00:00:00+00:00,C,A,17.617767333984375,30.09090909090909,12.473141756924715
San_Juan,2026-09-27T00:00:00+00:00,D,A,15.431190490722656,30.09090909090909,14.659718600186434
San_Juan,2026-09-27T00:00:00+00:00,A,B,15.119580268859863,30.09090909090909,14.971328822049227
San_Juan,2026-09-27T00:00:00+00:00,B,B,16.50438690185547,30.09090909090909,13.586522189053621
San_Juan,2026-09-27T00:00:00+00:00,C,B,17.617767333984375,30.09090909090909,12.473141756924715
San_Juan,2026-09-27T00:00:00+00:00,D,B,15.431190490722656,30.09090909090909,14.659718600186434
San_Juan,2026-09-27T00:00:00+00:00,A,S,14.878031730651855,30.09090909090909,15.212877360257234
San_Juan,2026-09-27T00:00:00+00:00,B,S,15.770615577697754,30.09090909090909,14.320293513211336
San_Juan,2026-09-27T00:00:00+00:00,C,S,16.45654296875,30.09090909090909,13.63436612215909
San_Juan,2026-09-27T00:00:00+00:00,D,S,14.770126342773438,30.09090909090909,15.320782748135652
San_Juan,2026-09-27T00:00:00+00:00,A,C,13.774447441101074,30.09090909090909,16.316461649808016
San_Juan,2026-09-27T00:00:00+00:00,B,C,15.469005584716797,30.09090909090909,14.621903506192293
San_Juan,2026-09-27T00:00:00+00:00,C,C,16.2343807220459,30.09090909090909,13.856528368863192
San_Juan,2026-09-27T00:00:00+00:00,D,C,14.770126342773438,30.09090909090909,15.320782748135652
