city,anchor,variant,condition,pred,actual,abs_err
Manila,2026-08-14T00:00:00+00:00,A,A,23.294607162475586,23.813043478260873,0.5184363157852871
Manila,2026-08-14T00:00:00+00:00,B,A,17.25188446044922,23.813043478260873,6.561159017811654
Manila,2026-08-14T00:00:00+00:00,C,A,18.57585906982422,23.813043478260873,5.237184408436654
Manila,2026-08-14T00:00:00+00:00,D,A,19.6270694732666,23.813043478260873,4.1859740049942715
Manila,2026-08-14T00:00:00+00:00,A,B,23.294607162475586,23.813043478260873,0.5184363157852871
Manila,2026-08-14T00:00:00+00:00,B,B,17.25188446044922,23.813043478260873,6.561159017811654
Manila,2026-08-14T00:00:00+00:00,C,B,18.57585906982422,23.813043478260873,5.237184408436654
Manila,2026-08-14T00:00:00+00:00,D,B,19.6270694732666,23.813043478260873,4.1859740049942715
Manila,2026-08-14T00:00:00+00:00,A,S,18.125253677368164,23.813043478260873,5.687789800892709
Manila,2026-08-14T00:00:00+00:00,B,S,17.348331451416016,23.813043478260873,6.4647120268448575
Manila,2026-08-14T00:00:00+00:00,C,S,23.554304122924805,23.813043478260873,0.2587393553360684
Manila,2026-08-14T00:00:00+00:00,D,S,18.748741149902344,23.813043478260873,5.064302328358529
Manila,2026-08-14T00:00:00+00:00,A,C,17.978010177612305,23.813043478260873,5.835033300648568
Manila,2026-08-14T00:00:00+00:00,B,C,17.073469161987305,23.813043478260873,6.739574316273568
Manila,2026-08-14T00:00:00+00:00,C,C,23.4173526763916,23.813043478260873,0.3956908018692715
Manila,2026-08-14T00:00:00+00:00,D,C,18.748741149902344,23.813043478260873,5.064302328358529
Manila,2026-08-15T00:00:00+00:00,A,A,28.737146377563477,24.40416666666667,4.332979710896808
Manila,2026-08-15T00:00:00+00:00,B,A,25.351051330566406,24.40416666666667,0.9468846638997377
Manila,2026-08-15T00:00:00+00:00,C,A,24.551923751831055,24.40416666666667,0.14775708516438613
Manila,2026-08-15T00:00:00+00:00,D,A,25.468591690063477,24.40416666666667,1.064425023396808
Manila,2026-08-15T00:00:00+00:00,A,B,28.737146377563477,24.40416666666667,4.332979710896808
Manila,2026-08-15T00:00:00+00:00,B,B,25.351051330566406,24.40416666666667,0.9468846638997377
Manila,2026-08-15T00:00:00+00:00,C,B,24.551923751831055,24.40416666666667,0.14775708516438613
Manila,2026-08-15T00:00:00+00:00,D,B,25.468591690063477,24.40416666666667,1.064425023396808
Manila,2026-08-15T00:00:00+00:00,A,S,26.22185516357422,24.40416666666667,1.8176884969075502
Manila,2026-08-15T00:00:00+00:00,B,S,27.171707153320312,24.40416666666667,2.767540486653644
Manila,2026-08-15T00:00:00+00:00,C,S,27.233428955078125,24.40416666666667,2.8292622884114564
Manila,2026-08-15T00:00:00+00:00,D,S,25.32429313659668,24.40416666666667,0.9201264699300111
Manila,2026-08-15T00:00:00+00:00,A,C,23.27564811706543,24.40416666666667,1.1285185496012389
Manila,2026-08-15T00:00:00+00:00,B,C,27.065292358398438,24.40416666666667,2.661125691731769
Manila,2026-08-15T00:00:00+00:00,C,C,26.952499389648438,24.40416666666667,2.548332722981769
Manila,2026-08-15T00:00:00+00:00,D,C,25.32429313659668,24.40416666666667,0.9201264699300111
Manila,2026-08-16T00:00:00+00:00,A,A,26.157121658325195,17.142500000000002,9.014621658325193
Manila,2026-08-16T00:00:00+00:00,B,A,25.33832550048828,17.142500000000002,8.19582550048828
Manila,2026-08-16T00:00:00+00:00,C,A,22.43931007385254,17.142500000000002,5.296810073852537
Manila,2026-08-16T00:00:00+00:00,D,A,23.311899185180664,17.142500000000002,6.169399185180662
Manila,2026-08-16T00:00:00+00:00,A,B,26.157121658325195,17.142500000000002,9.014621658325193
Manila,2026-08-16T00:00:00+00:00,B,B,25.33832550048828,17.142500000000002,8.19582550048828
Manila,2026-08-16T00:00:00+00:00,C,B,22.43931007385254,17.142500000000002,5.296810073852537
Manila,2026-08-16T00:00:00+00:00,D,B,23.311899185180664,17.142500000000002,6.169399185180662
Manila,2026-08-16T00:00:00+00:00,A,S,25.132375717163086,17.142500000000002,7.989875717163084
Manila,2026-08-16T00:00:00+00:00,B,S,24.18036651611328,17.142500000000002,7.037866516113279
Manila,2026-08-16T00:00:00+00:00,C,S,22.275711059570312,17.142500000000002,5.133211059570311
Manila,2026-08-16T00:00:00+00:00,D,S,23.50286293029785,17.142500000000002,6.36036293029785
Manila,2026-08-16T00:00:00+00:00,A,C,25.132375717163086,17.142500000000002,7.989875717163084
Manila,2026-08-16T00:00:00+00:00,B,C,24.18036651611328,17.142500000000002,7.037866516113279
Manila,2026-08-16T00:00:00+00:00,C,C,22.275711059570312,17.142500000000002,5.133211059570311
Manila,2026-08-16T00:00:00+00:00,D,C,23.50286293029785,17.142500000000002,6.36036293029785
Manila,2026-08-19T00:00:00+00:00,A,A,16.226770401000977,28.26111111111111,12.034340710110133
Manila,2026-08-19T00:00:00+00:00,B,A,20.163789749145508,28.26111111111111,8.097321361965601
Manila,2026-08-19T00:00:00+00:00,C,A,21.214866638183594,28.26111111111111,7.0462444729275155
Manila,2026-08-19T00:00:00+00:00,D,A,23.210214614868164,28.26111111111111,5.050896496242945
Manila,2026-08-19T00:00:00+00:00,A,B,16.226770401000977,28.26111111111111,12.034340710110133
Manila,2026-08-19T00:00:00+00:00,B,B,20.163789749145508,28.26111111111111,8.097321361965601
Manila,2026-08-19T00:00:00+00:00,C,B,21.214866638183594,28.26111111111111,7.0462444729275155
Manila,2026-08-19T00:00:00+00:00,D,B,23.210214614868164,28.26111111111111,5.050896496242945
Manila,2026-08-19T00:00:00+00:00,A,S,13.955978393554688,28.26111111111111,14.305132717556422
Manila,2026-08-19T00:00:00+00:00,B,S,17.661638259887695,28.26111111111111,10.599472851223414
Manila,2026-08-19T00:00:00+00:00,C,S,20.621070861816406,28.26111111111111,7.640040249294703
Manila,2026-08-19T00:00:00+00:00,D,S,15.886993408203125,28.26111111111111,12.374117702907984
Manila,2026-08-19T00:00:00+00:00,A,C,13.156664848327637,28.26111111111111,15.104446262783473
Manila,2026-08-19T00:00:00+00:00,B,C,17.629638671875,28.26111111111111,10.63147243923611
Manila,2026-08-19T00:00:00+00:00,C,C,20.71307373046875,28.26111111111111,7.548037380642359
Manila,2026-08-19T00:00:00+00:00,D,C,15.886993408203125,28.26111111111111,12.374117702907984
Manila,2026-08-21T00:00:00+00:00,A,A,28.263778686523438,30.849999999999998,2.5862213134765604
Manila,2026-08-21T00:00:00+00:00,B,A,26.554832458496094,30.849999999999998,4.295167541503904
Manila,2026-08-21T00:00:00+00:00,C,A,26.890243530273438,30.849999999999998,3.9597564697265604
Manila,2026-08-21T00:00:00+00:00,D,A,21.170747756958008,30.849999999999998,9.67925224304199
Manila,2026-08-21T00:00:00+00:00,A,B,28.263778686523438,30.849999999999998,2.5862213134765604
Manila,2026-08-21T00:00:00+00:00,B,B,26.554832458496094,30.849999999999998,4.295167541503904
Manila,2026-08-21T00:00:00+00:00,C,B,26.890243530273438,30.849999999999998,3.9597564697265604
Manila,2026-08-21T00:00:00+00:00,D,B,21.170747756958008,30.849999999999998,9.67925224304199
Manila,2026-08-21T00:00:00+00:00,A,S,23.17033576965332,30.849999999999998,7.6796642303466776
Manila,2026-08-21T00:00:00+00:00,B,S,20.887887954711914,30.849999999999998,9.962112045288084
Manila,2026-08-21T00:00:00+00:00,C,S,25.7755126953125,30.849999999999998,5.074487304687498
Manila,2026-08-21T00:00:00+00:00,D,S,25.199180603027344,30.849999999999998,5.650819396972654
Manila,2026-08-21T00:00:00+00:00,A,C,26.2074031829834,30.849999999999998,4.642596817016599
Manila,2026-08-21T00:00:00+00:00,B,C,23.5931453704834,30.849999999999998,7.256854629516599
Manila,2026-08-21T00:00:00+00:00,C,C,25.164703369140625,30.849999999999998,5.685296630859373
Manila,2026-08-21T00:00:00+00:00,D,C,25.199180603027344,30.849999999999998,5.650819396972654
Manila,2026-08-24T00:00:00+00:00,A,A,26.54235076904297,36.62608695652174,10.08373618747877
Manila,2026-08-24T00:00:00+00:00,B,A,32.29062271118164,36.62608695652174,4.335464245340098
Manila,2026-08-24T00:00:00+00:00,C,A,35.561946868896484,36.62608695652174,1.0641400876252547
Manila,2026-08-24T00:00:00+00:00,D,A,27.899038314819336,36.62608695652174,8.727048641702403
Manila,2026-08-24T00:00:00+00:00,A,B,26.54235076904297,36.62608695652174,10.08373618747877
Manila,2026-08-24T00:00:00+00:00,B,B,32.29062271118164,36.62608695652174,4.335464245340098
Manila,2026-08-24T00:00:00+00:00,C,B,35.561946868896484,36.62608695652174,1.0641400876252547
Manila,2026-08-24T00:00:00+00:00,D,B,27.899038314819336,36.62608695652174,8.727048641702403
Manila,2026-08-24T00:00:00+00:00,A,S,18.928815841674805,36.62608695652174,17.697271114846934
Manila,2026-08-24T00:00:00+00:00,B,S,22.15016746520996,36.62608695652174,14.475919491311778
Manila,2026-08-24T00:00:00+00:00,C,S,30.513635635375977,36.62608695652174,6.1124513211457625
Manila,2026-08-24T00:00:00+00:00,D,S,27.765962600708008,36.62608695652174,8.860124355813731
Manila,2026-08-24T00:00:00+00:00,A,C,21.96649169921875,36.62608695652174,14.659595257302989
Manila,2026-08-24T00:00:00+00:00,B,C,21.7255802154541,36.62608695652174,14.900506741067638
Manila,2026-08-24T00:00:00+00:00,C,C,30.41019630432129,36.62608695652174,6.21589065220045
Manila,2026-08-24T00:00:00+00:00,D,C,27.765962600708008,36.62608695652174,8.860124355813731
Manila,2026-08-25T00:00:00+00:00,A,A,34.77817153930664,29.722727272727273,5.055444266579368
Manila,2026-08-25T00:00:00+00:00,B,A,30.565155029296875,29.722727272727273,0.8424277565696023
Manila,2026-08-25T00:00:00+00:00,C,A,29.186342239379883,29.722727272727273,0.5363850333473899
Manila,2026-08-25T00:00:00+00:00,D,A,32.87906265258789,29.722727272727273,3.156335379860618
Manila,2026-08-25T00:00:00+00:00,A,B,34.77817153930664,29.722727272727273,5.055444266579368
Manila,2026-08-25T00:00:00+00:00,B,B,30.565155029296875,29.722727272727273,0.8424277565696023
Manila,2026-08-25T00:00:00+00:00,C,B,29.186342239379883,29.722727272727273,0.5363850333473899
Manila,2026-08-25T00:00:00+00:00,D,B,32.87906265258789,29.722727272727273,3.156335379860618
Manila,2026-08-25T00:00:00+00:00,A,S,29.6668758392334,29.722727272727273,0.055851433493874225
Manila,2026-08-25T00:00:00+00:00,B,S,27.87713050842285,29.722727272727273,1.845596764304421
Manila,2026-08-25T00:00:00+00:00,C,S,31.744680404663086,29.722727272727273,2.0219531319358133
Manila,2026-08-25T00:00:00+00:00,D,S,35.70466613769531,29.722727272727273,5.98193886496804
Manila,2026-08-25T00:00:00+00:00,A,C,28.822324752807617,29.722727272727273,0.9004025199196555
Manila,2026-08-25T00:00:00+00:00,B,C,27.383634567260742,29.722727272727273,2.3390927054665305
Manila,2026-08-25T00:00:00+00:00,C,C,31.398046493530273,29.722727272727273,1.6753192208030008
Manila,2026-08-25T00:00:00+00:00,D,C,35.70466613769531,29.722727272727273,5.98193886496804
Manila,2026-08-26T00:00:00+00:00,A,A,30.847421646118164,21.852380952380955,8.99504069373721
Manila,2026-08-26T00:00:00+00:00,B,A,33.29520797729492,21.852380952380955,11.442827024913967
Manila,2026-08-26T00:00:00+00:00,C,A,32.626953125,21.852380952380955,10.774572172619045
Manila,2026-08-26T00:00:00+00:00,D,A,29.92822265625,21.852380952380955,8.075841703869045
Manila,2026-08-26T00:00:00+00:00,A,B,30.847421646118164,21.852380952380955,8.99504069373721
Manila,2026-08-26T00:00:00+00:00,B,B,33.29520797729492,21.852380952380955,11.442827024913967
Manila,2026-08-26T00:00:00+00:00,C,B,32.626953125,21.852380952380955,10.774572172619045
Manila,2026-08-26T00:00:00+00:00,D,B,29.92822265625,21.852380952380955,8.075841703869045
Manila,2026-08-26T00:00:00+00:00,A,S,30.0959529876709,21.852380952380955,8.243572035289944
Manila,2026-08-26T00:00:00+00:00,B,S,29.33469581604004,21.852380952380955,7.482314863659084
Manila,2026-08-26T00:00:00+00:00,C,S,31.90113639831543,21.852380952380955,10.048755445934475
Manila,2026-08-26T00:00:00+00:00,D,S,31.161447525024414,21.852380952380955,9.30906657264346
Manila,2026-08-26T00:00:00+00:00,A,C,28.62967872619629,21.852380952380955,6.777297773815334
Manila,2026-08-26T00:00:00+00:00,B,C,29.615127563476562,21.852380952380955,7.762746611095608
Manila,2026-08-26T00:00:00+00:00,C,C,31.8113956451416,21.852380952380955,9.959014692760647
Manila,2026-08-26T00:00:00+00:00,D,C,31.161447525024414,21.852380952380955,9.30906657264346
Manila,2026-08-27T00:00:00+00:00,A,A,23.542646408081055,18.442105263157895,5.1005411449231595
Manila,2026-08-27T00:00:00+00:00,B,A,23.617895126342773,18.442105263157895,5.175789863184878
Manila,2026-08-27T00:00:00+00:00,C,A,21.92595100402832,18.442105263157895,3.483845740870425
Manila,2026-08-27T00:00:00+00:00,D,A,25.677343368530273,18.442105263157895,7.235238105372378
Manila,2026-08-27T00:00:00+00:00,A,B,23.542646408081055,18.442105263157895,5.1005411449231595
Manila,2026-08-27T00:00:00+00:00,B,B,23.617895126342773,18.442105263157895,5.175789863184878
Manila,2026-08-27T00:00:00+00:00,C,B,21.92595100402832,18.442105263157895,3.483845740870425
Manila,2026-08-27T00:00:00+00:00,D,B,25.677343368530273,18.442105263157895,7.235238105372378
Manila,2026-08-27T00:00:00+00:00,A,S,22.036584854125977,18.442105263157895,3.5944795909680813
Manila,2026-08-27T00:00:00+00:00,B,S,24.289941787719727,18.442105263157895,5.847836524561831
Manila,2026-08-27T00:00:00+00:00,C,S,21.35700035095215,18.442105263157895,2.914895087794253
Manila,2026-08-27T00:00:00+00:00,D,S,25.816247940063477,18.442105263157895,7.374142676905581
Manila,2026-08-27T00:00:00+00:00,A,C,22.889312744140625,18.442105263157895,4.44720748098273
Manila,2026-08-27T00:00:00+00:00,B,C,24.457056045532227,18.442105263157895,6.014950782374331
Manila,2026-08-27T00:00:00+00:00,C,C,21.345548629760742,18.442105263157895,2.903443366602847
Manila,2026-08-27T00:00:00+00:00,D,C,25.816247940063477,18.442105263157895,7.374142676905581
Manila,2026-08-28T00:00:00+00:00,A,A,20.509552001953125,18.350454545454543,2.159097456498582
Manila,2026-08-28T00:00:00+00:00,B,A,20.296098709106445,18.350454545454543,1.9456441636519024
Manila,2026-08-28T00:00:00+00:00,C,A,21.068204879760742,18.350454545454543,2.7177503343061993
Manila,2026-08-28T00:00:00+00:00,D,A,18.39952278137207,18.350454545454543,0.0490682359175274
Manila,2026-08-28T00:00:00+00:00,A,B,20.509552001953125,18.350454545454543,2.159097456498582
Manila,2026-08-28T00:00:00+00:00,B,B,20.296098709106445,18.350454545454543,1.9456441636519024
Manila,2026-08-28T00:00:00+00:00,C,B,21.068204879760742,18.350454545454543,2.7177503343061993
Manila,2026-08-28T00:00:00+00:00,D,B,18.39952278137207,18.350454545454543,0.0490682359175274
Manila,2026-08-28T00:00:00+00:00,A,S,18.17753028869629,18.350454545454543,0.17292425675825385
Manila,2026-08-28T00:00:00+00:00,B,S,18.513227462768555,18.350454545454543,0.16277291731401178
Manila,2026-08-28T00:00:00+00:00,C,S,21.692995071411133,18.350454545454543,3.34254052595659
Manila,2026-08-28T00:00:00+00:00,D,S,18.254148483276367,18.350454545454543,0.09630606217817572
Manila,2026-08-28T00:00:00+00:00,A,C,20.18348503112793,18.350454545454543,1.8330304856733868
Manila,2026-08-28T00:00:00+00:00,B,C,19.738765716552734,18.350454545454543,1.3883111710981915
Manila,2026-08-28T00:00:00+00:00,C,C,21.477502822875977,18.350454545454543,3.1270482774214337
Manila,2026-08-28T00:00:00+00:00,D,C,18.254148483276367,18.350454545454543,0.09630606217817572
Manila,2026-08-30T00:00:00+00:00,A,A,26.939027786254883,35.89,8.950972213745118
Manila,2026-08-30T00:00:00+00:00,B,A,21.242368698120117,35.89,14.647631301879883
Manila,2026-08-30T00:00:00+00:00,C,A,20.28580665588379,35.89,15.604193344116212
Manila,2026-08-30T00:00:00+00:00,D,A,22.60321044921875,35.89,13.28678955078125
Manila,2026-08-30T00:00:00+00:00,A,B,26.939027786254883,35.89,8.950972213745118
Manila,2026-08-30T00:00:00+00:00,B,B,21.242368698120117,35.89,14.647631301879883
Manila,2026-08-30T00:00:00+00:00,C,B,20.28580665588379,35.89,15.604193344116212
Manila,2026-08-30T00:00:00+00:00,D,B,22.60321044921875,35.89,13.28678955078125
Manila,2026-08-30T00:00:00+00:00,A,S,24.332178115844727,35.89,11.557821884155274
Manila,2026-08-30T00:00:00+00:00,B,S,23.299753189086914,35.89,12.590246810913087
Manila,2026-08-30T00:00:00+00:00,C,S,20.90021324157715,35.89,14.989786758422852
Manila,2026-08-30T00:00:00+00:00,D,S,22.15498924255371,35.89,13.73501075744629
Manila,2026-08-30T00:00:00+00:00,A,C,24.346891403198242,35.89,11.543108596801758
Manila,2026-08-30T00:00:00+00:00,B,C,23.83562469482422,35.89,12.054375305175782
Manila,2026-08-30T00:00:00+00:00,C,C,21.16763687133789,35.89,14.72236312866211
Manila,2026-08-30T00:00:00+00:00,D,C,22.15498924255371,35.89,13.73501075744629
Manila,2026-08-31T00:00:00+00:00,A,A,34.44840621948242,53.91363636363637,19.46523014415395
Manila,2026-08-31T00:00:00+00:00,B,A,26.202505111694336,53.91363636363637,27.711131251942035
Manila,2026-08-31T00:00:00+00:00,C,A,30.69797706604004,53.91363636363637,23.215659297596332
Manila,2026-08-31T00:00:00+00:00,D,A,25.92789649963379,53.91363636363637,27.985739864002582
Manila,2026-08-31T00:00:00+00:00,A,B,34.44840621948242,53.91363636363637,19.46523014415395
Manila,2026-08-31T00:00:00+00:00,B,B,26.202505111694336,53.91363636363637,27.711131251942035
Manila,2026-08-31T00:00:00+00:00,C,B,30.69797706604004,53.91363636363637,23.215659297596332
Manila,2026-08-31T00:00:00+00:00,D,B,25.92789649963379,53.91363636363637,27.985739864002582
Manila,2026-08-31T00:00:00+00:00,A,S,31.275259017944336,53.91363636363637,22.638377345692035
Manila,2026-08-31T00:00:00+00:00,B,S,25.791513442993164,53.91363636363637,28.122122920643207
Manila,2026-08-31T00:00:00+00:00,C,S,33.99876403808594,53.91363636363637,19.914872325550434
Manila,2026-08-31T00:00:00+00:00,D,S,28.26332664489746,53.91363636363637,25.65030971873891
Manila,2026-08-31T00:00:00+00:00,A,C,34.96085739135742,53.91363636363637,18.95277897227895
Manila,2026-08-31T00:00:00+00:00,B,C,26.302873611450195,53.91363636363637,27.610762752186176
Manila,2026-08-31T00:00:00+00:00,C,C,34.491851806640625,53.91363636363637,19.421784556995746
Manila,2026-08-31T00:00:00+00:00,D,C,28.26332664489746,53.91363636363637,25.65030971873891
Manila,2026-09-01T00:00:00+00:00,A,A,45.51081848144531,31.87391304347826,13.636905437967052
Manila,2026-09-01T00:00:00+00:00,B,A,41.04572677612305,31.87391304347826,9.171813732644786
Manila,2026-09-01T00:00:00+00:00,C,A,40.828773498535156,31.87391304347826,8.954860455056895
Manila,2026-09-01T00:00:00+00:00,D,A,42.0277099609375,31.87391304347826,10.153796917459239
Manila,2026-09-01T00:00:00+00:00,A,B,45.51081848144531,31.87391304347826,13.636905437967052
Manila,2026-09-01T00:00:00+00:00,B,B,41.04572677612305,31.87391304347826,9.171813732644786
Manila,2026-09-01T00:00:00+00:00,C,B,40.828773498535156,31.87391304347826,8.954860455056895
Manila,2026-09-01T00:00:00+00:00,D,B,42.0277099609375,31.87391304347826,10.153796917459239
Manila,2026-09-01T00:00:00+00:00,A,S,45.629638671875,31.87391304347826,13.755725628396739
Manila,2026-09-01T00:00:00+00:00,B,S,38.043975830078125,31.87391304347826,6.170062786599864
Manila,2026-09-01T00:00:00+00:00,C,S,40.51182556152344,31.87391304347826,8.637912518045177
Manila,2026-09-01T00:00:00+00:00,D,S,46.99070358276367,31.87391304347826,15.116790539285411
Manila,2026-09-01T00:00:00+00:00,A,C,45.224090576171875,31.87391304347826,13.350177532693614
Manila,2026-09-01T00:00:00+00:00,B,C,38.31753921508789,31.87391304347826,6.44362617160963
Manila,2026-09-01T00:00:00+00:00,C,C,39.600040435791016,31.87391304347826,7.726127392312755
Manila,2026-09-01T00:00:00+00:00,D,C,46.99070358276367,31.87391304347826,15.116790539285411
Manila,2026-09-02T00:00:00+00:00,A,A,35.259822845458984,25.849999999999998,9.409822845458987
Manila,2026-09-02T00:00:00+00:00,B,A,34.90518569946289,25.849999999999998,9.055185699462893
Manila,2026-09-02T00:00:00+00:00,C,A,30.341379165649414,25.849999999999998,4.491379165649416
Manila,2026-09-02T00:00:00+00:00,D,A,34.458274841308594,25.849999999999998,8.608274841308596
Manila,2026-09-02T00:00:00+00:00,A,B,35.259822845458984,25.849999999999998,9.409822845458987
Manila,2026-09-02T00:00:00+00:00,B,B,34.90518569946289,25.849999999999998,9.055185699462893
Manila,2026-09-02T00:00:00+00:00,C,B,30.341379165649414,25.849999999999998,4.491379165649416
Manila,2026-09-02T00:00:00+00:00,D,B,34.458274841308594,25.849999999999998,8.608274841308596
Manila,2026-09-02T00:00:00+00:00,A,S,34.491939544677734,25.849999999999998,8.641939544677737
Manila,2026-09-02T00:00:00+00:00,B,S,31.125551223754883,25.849999999999998,5.275551223754885
Manila,2026-09-02T00:00:00+00:00,C,S,30.721708297729492,25.849999999999998,4.871708297729494
Manila,2026-09-02T00:00:00+00:00,D,S,36.863834381103516,25.849999999999998,11.013834381103518
Manila,2026-09-02T00:00:00+00:00,A,C,33.49870300292969,25.849999999999998,7.64870300292969
Manila,2026-09-02T00:00:00+00:00,B,C,31.61591148376465,25.849999999999998,5.765911483764651
Manila,2026-09-02T00:00:00+00:00,C,C,30.49507713317871,25.849999999999998,4.645077133178713
Manila,2026-09-02T00:00:00+00:00,D,C,36.863834381103516,25.849999999999998,11.013834381103518
Manila,2026-09-03T00:00:00+00:00,A,A,25.84468650817871,19.431818181818183,6.4128683263605275
Manila,2026-09-03T00:00:00+00:00,B,A,27.772979736328125,19.431818181818183,8.341161554509942
Manila,2026-09-03T00:00:00+00:00,C,A,29.178083419799805,19.431818181818183,9.746265237981621
Manila,2026-09-03T00:00:00+00:00,D,A,27.618005752563477,19.431818181818183,8.186187570745293
Manila,2026-09-03T00:00:00+00:00,A,B,25.84468650817871,19.431818181818183,6.4128683263605275
Manila,2026-09-03T00:00:00+00:00,B,B,27.772979736328125,19.431818181818183,8.341161554509942
Manila,2026-09-03T00:00:00+00:00,C,B,29.178083419799805,19.431818181818183,9.746265237981621
Manila,2026-09-03T00:00:00+00:00,D,B,27.618005752563477,19.431818181818183,8.186187570745293
Manila,2026-09-03T00:00:00+00:00,A,S,25.32110023498535,19.431818181818183,5.889282053167168
Manila,2026-09-03T00:00:00+00:00,B,S,21.62970542907715,19.431818181818183,2.197887247258965
Manila,2026-09-03T00:00:00+00:00,C,S,26.992578506469727,19.431818181818183,7.560760324651543
Manila,2026-09-03T00:00:00+00:00,D,S,29.34197425842285,19.431818181818183,9.910156076604668
Manila,2026-09-03T00:00:00+00:00,A,C,25.593114852905273,19.431818181818183,6.16129667108709
Manila,2026-09-03T00:00:00+00:00,B,C,22.08488655090332,19.431818181818183,2.653068369085137
Manila,2026-09-03T00:00:00+00:00,C,C,26.48496437072754,19.431818181818183,7.053146188909356
Manila,2026-09-03T00:00:00+00:00,D,C,29.34197425842285,19.431818181818183,9.910156076604668
Manila,2026-09-04T00:00:00+00:00,A,A,21.709518432617188,17.62909090909091,4.080427523526279
Manila,2026-09-04T00:00:00+00:00,B,A,24.025222778320312,17.62909090909091,6.396131869229404
Manila,2026-09-04T00:00:00+00:00,C,A,19.706588745117188,17.62909090909091,2.0774978360262786
Manila,2026-09-04T00:00:00+00:00,D,A,19.02412223815918,17.62909090909091,1.3950313290682708
Manila,2026-09-04T00:00:00+00:00,A,B,21.709518432617188,17.62909090909091,4.080427523526279
Manila,2026-09-04T00:00:00+00:00,B,B,24.025222778320312,17.62909090909091,6.396131869229404
Manila,2026-09-04T00:00:00+00:00,C,B,19.706588745117188,17.62909090909091,2.0774978360262786
Manila,2026-09-04T00:00:00+00:00,D,B,19.02412223815918,17.62909090909091,1.3950313290682708
Manila,2026-09-04T00:00:00+00:00,A,S,20.090940475463867,17.62909090909091,2.4618495663729583
Manila,2026-09-04T00:00:00+00:00,B,S,22.324792861938477,17.62909090909091,4.695701952847568
Manila,2026-09-04T00:00:00+00:00,C,S,21.02925682067871,17.62909090909091,3.400165911587802
Manila,2026-09-04T00:00:00+00:00,D,S,21.04777717590332,17.62909090909091,3.4186862668124114
Manila,2026-09-04T00:00:00+00:00,A,C,19.76299285888672,17.62909090909091,2.13390194979581
Manila,2026-09-04T00:00:00+00:00,B,C,23.3637752532959,17.62909090909091,5.7346843442049895
Manila,2026-09-04T00:00:00+00:00,C,C,21.09832000732422,17.62909090909091,3.46922909823331
Manila,2026-09-04T00:00:00+00:00,D,C,21.04777717590332,17.62909090909091,3.4186862668124114
Manila,2026-09-05T00:00:00+00:00,A,A,22.831838607788086,15.0475,7.7843386077880865
Manila,2026-09-05T00:00:00+00:00,B,A,20.83646583557129,15.0475,5.78896583557129
Manila,2026-09-05T00:00:00+00:00,C,A,22.63078498840332,15.0475,7.583284988403321
Manila,2026-09-05T00:00:00+00:00,D,A,20.248598098754883,15.0475,5.201098098754883
Manila,2026-09-05T00:00:00+00:00,A,B,22.831838607788086,15.0475,7.7843386077880865
Manila,2026-09-05T00:00:00+00:00,B,B,20.83646583557129,15.0475,5.78896583557129
Manila,2026-09-05T00:00:00+00:00,C,B,22.63078498840332,15.0475,7.583284988403321
Manila,2026-09-05T00:00:00+00:00,D,B,20.248598098754883,15.0475,5.201098098754883
Manila,2026-09-05T00:00:00+00:00,A,S,20.936052322387695,15.0475,5.888552322387696
Manila,2026-09-05T00:00:00+00:00,B,S,21.325054168701172,15.0475,6.277554168701172
Manila,2026-09-05T00:00:00+00:00,C,S,18.8778133392334,15.0475,3.830313339233399
Manila,2026-09-05T00:00:00+00:00,D,S,23.554168701171875,15.0475,8.506668701171876
Manila,2026-09-05T00:00:00+00:00,A,C,18.826019287109375,15.0475,3.7785192871093756
Manila,2026-09-05T00:00:00+00:00,B,C,21.352773666381836,15.0475,6.3052736663818365
Manila,2026-09-05T00:00:00+00:00,C,C,18.685827255249023,15.0475,3.638327255249024
Manila,2026-09-05T00:00:00+00:00,D,C,23.554168701171875,15.0475,8.506668701171876
Manila,2026-09-06T00:00:00+00:00,A,A,22.92584800720215,14.628260869565219,8.29758713763693
Manila,2026-09-06T00:00:00+00:00,B,A,18.296655654907227,14.628260869565219,3.6683947853420076
Manila,2026-09-06T00:00:00+00:00,C,A,18.051023483276367,14.628260869565219,3.422762613711148
Manila,2026-09-06T00:00:00+00:00,D,A,16.49818992614746,14.628260869565219,1.869929056582242
Manila,2026-09-06T00:00:00+00:00,A,B,22.92584800720215,14.628260869565219,8.29758713763693
Manila,2026-09-06T00:00:00+00:00,B,B,18.296655654907227,14.628260869565219,3.6683947853420076
Manila,2026-09-06T00:00:00+00:00,C,B,18.051023483276367,14.628260869565219,3.422762613711148
Manila,2026-09-06T00:00:00+00:00,D,B,16.49818992614746,14.628260869565219,1.869929056582242
Manila,2026-09-06T00:00:00+00:00,A,S,22.272375106811523,14.628260869565219,7.6441142372463045
Manila,2026-09-06T00:00:00+00:00,B,S,18.622024536132812,14.628260869565219,3.9937636665675935
Manila,2026-09-06T00:00:00+00:00,C,S,19.34604263305664,14.628260869565219,4.717781763491422
Manila,2026-09-06T00:00:00+00:00,D,S,15.846717834472656,14.628260869565219,1.2184569649074373
Manila,2026-09-06T00:00:00+00:00,A,C,19.39165496826172,14.628260869565219,4.7633940986965
Manila,2026-09-06T00:00:00+00:00,B,C,17.063432693481445,14.628260869565219,2.4351718239162263
Manila,2026-09-06T00:00:00+00:00,C,C,19.37891960144043,14.628260869565219,4.750658731875211
Manila,2026-09-06T00:00:00+00:00,D,C,15.846717834472656,14.628260869565219,1.2184569649074373
Manila,2026-09-07T00:00:00+00:00,A,A,20.7835636138916,20.936666666666664,0.1531030527750623
Manila,2026-09-07T00:00:00+00:00,B,A,17.66087532043457,20.936666666666664,3.2757913462320936
Manila,2026-09-07T00:00:00+00:00,C,A,15.900874137878418,20.936666666666664,5.035792528788246
Manila,2026-09-07T00:00:00+00:00,D,A,16.290027618408203,20.936666666666664,4.646639048258461
Manila,2026-09-07T00:00:00+00:00,A,B,20.7835636138916,20.936666666666664,0.1531030527750623
Manila,2026-09-07T00:00:00+00:00,B,B,17.66087532043457,20.936666666666664,3.2757913462320936
Manila,2026-09-07T00:00:00+00:00,C,B,15.900874137878418,20.936666666666664,5.035792528788246
Manila,2026-09-07T00:00:00+00:00,D,B,16.290027618408203,20.936666666666664,4.646639048258461
Manila,2026-09-07T00:00:00+00:00,A,S,20.40519142150879,20.936666666666664,0.5314752451578748
Manila,2026-09-07T00:00:00+00:00,B,S,17.826278686523438,20.936666666666664,3.1103879801432264
Manila,2026-09-07T00:00:00+00:00,C,S,15.898198127746582,20.936666666666664,5.038468538920082
Manila,2026-09-07T00:00:00+00:00,D,S,16.696107864379883,20.936666666666664,4.240558802286781
Manila,2026-09-07T00:00:00+00:00,A,C,21.448450088500977,20.936666666666664,0.5117834218343127
Manila,2026-09-07T00:00:00+00:00,B,C,17.409656524658203,20.936666666666664,3.5270101420084607
Manila,2026-09-07T00:00:00+00:00,C,C,16.0673828125,20.936666666666664,4.869283854166664
Manila,2026-09-07T00:00:00+00:00,D,C,16.696107864379883,20.936666666666664,4.240558802286781
Manila,2026-09-08T00:00:00+00:00,A,A,20.612329483032227,21.830476190476187,1.2181467074439603
Manila,2026-09-08T00:00:00+00:00,B,A,17.83472442626953,21.830476190476187,3.9957517642066556
Manila,2026-09-08T00:00:00+00:00,C,A,16.506023406982422,21.830476190476187,5.324452783493765
Manila,2026-09-08T00:00:00+00:00,D,A,19.518407821655273,21.830476190476187,2.3120683688209134
Manila,2026-09-08T00:00:00+00:00,A,B,20.612329483032227,21.830476190476187,1.2181467074439603
Manila,2026-09-08T00:00:00+00:00,B,B,17.83472442626953,21.830476190476187,3.9957517642066556
Manila,2026-09-08T00:00:00+00:00,C,B,16.506023406982422,21.830476190476187,5.324452783493765
Manila,2026-09-08T00:00:00+00:00,D,B,19.518407821655273,21.830476190476187,2.3120683688209134
Manila,2026-09-08T00:00:00+00:00,A,S,22.158655166625977,21.830476190476187,0.32817897614978975
Manila,2026-09-08T00:00:00+00:00,B,S,15.077167510986328,21.830476190476187,6.753308679489859
Manila,2026-09-08T00:00:00+00:00,C,S,16.6370792388916,21.830476190476187,5.193396951584585
Manila,2026-09-08T00:00:00+00:00,D,S,19.87575340270996,21.830476190476187,1.9547227877662259
Manila,2026-09-08T00:00:00+00:00,A,C,20.30104637145996,21.830476190476187,1.5294298190162259
Manila,2026-09-08T00:00:00+00:00,B,C,15.425463676452637,21.830476190476187,6.40501251402355
Manila,2026-09-08T00:00:00+00:00,C,C,17.909391403198242,21.830476190476187,3.9210847872779446
Manila,2026-09-08T00:00:00+00:00,D,C,19.87575340270996,21.830476190476187,1.9547227877662259
Manila,2026-09-14T00:00:00+00:00,A,A,18.072492599487305,26.246666666666666,8.174174067179361
Manila,2026-09-14T00:00:00+00:00,B,A,18.022092819213867,26.246666666666666,8.224573847452799
Manila,2026-09-14T00:00:00+00:00,C,A,20.622005462646484,26.246666666666666,5.624661204020182
Manila,2026-09-14T00:00:00+00:00,D,A,18.427778244018555,26.246666666666666,7.8188884226481115
Manila,2026-09-14T00:00:00+00:00,A,B,18.072492599487305,26.246666666666666,8.174174067179361
Manila,2026-09-14T00:00:00+00:00,B,B,18.022092819213867,26.246666666666666,8.224573847452799
Manila,2026-09-14T00:00:00+00:00,C,B,20.622005462646484,26.246666666666666,5.624661204020182
Manila,2026-09-14T00:00:00+00:00,D,B,18.427778244018555,26.246666666666666,7.8188884226481115
Manila,2026-09-14T00:00:00+00:00,A,S,18.07741355895996,26.246666666666666,8.169253107706705
Manila,2026-09-14T00:00:00+00:00,B,S,20.413896560668945,26.246666666666666,5.832770105997721
Manila,2026-09-14T00:00:00+00:00,C,S,20.52605628967285,26.246666666666666,5.720610376993815
Manila,2026-09-14T00:00:00+00:00,D,S,17.35915184020996,26.246666666666666,8.887514826456705
Manila,2026-09-14T00:00:00+00:00,A,C,16.96282196044922,26.246666666666666,9.283844706217447
Manila,2026-09-14T00:00:00+00:00,B,C,19.368560791015625,26.246666666666666,6.878105875651041
Manila,2026-09-14T00:00:00+00:00,C,C,20.429521560668945,26.246666666666666,5.817145105997721
Manila,2026-09-14T00:00:00+00:00,D,C,17.35915184020996,26.246666666666666,8.887514826456705
Manila,2026-09-15T00:00:00+00:00,A,A,25.0408935546875,30.022916666666664,4.982023111979164
Manila,2026-09-15T00:00:00+00:00,B,A,18.41057777404785,30.022916666666664,11.612338892618812
Manila,2026-09-15T00:00:00+00:00,C,A,22.4708251953125,30.022916666666664,7.552091471354164
Manila,2026-09-15T00:00:00+00:00,D,A,24.436058044433594,30.022916666666664,5.58685862223307
Manila,2026-09-15T00:00:00+00:00,A,B,25.0408935546875,30.022916666666664,4.982023111979164
Manila,2026-09-15T00:00:00+00:00,B,B,18.41057777404785,30.022916666666664,11.612338892618812
Manila,2026-09-15T00:00:00+00:00,C,B,22.4708251953125,30.022916666666664,7.552091471354164
Manila,2026-09-15T00:00:00+00:00,D,B,24.436058044433594,30.022916666666664,5.58685862223307
Manila,2026-09-15T00:00:00+00:00,A,S,24.545053482055664,30.022916666666664,5.4778631846109995
Manila,2026-09-15T00:00:00+00:00,B,S,19.507823944091797,30.022916666666664,10.515092722574867
Manila,2026-09-15T00:00:00+00:00,C,S,22.117517471313477,30.022916666666664,7.905399195353187
Manila,2026-09-15T00:00:00+00:00,D,S,24.610902786254883,30.022916666666664,5.412013880411781
Manila,2026-09-15T00:00:00+00:00,A,C,24.545053482055664,30.022916666666664,5.4778631846109995
Manila,2026-09-15T00:00:00+00:00,B,C,19.507823944091797,30.022916666666664,10.515092722574867
Manila,2026-09-15T00:00:00+00:00,C,C,22.117517471313477,30.022916666666664,7.905399195353187
Manila,2026-09-15T00:00:00+00:00,D,C,24.610902786254883,30.022916666666664,5.412013880411781
Manila,2026-09-16T00:00:00+00:00,A,A,22.87067222595215,23.648571428571426,0.7778992026192775
Manila,2026-09-16T00:00:00+00:00,B,A,24.8924503326416,23.648571428571426,1.2438789040701757
Manila,2026-09-16T00:00:00+00:00,C,A,27.259767532348633,23.648571428571426,3.611196103777207
Manila,2026-09-16T00:00:00+00:00,D,A,28.289794921875,23.648571428571426,4.641223493303574
Manila,2026-09-16T00:00:00+00:00,A,B,22.87067222595215,23.648571428571426,0.7778992026192775
Manila,2026-09-16T00:00:00+00:00,B,B,24.8924503326416,23.648571428571426,1.2438789040701757
Manila,2026-09-16T00:00:00+00:00,C,B,27.259767532348633,23.648571428571426,3.611196103777207
Manila,2026-09-16T00:00:00+00:00,D,B,28.289794921875,23.648571428571426,4.641223493303574
Manila,2026-09-16T00:00:00+00:00,A,S,22.87067222595215,23.648571428571426,0.7778992026192775
Manila,2026-09-16T00:00:00+00:00,B,S,24.8924503326416,23.648571428571426,1.2438789040701757
Manila,2026-09-16T00:00:00+00:00,C,S,27.259767532348633,23.648571428571426,3.611196103777207
Manila,2026-09-16T00:00:00+00:00,D,S,28.289794921875,23.648571428571426,4.641223493303574
Manila,2026-09-16T00:00:00+00:00,A,C,22.87067222595215,23.648571428571426,0.7778992026192775
Manila,2026-09-16T00:00:00+00:00,B,C,24.8924503326416,23.648571428571426,1.2438789040701757
Manila,2026-09-16T00:00:00+00:00,C,C,27.259767532348633,23.648571428571426,3.611196103777207
Manila,2026-09-16T00:00:00+00:00,D,C,28.289794921875,23.648571428571426,4.641223493303574
Manila,2026-09-18T00:00:00+00:00,A,A,23.74688148498535,21.15,2.596881484985353
Manila,2026-09-18T00:00:00+00:00,B,A,18.02631187438965,21.15,3.12368812561035
Manila,2026-09-18T00:00:00+00:00,C,A,20.103105545043945,21.15,1.0468944549560533
Manila,2026-09-18T00:00:00+00:00,D,A,22.570348739624023,21.15,1.4203487396240249
Manila,2026-09-18T00:00:00+00:00,A,B,23.74688148498535,21.15,2.596881484985353
Manila,2026-09-18T00:00:00+00:00,B,B,18.02631187438965,21.15,3.12368812561035
Manila,2026-09-18T00:00:00+00:00,C,B,20.103105545043945,21.15,1.0468944549560533
Manila,2026-09-18T00:00:00+00:00,D,B,22.570348739624023,21.15,1.4203487396240249
Manila,2026-09-18T00:00:00+00:00,A,S,19.74822425842285,21.15,1.401775741577147
Manila,2026-09-18T00:00:00+00:00,B,S,18.76103973388672,21.15,2.38896026611328
Manila,2026-09-18T00:00:00+00:00,C,S,23.510663986206055,21.15,2.360663986206056
Manila,2026-09-18T00:00:00+00:00,D,S,18.791872024536133,21.15,2.3581279754638658
Manila,2026-09-18T00:00:00+00:00,A,C,18.452573776245117,21.15,2.6974262237548814
Manila,2026-09-18T00:00:00+00:00,B,C,18.582931518554688,21.15,2.567068481445311
Manila,2026-09-18T00:00:00+00:00,C,C,23.785614013671875,21.15,2.6356140136718764
Manila,2026-09-18T00:00:00+00:00,D,C,18.791872024536133,21.15,2.3581279754638658
Manila,2026-09-19T00:00:00+00:00,A,A,19.468400955200195,23.549999999999997,4.081599044799802
Manila,2026-09-19T00:00:00+00:00,B,A,20.513690948486328,23.549999999999997,3.036309051513669
Manila,2026-09-19T00:00:00+00:00,C,A,20.613855361938477,23.549999999999997,2.9361446380615206
Manila,2026-09-19T00:00:00+00:00,D,A,21.13072395324707,23.549999999999997,2.419276046752927
Manila,2026-09-19T00:00:00+00:00,A,B,19.468400955200195,23.549999999999997,4.081599044799802
Manila,2026-09-19T00:00:00+00:00,B,B,20.513690948486328,23.549999999999997,3.036309051513669
Manila,2026-09-19T00:00:00+00:00,C,B,20.613855361938477,23.549999999999997,2.9361446380615206
Manila,2026-09-19T00:00:00+00:00,D,B,21.13072395324707,23.549999999999997,2.419276046752927
Manila,2026-09-19T00:00:00+00:00,A,S,20.741962432861328,23.549999999999997,2.808037567138669
Manila,2026-09-19T00:00:00+00:00,B,S,28.124929428100586,23.549999999999997,4.574929428100589
Manila,2026-09-19T00:00:00+00:00,C,S,20.864213943481445,23.549999999999997,2.685786056518552
Manila,2026-09-19T00:00:00+00:00,D,S,21.80340003967285,23.549999999999997,1.7465999603271456
Manila,2026-09-19T00:00:00+00:00,A,C,17.999969482421875,23.549999999999997,5.550030517578122
Manila,2026-09-19T00:00:00+00:00,B,C,22.814834594726562,23.549999999999997,0.7351654052734347
Manila,2026-09-19T00:00:00+00:00,C,C,21.707801818847656,23.549999999999997,1.842198181152341
Manila,2026-09-19T00:00:00+00:00,D,C,21.80340003967285,23.549999999999997,1.7465999603271456
Manila,2026-09-20T00:00:00+00:00,A,A,22.728139877319336,18.72375,4.004389877319337
Manila,2026-09-20T00:00:00+00:00,B,A,20.752288818359375,18.72375,2.028538818359376
Manila,2026-09-20T00:00:00+00:00,C,A,22.69721221923828,18.72375,3.9734622192382822
Manila,2026-09-20T00:00:00+00:00,D,A,21.803144454956055,18.72375,3.0793944549560557
Manila,2026-09-20T00:00:00+00:00,A,B,22.728139877319336,18.72375,4.004389877319337
Manila,2026-09-20T00:00:00+00:00,B,B,20.752288818359375,18.72375,2.028538818359376
Manila,2026-09-20T00:00:00+00:00,C,B,22.69721221923828,18.72375,3.9734622192382822
Manila,2026-09-20T00:00:00+00:00,D,B,21.803144454956055,18.72375,3.0793944549560557
Manila,2026-09-20T00:00:00+00:00,A,S,21.3735294342041,18.72375,2.6497794342041026
Manila,2026-09-20T00:00:00+00:00,B,S,28.82047462463379,18.72375,10.09672462463379
Manila,2026-09-20T00:00:00+00:00,C,S,22.8332462310791,18.72375,4.109496231079103
Manila,2026-09-20T00:00:00+00:00,D,S,24.241872787475586,18.72375,5.518122787475587
Manila,2026-09-20T00:00:00+00:00,A,C,24.317575454711914,18.72375,5.593825454711915
Manila,2026-09-20T00:00:00+00:00,B,C,24.86530113220215,18.72375,6.141551132202149
Manila,2026-09-20T00:00:00+00:00,C,C,22.865446090698242,18.72375,4.141696090698243
Manila,2026-09-20T00:00:00+00:00,D,C,24.241872787475586,18.72375,5.518122787475587
Manila,2026-09-21T00:00:00+00:00,A,A,21.404138565063477,19.14818181818182,2.255956746881658
Manila,2026-09-21T00:00:00+00:00,B,A,19.692934036254883,19.14818181818182,0.5447522180730644
Manila,2026-09-21T00:00:00+00:00,C,A,18.44559669494629,19.14818181818182,0.7025851232355294
Manila,2026-09-21T00:00:00+00:00,D,A,22.091455459594727,19.14818181818182,2.943273641412908
Manila,2026-09-21T00:00:00+00:00,A,B,21.404138565063477,19.14818181818182,2.255956746881658
Manila,2026-09-21T00:00:00+00:00,B,B,19.692934036254883,19.14818181818182,0.5447522180730644
Manila,2026-09-21T00:00:00+00:00,C,B,18.44559669494629,19.14818181818182,0.7025851232355294
Manila,2026-09-21T00:00:00+00:00,D,B,22.091455459594727,19.14818181818182,2.943273641412908
Manila,2026-09-21T00:00:00+00:00,A,S,22.317419052124023,19.14818181818182,3.169237233942205
Manila,2026-09-21T00:00:00+00:00,B,S,18.817968368530273,19.14818181818182,0.330213449651545
Manila,2026-09-21T00:00:00+00:00,C,S,20.971683502197266,19.14818181818182,1.8235016840154472
Manila,2026-09-21T00:00:00+00:00,D,S,22.448606491088867,19.14818181818182,3.3004246729070488
Manila,2026-09-21T00:00:00+00:00,A,C,21.325834274291992,19.14818181818182,2.1776524561101738
Manila,2026-09-21T00:00:00+00:00,B,C,20.071420669555664,19.14818181818182,0.9232388513738456
Manila,2026-09-21T00:00:00+00:00,C,C,20.61421012878418,19.14818181818182,1.4660283106023613
Manila,2026-09-21T00:00:00+00:00,D,C,22.448606491088867,19.14818181818182,3.3004246729070488
Manila,2026-09-22T00:00:00+00:00,A,A,20.044532775878906,22.64166666666667,2.597133890787763
Manila,2026-09-22T00:00:00+00:00,B,A,15.690983772277832,22.64166666666667,6.950682894388837
Manila,2026-09-22T00:00:00+00:00,C,A,18.69504737854004,22.64166666666667,3.94661928812663
Manila,2026-09-22T00:00:00+00:00,D,A,19.412742614746094,22.64166666666667,3.2289240519205755
Manila,2026-09-22T00:00:00+00:00,A,B,20.044532775878906,22.64166666666667,2.597133890787763
Manila,2026-09-22T00:00:00+00:00,B,B,15.690983772277832,22.64166666666667,6.950682894388837
Manila,2026-09-22T00:00:00+00:00,C,B,18.69504737854004,22.64166666666667,3.94661928812663
Manila,2026-09-22T00:00:00+00:00,D,B,19.412742614746094,22.64166666666667,3.2289240519205755
Manila,2026-09-22T00:00:00+00:00,A,S,22.42951202392578,22.64166666666667,0.21215464274088802
Manila,2026-09-22T00:00:00+00:00,B,S,17.05665397644043,22.64166666666667,5.58501269022624
Manila,2026-09-22T00:00:00+00:00,C,S,18.465547561645508,22.64166666666667,4.1761191050211615
Manila,2026-09-22T00:00:00+00:00,D,S,18.910856246948242,22.64166666666667,3.730810419718427
Manila,2026-09-22T00:00:00+00:00,A,C,21.41764259338379,22.64166666666667,1.2240240732828802
Manila,2026-09-22T00:00:00+00:00,B,C,17.078142166137695,22.64166666666667,5.563524500528974
Manila,2026-09-22T00:00:00+00:00,C,C,18.772584915161133,22.64166666666667,3.8690817515055365
Manila,2026-09-22T00:00:00+00:00,D,C,18.910856246948242,22.64166666666667,3.730810419718427
Manila,2026-09-23T00:00:00+00:00,A,A,20.659141540527344,27.38695652173913,6.727814981211786
Manila,2026-09-23T00:00:00+00:00,B,A,17.83808708190918,27.38695652173913,9.54886943982995
Manila,2026-09-23T00:00:00+00:00,C,A,20.735164642333984,27.38695652173913,6.651791879405145
Manila,2026-09-23T00:00:00+00:00,D,A,22.77773094177246,27.38695652173913,4.609225579966669
Manila,2026-09-23T00:00:00+00:00,A,B,20.659141540527344,27.38695652173913,6.727814981211786
Manila,2026-09-23T00:00:00+00:00,B,B,17.83808708190918,27.38695652173913,9.54886943982995
Manila,2026-09-23T00:00:00+00:00,C,B,20.735164642333984,27.38695652173913,6.651791879405145
Manila,2026-09-23T00:00:00+00:00,D,B,22.77773094177246,27.38695652173913,4.609225579966669
Manila,2026-09-23T00:00:00+00:00,A,S,19.305395126342773,27.38695652173913,8.081561395396356
Manila,2026-09-23T00:00:00+00:00,B,S,16.489431381225586,27.38695652173913,10.897525140513544
Manila,2026-09-23T00:00:00+00:00,C,S,18.928403854370117,27.38695652173913,8.458552667369013
Manila,2026-09-23T00:00:00+00:00,D,S,22.285308837890625,27.38695652173913,5.101647683848505
Manila,2026-09-23T00:00:00+00:00,A,C,19.931961059570312,27.38695652173913,7.454995462168817
Manila,2026-09-23T00:00:00+00:00,B,C,17.70543670654297,27.38695652173913,9.681519815196161
Manila,2026-09-23T00:00:00+00:00,C,C,19.165239334106445,27.38695652173913,8.221717187632684
Manila,2026-09-23T00:00:00+00:00,D,C,22.285308837890625,27.38695652173913,5.101647683848505
Manila,2026-09-24T00:00:00+00:00,A,A,19.824060440063477,24.66444444444444,4.840384004380965
Manila,2026-09-24T00:00:00+00:00,B,A,20.36985969543457,24.66444444444444,4.294584749009871
Manila,2026-09-24T00:00:00+00:00,C,A,23.8206844329834,24.66444444444444,0.8437600114610433
Manila,2026-09-24T00:00:00+00:00,D,A,26.144235610961914,24.66444444444444,1.4797911665174723
Manila,2026-09-24T00:00:00+00:00,A,B,19.824060440063477,24.66444444444444,4.840384004380965
Manila,2026-09-24T00:00:00+00:00,B,B,20.36985969543457,24.66444444444444,4.294584749009871
Manila,2026-09-24T00:00:00+00:00,C,B,23.8206844329834,24.66444444444444,0.8437600114610433
Manila,2026-09-24T00:00:00+00:00,D,B,26.144235610961914,24.66444444444444,1.4797911665174723
Manila,2026-09-24T00:00:00+00:00,A,S,20.069284439086914,24.66444444444444,4.595160005357528
Manila,2026-09-24T00:00:00+00:00,B,S,21.352584838867188,24.66444444444444,3.3118596055772542
Manila,2026-09-24T00:00:00+00:00,C,S,24.170564651489258,24.66444444444444,0.4938797929551839
Manila,2026-09-24T00:00:00+00:00,D,S,26.031213760375977,24.66444444444444,1.3667693159315348
Manila,2026-09-24T00:00:00+00:00,A,C,20.034931182861328,24.66444444444444,4.629513261583114
Manila,2026-09-24T00:00:00+00:00,B,C,21.267183303833008,24.66444444444444,3.397261140611434
Manila,2026-09-24T00:00:00+00:00,C,C,24.10198974609375,24.66444444444444,0.5624546983506917
Manila,2026-09-24T00:00:00+00:00,D,C,26.031213760375977,24.66444444444444,1.3667693159315348
Manila,2026-09-25T00:00:00+00:00,A,A,20.27046012878418,22.05090909090909,1.780448962124911
Manila,2026-09-25T00:00:00+00:00,B,A,20.925859451293945,22.05090909090909,1.1250496396151455
Manila,2026-09-25T00:00:00+00:00,C,A,25.380647659301758,22.05090909090909,3.329738568392667
Manila,2026-09-25T00:00:00+00:00,D,A,28.171714782714844,22.05090909090909,6.120805691805753
Manila,2026-09-25T00:00:00+00:00,A,B,20.27046012878418,22.05090909090909,1.780448962124911
Manila,2026-09-25T00:00:00+00:00,B,B,20.925859451293945,22.05090909090909,1.1250496396151455
Manila,2026-09-25T00:00:00+00:00,C,B,25.380647659301758,22.05090909090909,3.329738568392667
Manila,2026-09-25T00:00:00+00:00,D,B,28.171714782714844,22.05090909090909,6.120805691805753
Manila,2026-09-25T00:00:00+00:00,A,S,18.627580642700195,22.05090909090909,3.4233284482088955
Manila,2026-09-25T00:00:00+00:00,B,S,19.427770614624023,22.05090909090909,2.6231384762850674
Manila,2026-09-25T00:00:00+00:00,C,S,23.9589900970459,22.05090909090909,1.9080810061368076
Manila,2026-09-25T00:00:00+00:00,D,S,27.11077308654785,22.05090909090909,5.059863995638761
Manila,2026-09-25T00:00:00+00:00,A,C,18.61724090576172,22.05090909090909,3.433668185147372
Manila,2026-09-25T00:00:00+00:00,B,C,18.973670959472656,22.05090909090909,3.0772381314364345
Manila,2026-09-25T00:00:00+00:00,C,C,24.008514404296875,22.05090909090909,1.9576053133877842
Manila,2026-09-25T00:00:00+00:00,D,C,27.11077308654785,22.05090909090909,5.059863995638761
Manila,2026-09-26T00:00:00+00:00,A,A,17.61378288269043,30.645833333333332,13.032050450642902
Manila,2026-09-26T00:00:00+00:00,B,A,21.267118453979492,30.645833333333332,9.37871487935384
Manila,2026-09-26T00:00:00+00:00,C,A,22.035409927368164,30.645833333333332,8.610423405965168
Manila,2026-09-26T00:00:00+00:00,D,A,19.868303298950195,30.645833333333332,10.777530034383137
Manila,2026-09-26T00:00:00+00:00,A,B,17.61378288269043,30.645833333333332,13.032050450642902
Manila,2026-09-26T00:00:00+00:00,B,B,21.267118453979492,30.645833333333332,9.37871487935384
Manila,2026-09-26T00:00:00+00:00,C,B,22.035409927368164,30.645833333333332,8.610423405965168
Manila,2026-09-26T00:00:00+00:00,D,B,19.868303298950195,30.645833333333332,10.777530034383137
Manila,2026-09-26T00:00:00+00:00,A,S,20.006101608276367,30.645833333333332,10.639731725056965
Manila,2026-09-26T00:00:00+00:00,B,S,20.84272575378418,30.645833333333332,9.803107579549152
Manila,2026-09-26T00:00:00+00:00,C,S,19.239561080932617,30.645833333333332,11.406272252400715
Manila,2026-09-26T00:00:00+00:00,D,S,20.284954071044922,30.645833333333332,10.36087926228841
Manila,2026-09-26T00:00:00+00:00,A,C,19.258928298950195,30.645833333333332,11.386905034383137
Manila,2026-09-26T00:00:00+00:00,B,C,22.15464973449707,30.645833333333332,8.491183598836262
Manila,2026-09-26T00:00:00+00:00,C,C,20.092573165893555,30.645833333333332,10.553260167439777
Manila,2026-09-26T00:00:00+00:00,D,C,20.284954071044922,30.645833333333332,10.36087926228841
Manila,2026-09-27T00:00:00+00:00,A,A,27.424652099609375,30.175,2.7503479003906257
Manila,2026-09-27T00:00:00+00:00,B,A,29.79339027404785,30.175,0.38160972595214915
Manila,2026-09-27T00:00:00+00:00,C,A,30.43707275390625,30.175,0.2620727539062493
Manila,2026-09-27T00:00:00+00:00,D,A,26.178686141967773,30.175,3.9963138580322273
Manila,2026-09-27T00:00:00+00:00,A,B,27.424652099609375,30.175,2.7503479003906257
Manila,2026-09-27T00:00:00+00:00,B,B,29.79339027404785,30.175,0.38160972595214915
Manila,2026-09-27T00:00:00+00:00,C,B,30.43707275390625,30.175,0.2620727539062493
Manila,2026-09-27T00:00:00+00:00,D,B,26.178686141967773,30.175,3.9963138580322273
Manila,2026-09-27T00:00:00+00:00,A,S,27.162965774536133,30.175,3.012034225463868
Manila,2026-09-27T00:00:00+00:00,B,S,27.724863052368164,30.175,2.4501369476318366
Manila,2026-09-27T00:00:00+00:00,C,S,28.062204360961914,30.175,2.1127956390380866
Manila,2026-09-27T00:00:00+00:00,D,S,27.233591079711914,30.175,2.9414089202880866
Manila,2026-09-27T00:00:00+00:00,A,C,27.9492244720459,30.175,2.2257755279541023
Manila,2026-09-27T00:00:00+00:00,B,C,26.957590103149414,30.175,3.2174098968505866
Manila,2026-09-27T00:00:00+00:00,C,C,28.424592971801758,30.175,1.750407028198243
Manila,2026-09-27T00:00:00+00:00,D,C,27.233591079711914,30.175,2.9414089202880866
Quezon_City,2026-08-14T00:00:00+00:00,A,A,19.202545166015625,28.612499999999997,9.409954833984372
Quezon_City,2026-08-14T00:00:00+00:00,B,A,22.07647132873535,28.612499999999997,6.536028671264646
Quezon_City,2026-08-14T00:00:00+00:00,C,A,21.811975479125977,28.612499999999997,6.800524520874021
Quezon_City,2026-08-14T00:00:00+00:00,D,A,19.548608779907227,28.612499999999997,9.06389122009277
Quezon_City,2026-08-14T00:00:00+00:00,A,B,19.202545166015625,28.612499999999997,9.409954833984372
Quezon_City,2026-08-14T00:00:00+00:00,B,B,22.07647132873535,28.612499999999997,6.536028671264646
Quezon_City,2026-08-14T00:00:00+00:00,C,B,21.811975479125977,28.612499999999997,6.800524520874021
Quezon_City,2026-08-14T00:00:00+00:00,D,B,19.548608779907227,28.612499999999997,9.06389122009277
Quezon_City,2026-08-14T00:00:00+00:00,A,S,19.202545166015625,28.612499999999997,9.409954833984372
Quezon_City,2026-08-14T00:00:00+00:00,B,S,22.07647132873535,28.612499999999997,6.536028671264646
Quezon_City,2026-08-14T00:00:00+00:00,C,S,21.811975479125977,28.612499999999997,6.800524520874021
Quezon_City,2026-08-14T00:00:00+00:00,D,S,19.548608779907227,28.612499999999997,9.06389122009277
Quezon_City,2026-08-14T00:00:00+00:00,A,C,19.202545166015625,28.612499999999997,9.409954833984372
Quezon_City,2026-08-14T00:00:00+00:00,B,C,22.07647132873535,28.612499999999997,6.536028671264646
Quezon_City,2026-08-14T00:00:00+00:00,C,C,21.811975479125977,28.612499999999997,6.800524520874021
Quezon_City,2026-08-14T00:00:00+00:00,D,C,19.548608779907227,28.612499999999997,9.06389122009277
Quezon_City,2026-08-15T00:00:00+00:00,A,A,27.05784034729004,22.3125,4.745340347290039
Quezon_City,2026-08-15T00:00:00+00:00,B,A,21.30009651184082,22.3125,1.0124034881591797
Quezon_City,2026-08-15T00:00:00+00:00,C,A,31.972885131835938,22.3125,9.660385131835938
Quezon_City,2026-08-15T00:00:00+00:00,D,A,28.946218490600586,22.3125,6.633718490600586
Quezon_City,2026-08-15T00:00:00+00:00,A,B,27.05784034729004,22.3125,4.745340347290039
Quezon_City,2026-08-15T00:00:00+00:00,B,B,21.30009651184082,22.3125,1.0124034881591797
Quezon_City,2026-08-15T00:00:00+00:00,C,B,31.972885131835938,22.3125,9.660385131835938
Quezon_City,2026-08-15T00:00:00+00:00,D,B,28.946218490600586,22.3125,6.633718490600586
Quezon_City,2026-08-15T00:00:00+00:00,A,S,27.05784034729004,22.3125,4.745340347290039
Quezon_City,2026-08-15T00:00:00+00:00,B,S,21.30009651184082,22.3125,1.0124034881591797
Quezon_City,2026-08-15T00:00:00+00:00,C,S,31.972885131835938,22.3125,9.660385131835938
Quezon_City,2026-08-15T00:00:00+00:00,D,S,28.946218490600586,22.3125,6.633718490600586
Quezon_City,2026-08-15T00:00:00+00:00,A,C,27.05784034729004,22.3125,4.745340347290039
Quezon_City,2026-08-15T00:00:00+00:00,B,C,21.30009651184082,22.3125,1.0124034881591797
Quezon_City,2026-08-15T00:00:00+00:00,C,C,31.972885131835938,22.3125,9.660385131835938
Quezon_City,2026-08-15T00:00:00+00:00,D,C,28.946218490600586,22.3125,6.633718490600586
Quezon_City,2026-08-16T00:00:00+00:00,A,A,29.70745277404785,15.25,14.457452774047852
Quezon_City,2026-08-16T00:00:00+00:00,B,A,25.662086486816406,15.25,10.412086486816406
Quezon_City,2026-08-16T00:00:00+00:00,C,A,24.94830322265625,15.25,9.69830322265625
Quezon_City,2026-08-16T00:00:00+00:00,D,A,24.188154220581055,15.25,8.938154220581055
Quezon_City,2026-08-16T00:00:00+00:00,A,B,29.70745277404785,15.25,14.457452774047852
Quezon_City,2026-08-16T00:00:00+00:00,B,B,25.662086486816406,15.25,10.412086486816406
Quezon_City,2026-08-16T00:00:00+00:00,C,B,24.94830322265625,15.25,9.69830322265625
Quezon_City,2026-08-16T00:00:00+00:00,D,B,24.188154220581055,15.25,8.938154220581055
Quezon_City,2026-08-16T00:00:00+00:00,A,S,29.70745277404785,15.25,14.457452774047852
Quezon_City,2026-08-16T00:00:00+00:00,B,S,25.662086486816406,15.25,10.412086486816406
Quezon_City,2026-08-16T00:00:00+00:00,C,S,24.94830322265625,15.25,9.69830322265625
Quezon_City,2026-08-16T00:00:00+00:00,D,S,24.188154220581055,15.25,8.938154220581055
Quezon_City,2026-08-16T00:00:00+00:00,A,C,29.70745277404785,15.25,14.457452774047852
Quezon_City,2026-08-16T00:00:00+00:00,B,C,25.662086486816406,15.25,10.412086486816406
Quezon_City,2026-08-16T00:00:00+00:00,C,C,24.94830322265625,15.25,9.69830322265625
Quezon_City,2026-08-16T00:00:00+00:00,D,C,24.188154220581055,15.25,8.938154220581055
Quezon_City,2026-08-17T00:00:00+00:00,A,A,18.085952758789062,11.80952380952381,6.276428949265252
Quezon_City,2026-08-17T00:00:00+00:00,B,A,13.15953540802002,11.80952380952381,1.3500115984962093
Quezon_City,2026-08-17T00:00:00+00:00,C,A,15.556536674499512,11.80952380952381,3.7470128649757015
Quezon_City,2026-08-17T00:00:00+00:00,D,A,12.984886169433594,11.80952380952381,1.1753623599097835
Quezon_City,2026-08-17T00:00:00+00:00,A,B,18.085952758789062,11.80952380952381,6.276428949265252
Quezon_City,2026-08-17T00:00:00+00:00,B,B,13.15953540802002,11.80952380952381,1.3500115984962093
Quezon_City,2026-08-17T00:00:00+00:00,C,B,15.556536674499512,11.80952380952381,3.7470128649757015
Quezon_City,2026-08-17T00:00:00+00:00,D,B,12.984886169433594,11.80952380952381,1.1753623599097835
Quezon_City,2026-08-17T00:00:00+00:00,A,S,18.085952758789062,11.80952380952381,6.276428949265252
Quezon_City,2026-08-17T00:00:00+00:00,B,S,13.15953540802002,11.80952380952381,1.3500115984962093
Quezon_City,2026-08-17T00:00:00+00:00,C,S,15.556536674499512,11.80952380952381,3.7470128649757015
Quezon_City,2026-08-17T00:00:00+00:00,D,S,12.984886169433594,11.80952380952381,1.1753623599097835
Quezon_City,2026-08-17T00:00:00+00:00,A,C,18.085952758789062,11.80952380952381,6.276428949265252
Quezon_City,2026-08-17T00:00:00+00:00,B,C,13.15953540802002,11.80952380952381,1.3500115984962093
Quezon_City,2026-08-17T00:00:00+00:00,C,C,15.556536674499512,11.80952380952381,3.7470128649757015
Quezon_City,2026-08-17T00:00:00+00:00,D,C,12.984886169433594,11.80952380952381,1.1753623599097835
Quezon_City,2026-08-18T00:00:00+00:00,A,A,8.345763206481934,6.6875,1.6582632064819336
Quezon_City,2026-08-18T00:00:00+00:00,B,A,13.632736206054688,6.6875,6.9452362060546875
Quezon_City,2026-08-18T00:00:00+00:00,C,A,15.657135963439941,6.6875,8.969635963439941
Quezon_City,2026-08-18T00:00:00+00:00,D,A,16.17034912109375,6.6875,9.48284912109375
Quezon_City,2026-08-18T00:00:00+00:00,A,B,8.345763206481934,6.6875,1.6582632064819336
Quezon_City,2026-08-18T00:00:00+00:00,B,B,13.632736206054688,6.6875,6.9452362060546875
Quezon_City,2026-08-18T00:00:00+00:00,C,B,15.657135963439941,6.6875,8.969635963439941
Quezon_City,2026-08-18T00:00:00+00:00,D,B,16.17034912109375,6.6875,9.48284912109375
Quezon_City,2026-08-18T00:00:00+00:00,A,S,8.302800178527832,6.6875,1.615300178527832
Quezon_City,2026-08-18T00:00:00+00:00,B,S,16.395559310913086,6.6875,9.708059310913086
Quezon_City,2026-08-18T00:00:00+00:00,C,S,14.820141792297363,6.6875,8.132641792297363
Quezon_City,2026-08-18T00:00:00+00:00,D,S,16.202735900878906,6.6875,9.515235900878906
Quezon_City,2026-08-18T00:00:00+00:00,A,C,8.501506805419922,6.6875,1.8140068054199219
Quezon_City,2026-08-18T00:00:00+00:00,B,C,17.35853385925293,6.6875,10.67103385925293
Quezon_City,2026-08-18T00:00:00+00:00,C,C,15.506123542785645,6.6875,8.818623542785645
Quezon_City,2026-08-18T00:00:00+00:00,D,C,16.202735900878906,6.6875,9.515235900878906
Quezon_City,2026-08-19T00:00:00+00:00,A,A,8.665349006652832,30.8,22.13465099334717
Quezon_City,2026-08-19T00:00:00+00:00,B,A,12.418286323547363,30.8,18.381713676452637
Quezon_City,2026-08-19T00:00:00+00:00,C,A,16.679697036743164,30.8,14.120302963256837
Quezon_City,2026-08-19T00:00:00+00:00,D,A,13.733321189880371,30.8,17.06667881011963
Quezon_City,2026-08-19T00:00:00+00:00,A,B,8.665349006652832,30.8,22.13465099334717
Quezon_City,2026-08-19T00:00:00+00:00,B,B,12.418286323547363,30.8,18.381713676452637
Quezon_City,2026-08-19T00:00:00+00:00,C,B,16.679697036743164,30.8,14.120302963256837
Quezon_City,2026-08-19T00:00:00+00:00,D,B,13.733321189880371,30.8,17.06667881011963
Quezon_City,2026-08-19T00:00:00+00:00,A,S,9.041422843933105,30.8,21.758577156066895
Quezon_City,2026-08-19T00:00:00+00:00,B,S,11.789058685302734,30.8,19.010941314697266
Quezon_City,2026-08-19T00:00:00+00:00,C,S,16.478330612182617,30.8,14.321669387817384
Quezon_City,2026-08-19T00:00:00+00:00,D,S,13.906983375549316,30.8,16.893016624450684
Quezon_City,2026-08-19T00:00:00+00:00,A,C,8.262626647949219,30.8,22.537373352050782
Quezon_City,2026-08-19T00:00:00+00:00,B,C,11.776812553405762,30.8,19.02318744659424
Quezon_City,2026-08-19T00:00:00+00:00,C,C,16.43145751953125,30.8,14.36854248046875
Quezon_City,2026-08-19T00:00:00+00:00,D,C,13.906983375549316,30.8,16.893016624450684
Quezon_City,2026-08-20T00:00:00+00:00,A,A,35.1097297668457,32.065217391304344,3.044512375541359
Quezon_City,2026-08-20T00:00:00+00:00,B,A,31.19915008544922,32.065217391304344,0.8660673058551254
Quezon_City,2026-08-20T00:00:00+00:00,C,A,26.30149269104004,32.065217391304344,5.763724700264305
Quezon_City,2026-08-20T00:00:00+00:00,D,A,28.184539794921875,32.065217391304344,3.880677596382469
Quezon_City,2026-08-20T00:00:00+00:00,A,B,35.1097297668457,32.065217391304344,3.044512375541359
Quezon_City,2026-08-20T00:00:00+00:00,B,B,31.19915008544922,32.065217391304344,0.8660673058551254
Quezon_City,2026-08-20T00:00:00+00:00,C,B,26.30149269104004,32.065217391304344,5.763724700264305
Quezon_City,2026-08-20T00:00:00+00:00,D,B,28.184539794921875,32.065217391304344,3.880677596382469
Quezon_City,2026-08-20T00:00:00+00:00,A,S,35.1097297668457,32.065217391304344,3.044512375541359
Quezon_City,2026-08-20T00:00:00+00:00,B,S,31.19915008544922,32.065217391304344,0.8660673058551254
Quezon_City,2026-08-20T00:00:00+00:00,C,S,26.30149269104004,32.065217391304344,5.763724700264305
Quezon_City,2026-08-20T00:00:00+00:00,D,S,28.184539794921875,32.065217391304344,3.880677596382469
Quezon_City,2026-08-20T00:00:00+00:00,A,C,35.1097297668457,32.065217391304344,3.044512375541359
Quezon_City,2026-08-20T00:00:00+00:00,B,C,31.19915008544922,32.065217391304344,0.8660673058551254
Quezon_City,2026-08-20T00:00:00+00:00,C,C,26.30149269104004,32.065217391304344,5.763724700264305
Quezon_City,2026-08-20T00:00:00+00:00,D,C,28.184539794921875,32.065217391304344,3.880677596382469
Quezon_City,2026-08-21T00:00:00+00:00,A,A,38.85395050048828,38.270833333333336,0.5831171671549455
Quezon_City,2026-08-21T00:00:00+00:00,B,A,30.233566284179688,38.270833333333336,8.037267049153648
Quezon_City,2026-08-21T00:00:00+00:00,C,A,30.3472900390625,38.270833333333336,7.923543294270836
Quezon_City,2026-08-21T00:00:00+00:00,D,A,27.298303604125977,38.270833333333336,10.97252972920736
Quezon_City,2026-08-21T00:00:00+00:00,A,B,38.85395050048828,38.270833333333336,0.5831171671549455
Quezon_City,2026-08-21T00:00:00+00:00,B,B,30.233566284179688,38.270833333333336,8.037267049153648
Quezon_City,2026-08-21T00:00:00+00:00,C,B,30.3472900390625,38.270833333333336,7.923543294270836
Quezon_City,2026-08-21T00:00:00+00:00,D,B,27.298303604125977,38.270833333333336,10.97252972920736
Quezon_City,2026-08-21T00:00:00+00:00,A,S,39.006771087646484,38.270833333333336,0.7359377543131487
Quezon_City,2026-08-21T00:00:00+00:00,B,S,29.603897094726562,38.270833333333336,8.666936238606773
Quezon_City,2026-08-21T00:00:00+00:00,C,S,29.732742309570312,38.270833333333336,8.538091023763023
Quezon_City,2026-08-21T00:00:00+00:00,D,S,27.607139587402344,38.270833333333336,10.663693745930992
Quezon_City,2026-08-21T00:00:00+00:00,A,C,38.55617904663086,38.270833333333336,0.2853457132975237
Quezon_City,2026-08-21T00:00:00+00:00,B,C,29.3380184173584,38.270833333333336,8.932814915974937
Quezon_City,2026-08-21T00:00:00+00:00,C,C,30.1478214263916,38.270833333333336,8.123011906941734
Quezon_City,2026-08-21T00:00:00+00:00,D,C,27.607139587402344,38.270833333333336,10.663693745930992
Quezon_City,2026-08-22T00:00:00+00:00,A,A,34.59016036987305,36.07083333333333,1.480672963460286
Quezon_City,2026-08-22T00:00:00+00:00,B,A,30.264921188354492,36.07083333333333,5.805912144978841
Quezon_City,2026-08-22T00:00:00+00:00,C,A,32.16603088378906,36.07083333333333,3.9048024495442704
Quezon_City,2026-08-22T00:00:00+00:00,D,A,26.50750160217285,36.07083333333333,9.563331731160481
Quezon_City,2026-08-22T00:00:00+00:00,A,B,34.59016036987305,36.07083333333333,1.480672963460286
Quezon_City,2026-08-22T00:00:00+00:00,B,B,30.264921188354492,36.07083333333333,5.805912144978841
Quezon_City,2026-08-22T00:00:00+00:00,C,B,32.16603088378906,36.07083333333333,3.9048024495442704
Quezon_City,2026-08-22T00:00:00+00:00,D,B,26.50750160217285,36.07083333333333,9.563331731160481
Quezon_City,2026-08-22T00:00:00+00:00,A,S,33.85361862182617,36.07083333333333,2.217214711507161
Quezon_City,2026-08-22T00:00:00+00:00,B,S,30.05243492126465,36.07083333333333,6.018398412068684
Quezon_City,2026-08-22T00:00:00+00:00,C,S,31.896310806274414,36.07083333333333,4.174522527058919
Quezon_City,2026-08-22T00:00:00+00:00,D,S,26.7957820892334,36.07083333333333,9.275051244099934
Quezon_City,2026-08-22T00:00:00+00:00,A,C,34.851436614990234,36.07083333333333,1.2193967183430985
Quezon_City,2026-08-22T00:00:00+00:00,B,C,29.8931941986084,36.07083333333333,6.177639134724934
Quezon_City,2026-08-22T00:00:00+00:00,C,C,31.930953979492188,36.07083333333333,4.139879353841145
Quezon_City,2026-08-22T00:00:00+00:00,D,C,26.7957820892334,36.07083333333333,9.275051244099934
Quezon_City,2026-08-23T00:00:00+00:00,A,A,25.51708984375,42.22083333333334,16.70374348958334
Quezon_City,2026-08-23T00:00:00+00:00,B,A,29.976369857788086,42.22083333333334,12.244463475545253
Quezon_City,2026-08-23T00:00:00+00:00,C,A,32.07548141479492,42.22083333333334,10.145351918538417
Quezon_City,2026-08-23T00:00:00+00:00,D,A,26.70377540588379,42.22083333333334,15.51705792744955
Quezon_City,2026-08-23T00:00:00+00:00,A,B,25.51708984375,42.22083333333334,16.70374348958334
Quezon_City,2026-08-23T00:00:00+00:00,B,B,29.976369857788086,42.22083333333334,12.244463475545253
Quezon_City,2026-08-23T00:00:00+00:00,C,B,32.07548141479492,42.22083333333334,10.145351918538417
Quezon_City,2026-08-23T00:00:00+00:00,D,B,26.70377540588379,42.22083333333334,15.51705792744955
Quezon_City,2026-08-23T00:00:00+00:00,A,S,25.51708984375,42.22083333333334,16.70374348958334
Quezon_City,2026-08-23T00:00:00+00:00,B,S,29.976369857788086,42.22083333333334,12.244463475545253
Quezon_City,2026-08-23T00:00:00+00:00,C,S,32.07548141479492,42.22083333333334,10.145351918538417
Quezon_City,2026-08-23T00:00:00+00:00,D,S,26.70377540588379,42.22083333333334,15.51705792744955
Quezon_City,2026-08-23T00:00:00+00:00,A,C,25.51708984375,42.22083333333334,16.70374348958334
Quezon_City,2026-08-23T00:00:00+00:00,B,C,29.976369857788086,42.22083333333334,12.244463475545253
Quezon_City,2026-08-23T00:00:00+00:00,C,C,32.07548141479492,42.22083333333334,10.145351918538417
Quezon_City,2026-08-23T00:00:00+00:00,D,C,26.70377540588379,42.22083333333334,15.51705792744955
Quezon_City,2026-08-24T00:00:00+00:00,A,A,33.07025146484375,41.229166666666664,8.158915201822914
Quezon_City,2026-08-24T00:00:00+00:00,B,A,34.2017707824707,41.229166666666664,7.027395884195961
Quezon_City,2026-08-24T00:00:00+00:00,C,A,35.38999938964844,41.229166666666664,5.839167277018227
Quezon_City,2026-08-24T00:00:00+00:00,D,A,30.983896255493164,41.229166666666664,10.2452704111735
Quezon_City,2026-08-24T00:00:00+00:00,A,B,33.07025146484375,41.229166666666664,8.158915201822914
Quezon_City,2026-08-24T00:00:00+00:00,B,B,34.2017707824707,41.229166666666664,7.027395884195961
Quezon_City,2026-08-24T00:00:00+00:00,C,B,35.38999938964844,41.229166666666664,5.839167277018227
Quezon_City,2026-08-24T00:00:00+00:00,D,B,30.983896255493164,41.229166666666664,10.2452704111735
Quezon_City,2026-08-24T00:00:00+00:00,A,S,33.07025146484375,41.229166666666664,8.158915201822914
Quezon_City,2026-08-24T00:00:00+00:00,B,S,34.2017707824707,41.229166666666664,7.027395884195961
Quezon_City,2026-08-24T00:00:00+00:00,C,S,35.38999938964844,41.229166666666664,5.839167277018227
Quezon_City,2026-08-24T00:00:00+00:00,D,S,30.983896255493164,41.229166666666664,10.2452704111735
Quezon_City,2026-08-24T00:00:00+00:00,A,C,33.07025146484375,41.229166666666664,8.158915201822914
Quezon_City,2026-08-24T00:00:00+00:00,B,C,34.2017707824707,41.229166666666664,7.027395884195961
Quezon_City,2026-08-24T00:00:00+00:00,C,C,35.38999938964844,41.229166666666664,5.839167277018227
Quezon_City,2026-08-24T00:00:00+00:00,D,C,30.983896255493164,41.229166666666664,10.2452704111735
Quezon_City,2026-08-25T00:00:00+00:00,A,A,43.89723205566406,36.82916666666667,7.06806538899739
Quezon_City,2026-08-25T00:00:00+00:00,B,A,28.460607528686523,36.82916666666667,8.36855913798015
Quezon_City,2026-08-25T00:00:00+00:00,C,A,33.327205657958984,36.82916666666667,3.5019610087076884
Quezon_City,2026-08-25T00:00:00+00:00,D,A,31.754989624023438,36.82916666666667,5.074177042643235
Quezon_City,2026-08-25T00:00:00+00:00,A,B,43.89723205566406,36.82916666666667,7.06806538899739
Quezon_City,2026-08-25T00:00:00+00:00,B,B,28.460607528686523,36.82916666666667,8.36855913798015
Quezon_City,2026-08-25T00:00:00+00:00,C,B,33.327205657958984,36.82916666666667,3.5019610087076884
Quezon_City,2026-08-25T00:00:00+00:00,D,B,31.754989624023438,36.82916666666667,5.074177042643235
Quezon_City,2026-08-25T00:00:00+00:00,A,S,43.89723205566406,36.82916666666667,7.06806538899739
Quezon_City,2026-08-25T00:00:00+00:00,B,S,28.460607528686523,36.82916666666667,8.36855913798015
Quezon_City,2026-08-25T00:00:00+00:00,C,S,33.327205657958984,36.82916666666667,3.5019610087076884
Quezon_City,2026-08-25T00:00:00+00:00,D,S,31.754989624023438,36.82916666666667,5.074177042643235
Quezon_City,2026-08-25T00:00:00+00:00,A,C,43.89723205566406,36.82916666666667,7.06806538899739
Quezon_City,2026-08-25T00:00:00+00:00,B,C,28.460607528686523,36.82916666666667,8.36855913798015
Quezon_City,2026-08-25T00:00:00+00:00,C,C,33.327205657958984,36.82916666666667,3.5019610087076884
Quezon_City,2026-08-25T00:00:00+00:00,D,C,31.754989624023438,36.82916666666667,5.074177042643235
Quezon_City,2026-08-26T00:00:00+00:00,A,A,40.93227767944336,17.6125,23.31977767944336
Quezon_City,2026-08-26T00:00:00+00:00,B,A,33.912662506103516,17.6125,16.300162506103515
Quezon_City,2026-08-26T00:00:00+00:00,C,A,29.036848068237305,17.6125,11.424348068237304
Quezon_City,2026-08-26T00:00:00+00:00,D,A,26.509323120117188,17.6125,8.896823120117187
Quezon_City,2026-08-26T00:00:00+00:00,A,B,40.93227767944336,17.6125,23.31977767944336
Quezon_City,2026-08-26T00:00:00+00:00,B,B,33.912662506103516,17.6125,16.300162506103515
Quezon_City,2026-08-26T00:00:00+00:00,C,B,29.036848068237305,17.6125,11.424348068237304
Quezon_City,2026-08-26T00:00:00+00:00,D,B,26.509323120117188,17.6125,8.896823120117187
Quezon_City,2026-08-26T00:00:00+00:00,A,S,40.93227767944336,17.6125,23.31977767944336
Quezon_City,2026-08-26T00:00:00+00:00,B,S,33.912662506103516,17.6125,16.300162506103515
Quezon_City,2026-08-26T00:00:00+00:00,C,S,29.036848068237305,17.6125,11.424348068237304
Quezon_City,2026-08-26T00:00:00+00:00,D,S,26.509323120117188,17.6125,8.896823120117187
Quezon_City,2026-08-26T00:00:00+00:00,A,C,40.93227767944336,17.6125,23.31977767944336
Quezon_City,2026-08-26T00:00:00+00:00,B,C,33.912662506103516,17.6125,16.300162506103515
Quezon_City,2026-08-26T00:00:00+00:00,C,C,29.036848068237305,17.6125,11.424348068237304
Quezon_City,2026-08-26T00:00:00+00:00,D,C,26.509323120117188,17.6125,8.896823120117187
Quezon_City,2026-08-27T00:00:00+00:00,A,A,27.700782775878906,16.754166666666666,10.94661610921224
Quezon_City,2026-08-27T00:00:00+00:00,B,A,22.725706100463867,16.754166666666666,5.971539433797201
Quezon_City,2026-08-27T00:00:00+00:00,C,A,21.79595375061035,16.754166666666666,5.041787083943685
Quezon_City,2026-08-27T00:00:00+00:00,D,A,23.308881759643555,16.754166666666666,6.554715092976888
Quezon_City,2026-08-27T00:00:00+00:00,A,B,27.700782775878906,16.754166666666666,10.94661610921224
Quezon_City,2026-08-27T00:00:00+00:00,B,B,22.725706100463867,16.754166666666666,5.971539433797201
Quezon_City,2026-08-27T00:00:00+00:00,C,B,21.79595375061035,16.754166666666666,5.041787083943685
Quezon_City,2026-08-27T00:00:00+00:00,D,B,23.308881759643555,16.754166666666666,6.554715092976888
Quezon_City,2026-08-27T00:00:00+00:00,A,S,27.700782775878906,16.754166666666666,10.94661610921224
Quezon_City,2026-08-27T00:00:00+00:00,B,S,22.725706100463867,16.754166666666666,5.971539433797201
Quezon_City,2026-08-27T00:00:00+00:00,C,S,21.79595375061035,16.754166666666666,5.041787083943685
Quezon_City,2026-08-27T00:00:00+00:00,D,S,23.308881759643555,16.754166666666666,6.554715092976888
Quezon_City,2026-08-27T00:00:00+00:00,A,C,27.700782775878906,16.754166666666666,10.94661610921224
Quezon_City,2026-08-27T00:00:00+00:00,B,C,22.725706100463867,16.754166666666666,5.971539433797201
Quezon_City,2026-08-27T00:00:00+00:00,C,C,21.79595375061035,16.754166666666666,5.041787083943685
Quezon_City,2026-08-27T00:00:00+00:00,D,C,23.308881759643555,16.754166666666666,6.554715092976888
Quezon_City,2026-08-28T00:00:00+00:00,A,A,14.82037353515625,9.25,5.57037353515625
Quezon_City,2026-08-28T00:00:00+00:00,B,A,15.30945110321045,9.25,6.059451103210449
Quezon_City,2026-08-28T00:00:00+00:00,C,A,17.69719123840332,9.25,8.44719123840332
Quezon_City,2026-08-28T00:00:00+00:00,D,A,14.243054389953613,9.25,4.993054389953613
Quezon_City,2026-08-28T00:00:00+00:00,A,B,14.82037353515625,9.25,5.57037353515625
Quezon_City,2026-08-28T00:00:00+00:00,B,B,15.30945110321045,9.25,6.059451103210449
Quezon_City,2026-08-28T00:00:00+00:00,C,B,17.69719123840332,9.25,8.44719123840332
Quezon_City,2026-08-28T00:00:00+00:00,D,B,14.243054389953613,9.25,4.993054389953613
Quezon_City,2026-08-28T00:00:00+00:00,A,S,14.82037353515625,9.25,5.57037353515625
Quezon_City,2026-08-28T00:00:00+00:00,B,S,15.30945110321045,9.25,6.059451103210449
Quezon_City,2026-08-28T00:00:00+00:00,C,S,17.69719123840332,9.25,8.44719123840332
Quezon_City,2026-08-28T00:00:00+00:00,D,S,14.243054389953613,9.25,4.993054389953613
Quezon_City,2026-08-28T00:00:00+00:00,A,C,14.82037353515625,9.25,5.57037353515625
Quezon_City,2026-08-28T00:00:00+00:00,B,C,15.30945110321045,9.25,6.059451103210449
Quezon_City,2026-08-28T00:00:00+00:00,C,C,17.69719123840332,9.25,8.44719123840332
Quezon_City,2026-08-28T00:00:00+00:00,D,C,14.243054389953613,9.25,4.993054389953613
Quezon_City,2026-08-29T00:00:00+00:00,A,A,7.97607946395874,24.045833333333334,16.069753869374594
Quezon_City,2026-08-29T00:00:00+00:00,B,A,10.160356521606445,24.045833333333334,13.885476811726889
Quezon_City,2026-08-29T00:00:00+00:00,C,A,13.62240982055664,24.045833333333334,10.423423512776694
Quezon_City,2026-08-29T00:00:00+00:00,D,A,11.93293285369873,24.045833333333334,12.112900479634604
Quezon_City,2026-08-29T00:00:00+00:00,A,B,7.97607946395874,24.045833333333334,16.069753869374594
Quezon_City,2026-08-29T00:00:00+00:00,B,B,10.160356521606445,24.045833333333334,13.885476811726889
Quezon_City,2026-08-29T00:00:00+00:00,C,B,13.62240982055664,24.045833333333334,10.423423512776694
Quezon_City,2026-08-29T00:00:00+00:00,D,B,11.93293285369873,24.045833333333334,12.112900479634604
Quezon_City,2026-08-29T00:00:00+00:00,A,S,7.97607946395874,24.045833333333334,16.069753869374594
Quezon_City,2026-08-29T00:00:00+00:00,B,S,10.160356521606445,24.045833333333334,13.885476811726889
Quezon_City,2026-08-29T00:00:00+00:00,C,S,13.62240982055664,24.045833333333334,10.423423512776694
Quezon_City,2026-08-29T00:00:00+00:00,D,S,11.93293285369873,24.045833333333334,12.112900479634604
Quezon_City,2026-08-29T00:00:00+00:00,A,C,7.97607946395874,24.045833333333334,16.069753869374594
Quezon_City,2026-08-29T00:00:00+00:00,B,C,10.160356521606445,24.045833333333334,13.885476811726889
Quezon_City,2026-08-29T00:00:00+00:00,C,C,13.62240982055664,24.045833333333334,10.423423512776694
Quezon_City,2026-08-29T00:00:00+00:00,D,C,11.93293285369873,24.045833333333334,12.112900479634604
Quezon_City,2026-08-30T00:00:00+00:00,A,A,28.13933753967285,51.06666666666666,22.92732912699381
Quezon_City,2026-08-30T00:00:00+00:00,B,A,21.4392032623291,51.06666666666666,29.62746340433756
Quezon_City,2026-08-30T00:00:00+00:00,C,A,19.04621124267578,51.06666666666666,32.02045542399088
Quezon_City,2026-08-30T00:00:00+00:00,D,A,23.019506454467773,51.06666666666666,28.04716021219889
Quezon_City,2026-08-30T00:00:00+00:00,A,B,28.13933753967285,51.06666666666666,22.92732912699381
Quezon_City,2026-08-30T00:00:00+00:00,B,B,21.4392032623291,51.06666666666666,29.62746340433756
Quezon_City,2026-08-30T00:00:00+00:00,C,B,19.04621124267578,51.06666666666666,32.02045542399088
Quezon_City,2026-08-30T00:00:00+00:00,D,B,23.019506454467773,51.06666666666666,28.04716021219889
Quezon_City,2026-08-30T00:00:00+00:00,A,S,28.13933753967285,51.06666666666666,22.92732912699381
Quezon_City,2026-08-30T00:00:00+00:00,B,S,21.4392032623291,51.06666666666666,29.62746340433756
Quezon_City,2026-08-30T00:00:00+00:00,C,S,19.04621124267578,51.06666666666666,32.02045542399088
Quezon_City,2026-08-30T00:00:00+00:00,D,S,23.019506454467773,51.06666666666666,28.04716021219889
Quezon_City,2026-08-30T00:00:00+00:00,A,C,28.13933753967285,51.06666666666666,22.92732912699381
Quezon_City,2026-08-30T00:00:00+00:00,B,C,21.4392032623291,51.06666666666666,29.62746340433756
Quezon_City,2026-08-30T00:00:00+00:00,C,C,19.04621124267578,51.06666666666666,32.02045542399088
Quezon_City,2026-08-30T00:00:00+00:00,D,C,23.019506454467773,51.06666666666666,28.04716021219889
Quezon_City,2026-08-31T00:00:00+00:00,A,A,46.26251220703125,84.42916666666667,38.166654459635424
Quezon_City,2026-08-31T00:00:00+00:00,B,A,36.03193664550781,84.42916666666667,48.39723002115886
Quezon_City,2026-08-31T00:00:00+00:00,C,A,36.70988082885742,84.42916666666667,47.71928583780925
Quezon_City,2026-08-31T00:00:00+00:00,D,A,35.10574722290039,84.42916666666667,49.323419443766284
Quezon_City,2026-08-31T00:00:00+00:00,A,B,46.26251220703125,84.42916666666667,38.166654459635424
Quezon_City,2026-08-31T00:00:00+00:00,B,B,36.03193664550781,84.42916666666667,48.39723002115886
Quezon_City,2026-08-31T00:00:00+00:00,C,B,36.70988082885742,84.42916666666667,47.71928583780925
Quezon_City,2026-08-31T00:00:00+00:00,D,B,35.10574722290039,84.42916666666667,49.323419443766284
Quezon_City,2026-08-31T00:00:00+00:00,A,S,46.26251220703125,84.42916666666667,38.166654459635424
Quezon_City,2026-08-31T00:00:00+00:00,B,S,36.03193664550781,84.42916666666667,48.39723002115886
Quezon_City,2026-08-31T00:00:00+00:00,C,S,36.70988082885742,84.42916666666667,47.71928583780925
Quezon_City,2026-08-31T00:00:00+00:00,D,S,35.10574722290039,84.42916666666667,49.323419443766284
Quezon_City,2026-08-31T00:00:00+00:00,A,C,46.26251220703125,84.42916666666667,38.166654459635424
Quezon_City,2026-08-31T00:00:00+00:00,B,C,36.03193664550781,84.42916666666667,48.39723002115886
Quezon_City,2026-08-31T00:00:00+00:00,C,C,36.70988082885742,84.42916666666667,47.71928583780925
Quezon_City,2026-08-31T00:00:00+00:00,D,C,35.10574722290039,84.42916666666667,49.323419443766284
Quezon_City,2026-09-01T00:00:00+00:00,A,A,76.98334503173828,33.7125,43.27084503173828
Quezon_City,2026-09-01T00:00:00+00:00,B,A,54.06376647949219,33.7125,20.35126647949219
Quezon_City,2026-09-01T00:00:00+00:00,C,A,44.65000534057617,33.7125,10.937505340576173
Quezon_City,2026-09-01T00:00:00+00:00,D,A,58.06454086303711,33.7125,24.35204086303711
Quezon_City,2026-09-01T00:00:00+00:00,A,B,76.98334503173828,33.7125,43.27084503173828
Quezon_City,2026-09-01T00:00:00+00:00,B,B,54.06376647949219,33.7125,20.35126647949219
Quezon_City,2026-09-01T00:00:00+00:00,C,B,44.65000534057617,33.7125,10.937505340576173
Quezon_City,2026-09-01T00:00:00+00:00,D,B,58.06454086303711,33.7125,24.35204086303711
Quezon_City,2026-09-01T00:00:00+00:00,A,S,76.98334503173828,33.7125,43.27084503173828
Quezon_City,2026-09-01T00:00:00+00:00,B,S,54.06376647949219,33.7125,20.35126647949219
Quezon_City,2026-09-01T00:00:00+00:00,C,S,44.65000534057617,33.7125,10.937505340576173
Quezon_City,2026-09-01T00:00:00+00:00,D,S,58.06454086303711,33.7125,24.35204086303711
Quezon_City,2026-09-01T00:00:00+00:00,A,C,76.98334503173828,33.7125,43.27084503173828
Quezon_City,2026-09-01T00:00:00+00:00,B,C,54.06376647949219,33.7125,20.35126647949219
Quezon_City,2026-09-01T00:00:00+00:00,C,C,44.65000534057617,33.7125,10.937505340576173
Quezon_City,2026-09-01T00:00:00+00:00,D,C,58.06454086303711,33.7125,24.35204086303711
Quezon_City,2026-09-02T00:00:00+00:00,A,A,40.722225189208984,27.70416666666667,13.018058522542315
Quezon_City,2026-09-02T00:00:00+00:00,B,A,36.4643440246582,27.70416666666667,8.760177357991534
Quezon_City,2026-09-02T00:00:00+00:00,C,A,33.4656982421875,27.70416666666667,5.761531575520831
Quezon_City,2026-09-02T00:00:00+00:00,D,A,34.68668746948242,27.70416666666667,6.982520802815753
Quezon_City,2026-09-02T00:00:00+00:00,A,B,40.722225189208984,27.70416666666667,13.018058522542315
Quezon_City,2026-09-02T00:00:00+00:00,B,B,36.4643440246582,27.70416666666667,8.760177357991534
Quezon_City,2026-09-02T00:00:00+00:00,C,B,33.4656982421875,27.70416666666667,5.761531575520831
Quezon_City,2026-09-02T00:00:00+00:00,D,B,34.68668746948242,27.70416666666667,6.982520802815753
Quezon_City,2026-09-02T00:00:00+00:00,A,S,40.722225189208984,27.70416666666667,13.018058522542315
Quezon_City,2026-09-02T00:00:00+00:00,B,S,36.4643440246582,27.70416666666667,8.760177357991534
Quezon_City,2026-09-02T00:00:00+00:00,C,S,33.4656982421875,27.70416666666667,5.761531575520831
Quezon_City,2026-09-02T00:00:00+00:00,D,S,34.68668746948242,27.70416666666667,6.982520802815753
Quezon_City,2026-09-02T00:00:00+00:00,A,C,40.722225189208984,27.70416666666667,13.018058522542315
Quezon_City,2026-09-02T00:00:00+00:00,B,C,36.4643440246582,27.70416666666667,8.760177357991534
Quezon_City,2026-09-02T00:00:00+00:00,C,C,33.4656982421875,27.70416666666667,5.761531575520831
Quezon_City,2026-09-02T00:00:00+00:00,D,C,34.68668746948242,27.70416666666667,6.982520802815753
Quezon_City,2026-09-03T00:00:00+00:00,A,A,25.550643920898438,12.091666666666667,13.45897725423177
Quezon_City,2026-09-03T00:00:00+00:00,B,A,26.33696746826172,12.091666666666667,14.245300801595052
Quezon_City,2026-09-03T00:00:00+00:00,C,A,28.90435218811035,12.091666666666667,16.812685521443683
Quezon_City,2026-09-03T00:00:00+00:00,D,A,23.389991760253906,12.091666666666667,11.29832509358724
Quezon_City,2026-09-03T00:00:00+00:00,A,B,25.550643920898438,12.091666666666667,13.45897725423177
Quezon_City,2026-09-03T00:00:00+00:00,B,B,26.33696746826172,12.091666666666667,14.245300801595052
Quezon_City,2026-09-03T00:00:00+00:00,C,B,28.90435218811035,12.091666666666667,16.812685521443683
Quezon_City,2026-09-03T00:00:00+00:00,D,B,23.389991760253906,12.091666666666667,11.29832509358724
Quezon_City,2026-09-03T00:00:00+00:00,A,S,25.550643920898438,12.091666666666667,13.45897725423177
Quezon_City,2026-09-03T00:00:00+00:00,B,S,26.33696746826172,12.091666666666667,14.245300801595052
Quezon_City,2026-09-03T00:00:00+00:00,C,S,28.90435218811035,12.091666666666667,16.812685521443683
Quezon_City,2026-09-03T00:00:00+00:00,D,S,23.389991760253906,12.091666666666667,11.29832509358724
Quezon_City,2026-09-03T00:00:00+00:00,A,C,25.550643920898438,12.091666666666667,13.45897725423177
Quezon_City,2026-09-03T00:00:00+00:00,B,C,26.33696746826172,12.091666666666667,14.245300801595052
Quezon_City,2026-09-03T00:00:00+00:00,C,C,28.90435218811035,12.091666666666667,16.812685521443683
Quezon_City,2026-09-03T00:00:00+00:00,D,C,23.389991760253906,12.091666666666667,11.29832509358724
Quezon_City,2026-09-04T00:00:00+00:00,A,A,15.73485279083252,14.35,1.3848527908325199
Quezon_City,2026-09-04T00:00:00+00:00,B,A,14.143811225891113,14.35,0.20618877410888636
Quezon_City,2026-09-04T00:00:00+00:00,C,A,17.030431747436523,14.35,2.680431747436524
Quezon_City,2026-09-04T00:00:00+00:00,D,A,13.7129545211792,14.35,0.6370454788208004
Quezon_City,2026-09-04T00:00:00+00:00,A,B,15.73485279083252,14.35,1.3848527908325199
Quezon_City,2026-09-04T00:00:00+00:00,B,B,14.143811225891113,14.35,0.20618877410888636
Quezon_City,2026-09-04T00:00:00+00:00,C,B,17.030431747436523,14.35,2.680431747436524
Quezon_City,2026-09-04T00:00:00+00:00,D,B,13.7129545211792,14.35,0.6370454788208004
Quezon_City,2026-09-04T00:00:00+00:00,A,S,15.73485279083252,14.35,1.3848527908325199
Quezon_City,2026-09-04T00:00:00+00:00,B,S,14.143811225891113,14.35,0.20618877410888636
Quezon_City,2026-09-04T00:00:00+00:00,C,S,17.030431747436523,14.35,2.680431747436524
Quezon_City,2026-09-04T00:00:00+00:00,D,S,13.7129545211792,14.35,0.6370454788208004
Quezon_City,2026-09-04T00:00:00+00:00,A,C,15.73485279083252,14.35,1.3848527908325199
Quezon_City,2026-09-04T00:00:00+00:00,B,C,14.143811225891113,14.35,0.20618877410888636
Quezon_City,2026-09-04T00:00:00+00:00,C,C,17.030431747436523,14.35,2.680431747436524
Quezon_City,2026-09-04T00:00:00+00:00,D,C,13.7129545211792,14.35,0.6370454788208004
Quezon_City,2026-09-05T00:00:00+00:00,A,A,14.29948902130127,13.204166666666666,1.0953223546346038
Quezon_City,2026-09-05T00:00:00+00:00,B,A,16.123193740844727,13.204166666666666,2.919027074178061
Quezon_City,2026-09-05T00:00:00+00:00,C,A,16.028356552124023,13.204166666666666,2.8241898854573577
Quezon_City,2026-09-05T00:00:00+00:00,D,A,17.718416213989258,13.204166666666666,4.514249547322592
Quezon_City,2026-09-05T00:00:00+00:00,A,B,14.29948902130127,13.204166666666666,1.0953223546346038
Quezon_City,2026-09-05T00:00:00+00:00,B,B,16.123193740844727,13.204166666666666,2.919027074178061
Quezon_City,2026-09-05T00:00:00+00:00,C,B,16.028356552124023,13.204166666666666,2.8241898854573577
Quezon_City,2026-09-05T00:00:00+00:00,D,B,17.718416213989258,13.204166666666666,4.514249547322592
Quezon_City,2026-09-05T00:00:00+00:00,A,S,14.29948902130127,13.204166666666666,1.0953223546346038
Quezon_City,2026-09-05T00:00:00+00:00,B,S,16.123193740844727,13.204166666666666,2.919027074178061
Quezon_City,2026-09-05T00:00:00+00:00,C,S,16.028356552124023,13.204166666666666,2.8241898854573577
Quezon_City,2026-09-05T00:00:00+00:00,D,S,17.718416213989258,13.204166666666666,4.514249547322592
Quezon_City,2026-09-05T00:00:00+00:00,A,C,14.29948902130127,13.204166666666666,1.0953223546346038
Quezon_City,2026-09-05T00:00:00+00:00,B,C,16.123193740844727,13.204166666666666,2.919027074178061
Quezon_City,2026-09-05T00:00:00+00:00,C,C,16.028356552124023,13.204166666666666,2.8241898854573577
Quezon_City,2026-09-05T00:00:00+00:00,D,C,17.718416213989258,13.204166666666666,4.514249547322592
Quezon_City,2026-09-06T00:00:00+00:00,A,A,16.48955535888672,9.745833333333334,6.743722025553385
Quezon_City,2026-09-06T00:00:00+00:00,B,A,13.118531227111816,9.745833333333334,3.372697893778483
Quezon_City,2026-09-06T00:00:00+00:00,C,A,15.362922668457031,9.745833333333334,5.617089335123698
Quezon_City,2026-09-06T00:00:00+00:00,D,A,17.15398406982422,9.745833333333334,7.408150736490885
Quezon_City,2026-09-06T00:00:00+00:00,A,B,16.48955535888672,9.745833333333334,6.743722025553385
Quezon_City,2026-09-06T00:00:00+00:00,B,B,13.118531227111816,9.745833333333334,3.372697893778483
Quezon_City,2026-09-06T00:00:00+00:00,C,B,15.362922668457031,9.745833333333334,5.617089335123698
Quezon_City,2026-09-06T00:00:00+00:00,D,B,17.15398406982422,9.745833333333334,7.408150736490885
Quezon_City,2026-09-06T00:00:00+00:00,A,S,16.48955535888672,9.745833333333334,6.743722025553385
Quezon_City,2026-09-06T00:00:00+00:00,B,S,13.118531227111816,9.745833333333334,3.372697893778483
Quezon_City,2026-09-06T00:00:00+00:00,C,S,15.362922668457031,9.745833333333334,5.617089335123698
Quezon_City,2026-09-06T00:00:00+00:00,D,S,17.15398406982422,9.745833333333334,7.408150736490885
Quezon_City,2026-09-06T00:00:00+00:00,A,C,16.48955535888672,9.745833333333334,6.743722025553385
Quezon_City,2026-09-06T00:00:00+00:00,B,C,13.118531227111816,9.745833333333334,3.372697893778483
Quezon_City,2026-09-06T00:00:00+00:00,C,C,15.362922668457031,9.745833333333334,5.617089335123698
Quezon_City,2026-09-06T00:00:00+00:00,D,C,17.15398406982422,9.745833333333334,7.408150736490885
Quezon_City,2026-09-07T00:00:00+00:00,A,A,20.389667510986328,24.970833333333335,4.581165822347007
Quezon_City,2026-09-07T00:00:00+00:00,B,A,18.604978561401367,24.970833333333335,6.365854771931968
Quezon_City,2026-09-07T00:00:00+00:00,C,A,14.99844741821289,24.970833333333335,9.972385915120444
Quezon_City,2026-09-07T00:00:00+00:00,D,A,18.276365280151367,24.970833333333335,6.694468053181968
Quezon_City,2026-09-07T00:00:00+00:00,A,B,20.389667510986328,24.970833333333335,4.581165822347007
Quezon_City,2026-09-07T00:00:00+00:00,B,B,18.604978561401367,24.970833333333335,6.365854771931968
Quezon_City,2026-09-07T00:00:00+00:00,C,B,14.99844741821289,24.970833333333335,9.972385915120444
Quezon_City,2026-09-07T00:00:00+00:00,D,B,18.276365280151367,24.970833333333335,6.694468053181968
Quezon_City,2026-09-07T00:00:00+00:00,A,S,20.389667510986328,24.970833333333335,4.581165822347007
Quezon_City,2026-09-07T00:00:00+00:00,B,S,18.604978561401367,24.970833333333335,6.365854771931968
Quezon_City,2026-09-07T00:00:00+00:00,C,S,14.99844741821289,24.970833333333335,9.972385915120444
Quezon_City,2026-09-07T00:00:00+00:00,D,S,18.276365280151367,24.970833333333335,6.694468053181968
Quezon_City,2026-09-07T00:00:00+00:00,A,C,20.389667510986328,24.970833333333335,4.581165822347007
Quezon_City,2026-09-07T00:00:00+00:00,B,C,18.604978561401367,24.970833333333335,6.365854771931968
Quezon_City,2026-09-07T00:00:00+00:00,C,C,14.99844741821289,24.970833333333335,9.972385915120444
Quezon_City,2026-09-07T00:00:00+00:00,D,C,18.276365280151367,24.970833333333335,6.694468053181968
Quezon_City,2026-09-08T00:00:00+00:00,A,A,26.279874801635742,16.266666666666666,10.013208134969076
Quezon_City,2026-09-08T00:00:00+00:00,B,A,15.48055362701416,16.266666666666666,0.7861130396525056
Quezon_City,2026-09-08T00:00:00+00:00,C,A,27.827856063842773,16.266666666666666,11.561189397176108
Quezon_City,2026-09-08T00:00:00+00:00,D,A,25.753387451171875,16.266666666666666,9.48672078450521
Quezon_City,2026-09-08T00:00:00+00:00,A,B,26.279874801635742,16.266666666666666,10.013208134969076
Quezon_City,2026-09-08T00:00:00+00:00,B,B,15.48055362701416,16.266666666666666,0.7861130396525056
Quezon_City,2026-09-08T00:00:00+00:00,C,B,27.827856063842773,16.266666666666666,11.561189397176108
Quezon_City,2026-09-08T00:00:00+00:00,D,B,25.753387451171875,16.266666666666666,9.48672078450521
Quezon_City,2026-09-08T00:00:00+00:00,A,S,26.279874801635742,16.266666666666666,10.013208134969076
Quezon_City,2026-09-08T00:00:00+00:00,B,S,15.48055362701416,16.266666666666666,0.7861130396525056
Quezon_City,2026-09-08T00:00:00+00:00,C,S,27.827856063842773,16.266666666666666,11.561189397176108
Quezon_City,2026-09-08T00:00:00+00:00,D,S,25.753387451171875,16.266666666666666,9.48672078450521
Quezon_City,2026-09-08T00:00:00+00:00,A,C,26.279874801635742,16.266666666666666,10.013208134969076
Quezon_City,2026-09-08T00:00:00+00:00,B,C,15.48055362701416,16.266666666666666,0.7861130396525056
Quezon_City,2026-09-08T00:00:00+00:00,C,C,27.827856063842773,16.266666666666666,11.561189397176108
Quezon_City,2026-09-08T00:00:00+00:00,D,C,25.753387451171875,16.266666666666666,9.48672078450521
Quezon_City,2026-09-09T00:00:00+00:00,A,A,19.492040634155273,12.6625,6.829540634155274
Quezon_City,2026-09-09T00:00:00+00:00,B,A,15.136737823486328,12.6625,2.4742378234863285
Quezon_City,2026-09-09T00:00:00+00:00,C,A,19.351404190063477,12.6625,6.688904190063477
Quezon_City,2026-09-09T00:00:00+00:00,D,A,21.774988174438477,12.6625,9.112488174438477
Quezon_City,2026-09-09T00:00:00+00:00,A,B,19.492040634155273,12.6625,6.829540634155274
Quezon_City,2026-09-09T00:00:00+00:00,B,B,15.136737823486328,12.6625,2.4742378234863285
Quezon_City,2026-09-09T00:00:00+00:00,C,B,19.351404190063477,12.6625,6.688904190063477
Quezon_City,2026-09-09T00:00:00+00:00,D,B,21.774988174438477,12.6625,9.112488174438477
Quezon_City,2026-09-09T00:00:00+00:00,A,S,19.492040634155273,12.6625,6.829540634155274
Quezon_City,2026-09-09T00:00:00+00:00,B,S,15.136737823486328,12.6625,2.4742378234863285
Quezon_City,2026-09-09T00:00:00+00:00,C,S,19.351404190063477,12.6625,6.688904190063477
Quezon_City,2026-09-09T00:00:00+00:00,D,S,21.774988174438477,12.6625,9.112488174438477
Quezon_City,2026-09-09T00:00:00+00:00,A,C,19.492040634155273,12.6625,6.829540634155274
Quezon_City,2026-09-09T00:00:00+00:00,B,C,15.136737823486328,12.6625,2.4742378234863285
Quezon_City,2026-09-09T00:00:00+00:00,C,C,19.351404190063477,12.6625,6.688904190063477
Quezon_City,2026-09-09T00:00:00+00:00,D,C,21.774988174438477,12.6625,9.112488174438477
Quezon_City,2026-09-10T00:00:00+00:00,A,A,16.170669555664062,18.979166666666668,2.8084971110026054
Quezon_City,2026-09-10T00:00:00+00:00,B,A,10.32199764251709,18.979166666666668,8.657169024149578
Quezon_City,2026-09-10T00:00:00+00:00,C,A,14.530521392822266,18.979166666666668,4.448645273844402
Quezon_City,2026-09-10T00:00:00+00:00,D,A,17.19034767150879,18.979166666666668,1.7888189951578788
Quezon_City,2026-09-10T00:00:00+00:00,A,B,16.170669555664062,18.979166666666668,2.8084971110026054
Quezon_City,2026-09-10T00:00:00+00:00,B,B,10.32199764251709,18.979166666666668,8.657169024149578
Quezon_City,2026-09-10T00:00:00+00:00,C,B,14.530521392822266,18.979166666666668,4.448645273844402
Quezon_City,2026-09-10T00:00:00+00:00,D,B,17.19034767150879,18.979166666666668,1.7888189951578788
Quezon_City,2026-09-10T00:00:00+00:00,A,S,16.170669555664062,18.979166666666668,2.8084971110026054
Quezon_City,2026-09-10T00:00:00+00:00,B,S,10.32199764251709,18.979166666666668,8.657169024149578
Quezon_City,2026-09-10T00:00:00+00:00,C,S,14.530521392822266,18.979166666666668,4.448645273844402
Quezon_City,2026-09-10T00:00:00+00:00,D,S,17.19034767150879,18.979166666666668,1.7888189951578788
Quezon_City,2026-09-10T00:00:00+00:00,A,C,16.170669555664062,18.979166666666668,2.8084971110026054
Quezon_City,2026-09-10T00:00:00+00:00,B,C,10.32199764251709,18.979166666666668,8.657169024149578
Quezon_City,2026-09-10T00:00:00+00:00,C,C,14.530521392822266,18.979166666666668,4.448645273844402
Quezon_City,2026-09-10T00:00:00+00:00,D,C,17.19034767150879,18.979166666666668,1.7888189951578788
Quezon_City,2026-09-11T00:00:00+00:00,A,A,16.961278915405273,32.958333333333336,15.997054417928062
Quezon_City,2026-09-11T00:00:00+00:00,B,A,11.875450134277344,32.958333333333336,21.082883199055992
Quezon_City,2026-09-11T00:00:00+00:00,C,A,17.74302864074707,32.958333333333336,15.215304692586265
Quezon_City,2026-09-11T00:00:00+00:00,D,A,16.50005531311035,32.958333333333336,16.458278020222984
Quezon_City,2026-09-11T00:00:00+00:00,A,B,16.961278915405273,32.958333333333336,15.997054417928062
Quezon_City,2026-09-11T00:00:00+00:00,B,B,11.875450134277344,32.958333333333336,21.082883199055992
Quezon_City,2026-09-11T00:00:00+00:00,C,B,17.74302864074707,32.958333333333336,15.215304692586265
Quezon_City,2026-09-11T00:00:00+00:00,D,B,16.50005531311035,32.958333333333336,16.458278020222984
Quezon_City,2026-09-11T00:00:00+00:00,A,S,16.961278915405273,32.958333333333336,15.997054417928062
Quezon_City,2026-09-11T00:00:00+00:00,B,S,11.875450134277344,32.958333333333336,21.082883199055992
Quezon_City,2026-09-11T00:00:00+00:00,C,S,17.74302864074707,32.958333333333336,15.215304692586265
Quezon_City,2026-09-11T00:00:00+00:00,D,S,16.50005531311035,32.958333333333336,16.458278020222984
Quezon_City,2026-09-11T00:00:00+00:00,A,C,16.961278915405273,32.958333333333336,15.997054417928062
Quezon_City,2026-09-11T00:00:00+00:00,B,C,11.875450134277344,32.958333333333336,21.082883199055992
Quezon_City,2026-09-11T00:00:00+00:00,C,C,17.74302864074707,32.958333333333336,15.215304692586265
Quezon_City,2026-09-11T00:00:00+00:00,D,C,16.50005531311035,32.958333333333336,16.458278020222984
Quezon_City,2026-09-12T00:00:00+00:00,A,A,32.61953353881836,30.32916666666667,2.29036687215169
Quezon_City,2026-09-12T00:00:00+00:00,B,A,27.553131103515625,30.32916666666667,2.7760355631510443
Quezon_City,2026-09-12T00:00:00+00:00,C,A,27.548364639282227,30.32916666666667,2.7808020273844427
Quezon_City,2026-09-12T00:00:00+00:00,D,A,26.40561866760254,30.32916666666667,3.92354799906413
Quezon_City,2026-09-12T00:00:00+00:00,A,B,32.61953353881836,30.32916666666667,2.29036687215169
Quezon_City,2026-09-12T00:00:00+00:00,B,B,27.553131103515625,30.32916666666667,2.7760355631510443
Quezon_City,2026-09-12T00:00:00+00:00,C,B,27.548364639282227,30.32916666666667,2.7808020273844427
Quezon_City,2026-09-12T00:00:00+00:00,D,B,26.40561866760254,30.32916666666667,3.92354799906413
Quezon_City,2026-09-12T00:00:00+00:00,A,S,32.61953353881836,30.32916666666667,2.29036687215169
Quezon_City,2026-09-12T00:00:00+00:00,B,S,27.553131103515625,30.32916666666667,2.7760355631510443
Quezon_City,2026-09-12T00:00:00+00:00,C,S,27.548364639282227,30.32916666666667,2.7808020273844427
Quezon_City,2026-09-12T00:00:00+00:00,D,S,26.40561866760254,30.32916666666667,3.92354799906413
Quezon_City,2026-09-12T00:00:00+00:00,A,C,32.61953353881836,30.32916666666667,2.29036687215169
Quezon_City,2026-09-12T00:00:00+00:00,B,C,27.553131103515625,30.32916666666667,2.7760355631510443
Quezon_City,2026-09-12T00:00:00+00:00,C,C,27.548364639282227,30.32916666666667,2.7808020273844427
Quezon_City,2026-09-12T00:00:00+00:00,D,C,26.40561866760254,30.32916666666667,3.92354799906413
Quezon_City,2026-09-13T00:00:00+00:00,A,A,21.104047775268555,11.441666666666668,9.662381108601886
Quezon_City,2026-09-13T00:00:00+00:00,B,A,21.029827117919922,11.441666666666668,9.588160451253254
Quezon_City,2026-09-13T00:00:00+00:00,C,A,21.552278518676758,11.441666666666668,10.11061185201009
Quezon_City,2026-09-13T00:00:00+00:00,D,A,22.34423065185547,11.441666666666668,10.9025639851888
Quezon_City,2026-09-13T00:00:00+00:00,A,B,21.104047775268555,11.441666666666668,9.662381108601886
Quezon_City,2026-09-13T00:00:00+00:00,B,B,21.029827117919922,11.441666666666668,9.588160451253254
Quezon_City,2026-09-13T00:00:00+00:00,C,B,21.552278518676758,11.441666666666668,10.11061185201009
Quezon_City,2026-09-13T00:00:00+00:00,D,B,22.34423065185547,11.441666666666668,10.9025639851888
Quezon_City,2026-09-13T00:00:00+00:00,A,S,21.104047775268555,11.441666666666668,9.662381108601886
Quezon_City,2026-09-13T00:00:00+00:00,B,S,21.029827117919922,11.441666666666668,9.588160451253254
Quezon_City,2026-09-13T00:00:00+00:00,C,S,21.552278518676758,11.441666666666668,10.11061185201009
Quezon_City,2026-09-13T00:00:00+00:00,D,S,22.34423065185547,11.441666666666668,10.9025639851888
Quezon_City,2026-09-13T00:00:00+00:00,A,C,21.104047775268555,11.441666666666668,9.662381108601886
Quezon_City,2026-09-13T00:00:00+00:00,B,C,21.029827117919922,11.441666666666668,9.588160451253254
Quezon_City,2026-09-13T00:00:00+00:00,C,C,21.552278518676758,11.441666666666668,10.11061185201009
Quezon_City,2026-09-13T00:00:00+00:00,D,C,22.34423065185547,11.441666666666668,10.9025639851888
Quezon_City,2026-09-14T00:00:00+00:00,A,A,22.623626708984375,25.579166666666666,2.9555399576822907
Quezon_City,2026-09-14T00:00:00+00:00,B,A,13.976661682128906,25.579166666666666,11.60250498453776
Quezon_City,2026-09-14T00:00:00+00:00,C,A,25.94830894470215,25.579166666666666,0.3691422780354827
Quezon_City,2026-09-14T00:00:00+00:00,D,A,17.79979133605957,25.579166666666666,7.779375330607095
Quezon_City,2026-09-14T00:00:00+00:00,A,B,22.623626708984375,25.579166666666666,2.9555399576822907
Quezon_City,2026-09-14T00:00:00+00:00,B,B,13.976661682128906,25.579166666666666,11.60250498453776
Quezon_City,2026-09-14T00:00:00+00:00,C,B,25.94830894470215,25.579166666666666,0.3691422780354827
Quezon_City,2026-09-14T00:00:00+00:00,D,B,17.79979133605957,25.579166666666666,7.779375330607095
Quezon_City,2026-09-14T00:00:00+00:00,A,S,22.623626708984375,25.579166666666666,2.9555399576822907
Quezon_City,2026-09-14T00:00:00+00:00,B,S,13.976661682128906,25.579166666666666,11.60250498453776
Quezon_City,2026-09-14T00:00:00+00:00,C,S,25.94830894470215,25.579166666666666,0.3691422780354827
Quezon_City,2026-09-14T00:00:00+00:00,D,S,17.79979133605957,25.579166666666666,7.779375330607095
Quezon_City,2026-09-14T00:00:00+00:00,A,C,22.623626708984375,25.579166666666666,2.9555399576822907
Quezon_City,2026-09-14T00:00:00+00:00,B,C,13.976661682128906,25.579166666666666,11.60250498453776
Quezon_City,2026-09-14T00:00:00+00:00,C,C,25.94830894470215,25.579166666666666,0.3691422780354827
Quezon_City,2026-09-14T00:00:00+00:00,D,C,17.79979133605957,25.579166666666666,7.779375330607095
Quezon_City,2026-09-15T00:00:00+00:00,A,A,22.27909278869629,38.0,15.720907211303711
Quezon_City,2026-09-15T00:00:00+00:00,B,A,19.4388427734375,38.0,18.5611572265625
Quezon_City,2026-09-15T00:00:00+00:00,C,A,21.294099807739258,38.0,16.705900192260742
Quezon_City,2026-09-15T00:00:00+00:00,D,A,23.762067794799805,38.0,14.237932205200195
Quezon_City,2026-09-15T00:00:00+00:00,A,B,22.27909278869629,38.0,15.720907211303711
Quezon_City,2026-09-15T00:00:00+00:00,B,B,19.4388427734375,38.0,18.5611572265625
Quezon_City,2026-09-15T00:00:00+00:00,C,B,21.294099807739258,38.0,16.705900192260742
Quezon_City,2026-09-15T00:00:00+00:00,D,B,23.762067794799805,38.0,14.237932205200195
Quezon_City,2026-09-15T00:00:00+00:00,A,S,22.27909278869629,38.0,15.720907211303711
Quezon_City,2026-09-15T00:00:00+00:00,B,S,19.4388427734375,38.0,18.5611572265625
Quezon_City,2026-09-15T00:00:00+00:00,C,S,21.294099807739258,38.0,16.705900192260742
Quezon_City,2026-09-15T00:00:00+00:00,D,S,23.762067794799805,38.0,14.237932205200195
Quezon_City,2026-09-15T00:00:00+00:00,A,C,22.27909278869629,38.0,15.720907211303711
Quezon_City,2026-09-15T00:00:00+00:00,B,C,19.4388427734375,38.0,18.5611572265625
Quezon_City,2026-09-15T00:00:00+00:00,C,C,21.294099807739258,38.0,16.705900192260742
Quezon_City,2026-09-15T00:00:00+00:00,D,C,23.762067794799805,38.0,14.237932205200195
Quezon_City,2026-09-16T00:00:00+00:00,A,A,30.64899253845215,20.6375,10.01149253845215
Quezon_City,2026-09-16T00:00:00+00:00,B,A,24.297805786132812,20.6375,3.660305786132813
Quezon_City,2026-09-16T00:00:00+00:00,C,A,32.30726623535156,20.6375,11.669766235351563
Quezon_City,2026-09-16T00:00:00+00:00,D,A,30.297821044921875,20.6375,9.660321044921876
Quezon_City,2026-09-16T00:00:00+00:00,A,B,30.64899253845215,20.6375,10.01149253845215
Quezon_City,2026-09-16T00:00:00+00:00,B,B,24.297805786132812,20.6375,3.660305786132813
Quezon_City,2026-09-16T00:00:00+00:00,C,B,32.30726623535156,20.6375,11.669766235351563
Quezon_City,2026-09-16T00:00:00+00:00,D,B,30.297821044921875,20.6375,9.660321044921876
Quezon_City,2026-09-16T00:00:00+00:00,A,S,30.64899253845215,20.6375,10.01149253845215
Quezon_City,2026-09-16T00:00:00+00:00,B,S,24.297805786132812,20.6375,3.660305786132813
Quezon_City,2026-09-16T00:00:00+00:00,C,S,32.30726623535156,20.6375,11.669766235351563
Quezon_City,2026-09-16T00:00:00+00:00,D,S,30.297821044921875,20.6375,9.660321044921876
Quezon_City,2026-09-16T00:00:00+00:00,A,C,30.64899253845215,20.6375,10.01149253845215
Quezon_City,2026-09-16T00:00:00+00:00,B,C,24.297805786132812,20.6375,3.660305786132813
Quezon_City,2026-09-16T00:00:00+00:00,C,C,32.30726623535156,20.6375,11.669766235351563
Quezon_City,2026-09-16T00:00:00+00:00,D,C,30.297821044921875,20.6375,9.660321044921876
Quezon_City,2026-09-17T00:00:00+00:00,A,A,22.318443298339844,26.675,4.356556701660157
Quezon_City,2026-09-17T00:00:00+00:00,B,A,19.11604118347168,26.675,7.558958816528321
Quezon_City,2026-09-17T00:00:00+00:00,C,A,24.544189453125,26.675,2.1308105468750007
Quezon_City,2026-09-17T00:00:00+00:00,D,A,22.887182235717773,26.675,3.7878177642822273
Quezon_City,2026-09-17T00:00:00+00:00,A,B,22.318443298339844,26.675,4.356556701660157
Quezon_City,2026-09-17T00:00:00+00:00,B,B,19.11604118347168,26.675,7.558958816528321
Quezon_City,2026-09-17T00:00:00+00:00,C,B,24.544189453125,26.675,2.1308105468750007
Quezon_City,2026-09-17T00:00:00+00:00,D,B,22.887182235717773,26.675,3.7878177642822273
Quezon_City,2026-09-17T00:00:00+00:00,A,S,22.318443298339844,26.675,4.356556701660157
Quezon_City,2026-09-17T00:00:00+00:00,B,S,19.11604118347168,26.675,7.558958816528321
Quezon_City,2026-09-17T00:00:00+00:00,C,S,24.544189453125,26.675,2.1308105468750007
Quezon_City,2026-09-17T00:00:00+00:00,D,S,22.887182235717773,26.675,3.7878177642822273
Quezon_City,2026-09-17T00:00:00+00:00,A,C,22.318443298339844,26.675,4.356556701660157
Quezon_City,2026-09-17T00:00:00+00:00,B,C,19.11604118347168,26.675,7.558958816528321
Quezon_City,2026-09-17T00:00:00+00:00,C,C,24.544189453125,26.675,2.1308105468750007
Quezon_City,2026-09-17T00:00:00+00:00,D,C,22.887182235717773,26.675,3.7878177642822273
Quezon_City,2026-09-18T00:00:00+00:00,A,A,20.669151306152344,27.504166666666666,6.835015360514323
Quezon_City,2026-09-18T00:00:00+00:00,B,A,17.87629508972168,27.504166666666666,9.627871576944987
Quezon_City,2026-09-18T00:00:00+00:00,C,A,20.627439498901367,27.504166666666666,6.876727167765299
Quezon_City,2026-09-18T00:00:00+00:00,D,A,24.617538452148438,27.504166666666666,2.886628214518229
Quezon_City,2026-09-18T00:00:00+00:00,A,B,20.669151306152344,27.504166666666666,6.835015360514323
Quezon_City,2026-09-18T00:00:00+00:00,B,B,17.87629508972168,27.504166666666666,9.627871576944987
Quezon_City,2026-09-18T00:00:00+00:00,C,B,20.627439498901367,27.504166666666666,6.876727167765299
Quezon_City,2026-09-18T00:00:00+00:00,D,B,24.617538452148438,27.504166666666666,2.886628214518229
Quezon_City,2026-09-18T00:00:00+00:00,A,S,20.669151306152344,27.504166666666666,6.835015360514323
Quezon_City,2026-09-18T00:00:00+00:00,B,S,17.87629508972168,27.504166666666666,9.627871576944987
Quezon_City,2026-09-18T00:00:00+00:00,C,S,20.627439498901367,27.504166666666666,6.876727167765299
Quezon_City,2026-09-18T00:00:00+00:00,D,S,24.617538452148438,27.504166666666666,2.886628214518229
Quezon_City,2026-09-18T00:00:00+00:00,A,C,20.669151306152344,27.504166666666666,6.835015360514323
Quezon_City,2026-09-18T00:00:00+00:00,B,C,17.87629508972168,27.504166666666666,9.627871576944987
Quezon_City,2026-09-18T00:00:00+00:00,C,C,20.627439498901367,27.504166666666666,6.876727167765299
Quezon_City,2026-09-18T00:00:00+00:00,D,C,24.617538452148438,27.504166666666666,2.886628214518229
Quezon_City,2026-09-19T00:00:00+00:00,A,A,22.657873153686523,24.166666666666668,1.5087935129801444
Quezon_City,2026-09-19T00:00:00+00:00,B,A,21.99544334411621,24.166666666666668,2.171223322550457
Quezon_City,2026-09-19T00:00:00+00:00,C,A,20.755250930786133,24.166666666666668,3.411415735880535
Quezon_City,2026-09-19T00:00:00+00:00,D,A,21.26740074157715,24.166666666666668,2.8992659250895194
Quezon_City,2026-09-19T00:00:00+00:00,A,B,22.657873153686523,24.166666666666668,1.5087935129801444
Quezon_City,2026-09-19T00:00:00+00:00,B,B,21.99544334411621,24.166666666666668,2.171223322550457
Quezon_City,2026-09-19T00:00:00+00:00,C,B,20.755250930786133,24.166666666666668,3.411415735880535
Quezon_City,2026-09-19T00:00:00+00:00,D,B,21.26740074157715,24.166666666666668,2.8992659250895194
Quezon_City,2026-09-19T00:00:00+00:00,A,S,22.657873153686523,24.166666666666668,1.5087935129801444
Quezon_City,2026-09-19T00:00:00+00:00,B,S,21.99544334411621,24.166666666666668,2.171223322550457
Quezon_City,2026-09-19T00:00:00+00:00,C,S,20.755250930786133,24.166666666666668,3.411415735880535
Quezon_City,2026-09-19T00:00:00+00:00,D,S,21.26740074157715,24.166666666666668,2.8992659250895194
Quezon_City,2026-09-19T00:00:00+00:00,A,C,22.657873153686523,24.166666666666668,1.5087935129801444
Quezon_City,2026-09-19T00:00:00+00:00,B,C,21.99544334411621,24.166666666666668,2.171223322550457
Quezon_City,2026-09-19T00:00:00+00:00,C,C,20.755250930786133,24.166666666666668,3.411415735880535
Quezon_City,2026-09-19T00:00:00+00:00,D,C,21.26740074157715,24.166666666666668,2.8992659250895194
Quezon_City,2026-09-20T00:00:00+00:00,A,A,24.600570678710938,20.145833333333332,4.454737345377605
Quezon_City,2026-09-20T00:00:00+00:00,B,A,21.62328338623047,20.145833333333332,1.4774500528971366
Quezon_City,2026-09-20T00:00:00+00:00,C,A,25.24678611755371,20.145833333333332,5.100952784220379
Quezon_City,2026-09-20T00:00:00+00:00,D,A,24.210927963256836,20.145833333333332,4.065094629923504
Quezon_City,2026-09-20T00:00:00+00:00,A,B,24.600570678710938,20.145833333333332,4.454737345377605
Quezon_City,2026-09-20T00:00:00+00:00,B,B,21.62328338623047,20.145833333333332,1.4774500528971366
Quezon_City,2026-09-20T00:00:00+00:00,C,B,25.24678611755371,20.145833333333332,5.100952784220379
Quezon_City,2026-09-20T00:00:00+00:00,D,B,24.210927963256836,20.145833333333332,4.065094629923504
Quezon_City,2026-09-20T00:00:00+00:00,A,S,24.600570678710938,20.145833333333332,4.454737345377605
Quezon_City,2026-09-20T00:00:00+00:00,B,S,21.62328338623047,20.145833333333332,1.4774500528971366
Quezon_City,2026-09-20T00:00:00+00:00,C,S,25.24678611755371,20.145833333333332,5.100952784220379
Quezon_City,2026-09-20T00:00:00+00:00,D,S,24.210927963256836,20.145833333333332,4.065094629923504
Quezon_City,2026-09-20T00:00:00+00:00,A,C,24.600570678710938,20.145833333333332,4.454737345377605
Quezon_City,2026-09-20T00:00:00+00:00,B,C,21.62328338623047,20.145833333333332,1.4774500528971366
Quezon_City,2026-09-20T00:00:00+00:00,C,C,25.24678611755371,20.145833333333332,5.100952784220379
Quezon_City,2026-09-20T00:00:00+00:00,D,C,24.210927963256836,20.145833333333332,4.065094629923504
Quezon_City,2026-09-21T00:00:00+00:00,A,A,21.41993522644043,17.46666666666667,3.953268559773761
Quezon_City,2026-09-21T00:00:00+00:00,B,A,25.38562774658203,17.46666666666667,7.918961079915363
Quezon_City,2026-09-21T00:00:00+00:00,C,A,22.3226318359375,17.46666666666667,4.855965169270831
Quezon_City,2026-09-21T00:00:00+00:00,D,A,23.12847328186035,17.46666666666667,5.661806615193683
Quezon_City,2026-09-21T00:00:00+00:00,A,B,21.41993522644043,17.46666666666667,3.953268559773761
Quezon_City,2026-09-21T00:00:00+00:00,B,B,25.38562774658203,17.46666666666667,7.918961079915363
Quezon_City,2026-09-21T00:00:00+00:00,C,B,22.3226318359375,17.46666666666667,4.855965169270831
Quezon_City,2026-09-21T00:00:00+00:00,D,B,23.12847328186035,17.46666666666667,5.661806615193683
Quezon_City,2026-09-21T00:00:00+00:00,A,S,21.41993522644043,17.46666666666667,3.953268559773761
Quezon_City,2026-09-21T00:00:00+00:00,B,S,25.38562774658203,17.46666666666667,7.918961079915363
Quezon_City,2026-09-21T00:00:00+00:00,C,S,22.3226318359375,17.46666666666667,4.855965169270831
Quezon_City,2026-09-21T00:00:00+00:00,D,S,23.12847328186035,17.46666666666667,5.661806615193683
Quezon_City,2026-09-21T00:00:00+00:00,A,C,21.41993522644043,17.46666666666667,3.953268559773761
Quezon_City,2026-09-21T00:00:00+00:00,B,C,25.38562774658203,17.46666666666667,7.918961079915363
Quezon_City,2026-09-21T00:00:00+00:00,C,C,22.3226318359375,17.46666666666667,4.855965169270831
Quezon_City,2026-09-21T00:00:00+00:00,D,C,23.12847328186035,17.46666666666667,5.661806615193683
Quezon_City,2026-09-22T00:00:00+00:00,A,A,18.096773147583008,32.01666666666667,13.919893519083665
Quezon_City,2026-09-22T00:00:00+00:00,B,A,15.344145774841309,32.01666666666667,16.672520891825364
Quezon_City,2026-09-22T00:00:00+00:00,C,A,17.587112426757812,32.01666666666667,14.42955423990886
Quezon_City,2026-09-22T00:00:00+00:00,D,A,20.245893478393555,32.01666666666667,11.770773188273118
Quezon_City,2026-09-22T00:00:00+00:00,A,B,18.096773147583008,32.01666666666667,13.919893519083665
Quezon_City,2026-09-22T00:00:00+00:00,B,B,15.344145774841309,32.01666666666667,16.672520891825364
Quezon_City,2026-09-22T00:00:00+00:00,C,B,17.587112426757812,32.01666666666667,14.42955423990886
Quezon_City,2026-09-22T00:00:00+00:00,D,B,20.245893478393555,32.01666666666667,11.770773188273118
Quezon_City,2026-09-22T00:00:00+00:00,A,S,18.096773147583008,32.01666666666667,13.919893519083665
Quezon_City,2026-09-22T00:00:00+00:00,B,S,15.344145774841309,32.01666666666667,16.672520891825364
Quezon_City,2026-09-22T00:00:00+00:00,C,S,17.587112426757812,32.01666666666667,14.42955423990886
Quezon_City,2026-09-22T00:00:00+00:00,D,S,20.245893478393555,32.01666666666667,11.770773188273118
Quezon_City,2026-09-22T00:00:00+00:00,A,C,18.096773147583008,32.01666666666667,13.919893519083665
Quezon_City,2026-09-22T00:00:00+00:00,B,C,15.344145774841309,32.01666666666667,16.672520891825364
Quezon_City,2026-09-22T00:00:00+00:00,C,C,17.587112426757812,32.01666666666667,14.42955423990886
Quezon_City,2026-09-22T00:00:00+00:00,D,C,20.245893478393555,32.01666666666667,11.770773188273118
Quezon_City,2026-09-23T00:00:00+00:00,A,A,25.82776641845703,30.72083333333333,4.8930669148763
Quezon_City,2026-09-23T00:00:00+00:00,B,A,21.969253540039062,30.72083333333333,8.751579793294269
Quezon_City,2026-09-23T00:00:00+00:00,C,A,25.50813102722168,30.72083333333333,5.212702306111652
Quezon_City,2026-09-23T00:00:00+00:00,D,A,28.096216201782227,30.72083333333333,2.624617131551105
Quezon_City,2026-09-23T00:00:00+00:00,A,B,25.82776641845703,30.72083333333333,4.8930669148763
Quezon_City,2026-09-23T00:00:00+00:00,B,B,21.969253540039062,30.72083333333333,8.751579793294269
Quezon_City,2026-09-23T00:00:00+00:00,C,B,25.50813102722168,30.72083333333333,5.212702306111652
Quezon_City,2026-09-23T00:00:00+00:00,D,B,28.096216201782227,30.72083333333333,2.624617131551105
Quezon_City,2026-09-23T00:00:00+00:00,A,S,25.82776641845703,30.72083333333333,4.8930669148763
Quezon_City,2026-09-23T00:00:00+00:00,B,S,21.969253540039062,30.72083333333333,8.751579793294269
Quezon_City,2026-09-23T00:00:00+00:00,C,S,25.50813102722168,30.72083333333333,5.212702306111652
Quezon_City,2026-09-23T00:00:00+00:00,D,S,28.096216201782227,30.72083333333333,2.624617131551105
Quezon_City,2026-09-23T00:00:00+00:00,A,C,25.82776641845703,30.72083333333333,4.8930669148763
Quezon_City,2026-09-23T00:00:00+00:00,B,C,21.969253540039062,30.72083333333333,8.751579793294269
Quezon_City,2026-09-23T00:00:00+00:00,C,C,25.50813102722168,30.72083333333333,5.212702306111652
Quezon_City,2026-09-23T00:00:00+00:00,D,C,28.096216201782227,30.72083333333333,2.624617131551105
Quezon_City,2026-09-24T00:00:00+00:00,A,A,24.747512817382812,33.36666666666667,8.619153849283855
Quezon_City,2026-09-24T00:00:00+00:00,B,A,24.44718360900879,33.36666666666667,8.919483057657878
Quezon_City,2026-09-24T00:00:00+00:00,C,A,26.301605224609375,33.36666666666667,7.065061442057292
Quezon_City,2026-09-24T00:00:00+00:00,D,A,32.89274978637695,33.36666666666667,0.473916880289714
Quezon_City,2026-09-24T00:00:00+00:00,A,B,24.747512817382812,33.36666666666667,8.619153849283855
Quezon_City,2026-09-24T00:00:00+00:00,B,B,24.44718360900879,33.36666666666667,8.919483057657878
Quezon_City,2026-09-24T00:00:00+00:00,C,B,26.301605224609375,33.36666666666667,7.065061442057292
Quezon_City,2026-09-24T00:00:00+00:00,D,B,32.89274978637695,33.36666666666667,0.473916880289714
Quezon_City,2026-09-24T00:00:00+00:00,A,S,24.747512817382812,33.36666666666667,8.619153849283855
Quezon_City,2026-09-24T00:00:00+00:00,B,S,24.44718360900879,33.36666666666667,8.919483057657878
Quezon_City,2026-09-24T00:00:00+00:00,C,S,26.301605224609375,33.36666666666667,7.065061442057292
Quezon_City,2026-09-24T00:00:00+00:00,D,S,32.89274978637695,33.36666666666667,0.473916880289714
Quezon_City,2026-09-24T00:00:00+00:00,A,C,24.747512817382812,33.36666666666667,8.619153849283855
Quezon_City,2026-09-24T00:00:00+00:00,B,C,24.44718360900879,33.36666666666667,8.919483057657878
Quezon_City,2026-09-24T00:00:00+00:00,C,C,26.301605224609375,33.36666666666667,7.065061442057292
Quezon_City,2026-09-24T00:00:00+00:00,D,C,32.89274978637695,33.36666666666667,0.473916880289714
Quezon_City,2026-09-25T00:00:00+00:00,A,A,24.129064559936523,22.662499999999998,1.4665645599365256
Quezon_City,2026-09-25T00:00:00+00:00,B,A,26.450719833374023,22.662499999999998,3.7882198333740256
Quezon_City,2026-09-25T00:00:00+00:00,C,A,26.67464256286621,22.662499999999998,4.012142562866213
Quezon_City,2026-09-25T00:00:00+00:00,D,A,31.16998291015625,22.662499999999998,8.507482910156252
Quezon_City,2026-09-25T00:00:00+00:00,A,B,24.129064559936523,22.662499999999998,1.4665645599365256
Quezon_City,2026-09-25T00:00:00+00:00,B,B,26.450719833374023,22.662499999999998,3.7882198333740256
Quezon_City,2026-09-25T00:00:00+00:00,C,B,26.67464256286621,22.662499999999998,4.012142562866213
Quezon_City,2026-09-25T00:00:00+00:00,D,B,31.16998291015625,22.662499999999998,8.507482910156252
Quezon_City,2026-09-25T00:00:00+00:00,A,S,24.129064559936523,22.662499999999998,1.4665645599365256
Quezon_City,2026-09-25T00:00:00+00:00,B,S,26.450719833374023,22.662499999999998,3.7882198333740256
Quezon_City,2026-09-25T00:00:00+00:00,C,S,26.67464256286621,22.662499999999998,4.012142562866213
Quezon_City,2026-09-25T00:00:00+00:00,D,S,31.16998291015625,22.662499999999998,8.507482910156252
Quezon_City,2026-09-25T00:00:00+00:00,A,C,24.129064559936523,22.662499999999998,1.4665645599365256
Quezon_City,2026-09-25T00:00:00+00:00,B,C,26.450719833374023,22.662499999999998,3.7882198333740256
Quezon_City,2026-09-25T00:00:00+00:00,C,C,26.67464256286621,22.662499999999998,4.012142562866213
Quezon_City,2026-09-25T00:00:00+00:00,D,C,31.16998291015625,22.662499999999998,8.507482910156252
Quezon_City,2026-09-26T00:00:00+00:00,A,A,17.98076820373535,39.516666666666666,21.535898462931314
Quezon_City,2026-09-26T00:00:00+00:00,B,A,18.65923309326172,39.516666666666666,20.857433573404947
Quezon_City,2026-09-26T00:00:00+00:00,C,A,20.573165893554688,39.516666666666666,18.943500773111978
Quezon_City,2026-09-26T00:00:00+00:00,D,A,14.867270469665527,39.516666666666666,24.64939619700114
Quezon_City,2026-09-26T00:00:00+00:00,A,B,17.98076820373535,39.516666666666666,21.535898462931314
Quezon_City,2026-09-26T00:00:00+00:00,B,B,18.65923309326172,39.516666666666666,20.857433573404947
Quezon_City,2026-09-26T00:00:00+00:00,C,B,20.573165893554688,39.516666666666666,18.943500773111978
Quezon_City,2026-09-26T00:00:00+00:00,D,B,14.867270469665527,39.516666666666666,24.64939619700114
Quezon_City,2026-09-26T00:00:00+00:00,A,S,17.98076820373535,39.516666666666666,21.535898462931314
Quezon_City,2026-09-26T00:00:00+00:00,B,S,18.65923309326172,39.516666666666666,20.857433573404947
Quezon_City,2026-09-26T00:00:00+00:00,C,S,20.573165893554688,39.516666666666666,18.943500773111978
Quezon_City,2026-09-26T00:00:00+00:00,D,S,14.867270469665527,39.516666666666666,24.64939619700114
Quezon_City,2026-09-26T00:00:00+00:00,A,C,17.98076820373535,39.516666666666666,21.535898462931314
Quezon_City,2026-09-26T00:00:00+00:00,B,C,18.65923309326172,39.516666666666666,20.857433573404947
Quezon_City,2026-09-26T00:00:00+00:00,C,C,20.573165893554688,39.516666666666666,18.943500773111978
Quezon_City,2026-09-26T00:00:00+00:00,D,C,14.867270469665527,39.516666666666666,24.64939619700114
Quezon_City,2026-09-27T00:00:00+00:00,A,A,34.585838317871094,39.920833333333334,5.3349950154622405
Quezon_City,2026-09-27T00:00:00+00:00,B,A,29.55162811279297,39.920833333333334,10.369205220540366
Quezon_City,2026-09-27T00:00:00+00:00,C,A,29.77923011779785,39.920833333333334,10.141603215535483
Quezon_City,2026-09-27T00:00:00+00:00,D,A,27.62809944152832,39.920833333333334,12.292733891805014
Quezon_City,2026-09-27T00:00:00+00:00,A,B,34.585838317871094,39.920833333333334,5.3349950154622405
Quezon_City,2026-09-27T00:00:00+00:00,B,B,29.55162811279297,39.920833333333334,10.369205220540366
Quezon_City,2026-09-27T00:00:00+00:00,C,B,29.77923011779785,39.920833333333334,10.141603215535483
Quezon_City,2026-09-27T00:00:00+00:00,D,B,27.62809944152832,39.920833333333334,12.292733891805014
Quezon_City,2026-09-27T00:00:00+00:00,A,S,34.585838317871094,39.920833333333334,5.3349950154622405
Quezon_City,2026-09-27T00:00:00+00:00,B,S,29.55162811279297,39.920833333333334,10.369205220540366
Quezon_City,2026-09-27T00:00:00+00:00,C,S,29.77923011779785,39.920833333333334,10.141603215535483
Quezon_City,2026-09-27T00:00:00+00:00,D,S,27.62809944152832,39.920833333333334,12.292733891805014
Quezon_City,2026-09-27T00:00:00+00:00,A,C,34.585838317871094,39.920833333333334,5.3349950154622405
Quezon_City,2026-09-27T00:00:00+00:00,B,C,29.55162811279297,39.920833333333334,10.369205220540366
Quezon_City,2026-09-27T00:00:00+00:00,C,C,29.77923011779785,39.920833333333334,10.141603215535483
Quezon_City,2026-09-27T00:00:00+00:00,D,C,27.62809944152832,39.920833333333334,12.292733891805014
Caloocan,2026-08-14T00:00:00+00:00,A,A,23.436004638671875,56.87777777777777,33.4417731391059
Caloocan,2026-08-14T00:00:00+00:00,B,A,24.506973266601562,56.87777777777777,32.37080451117621
Caloocan,2026-08-14T00:00:00+00:00,C,A,26.65174102783203,56.87777777777777,30.22603674994574
Caloocan,2026-08-14T00:00:00+00:00,D,A,18.539960861206055,56.87777777777777,38.33781691657172
Caloocan,2026-08-14T00:00:00+00:00,A,B,23.436004638671875,56.87777777777777,33.4417731391059
Caloocan,2026-08-14T00:00:00+00:00,B,B,24.506973266601562,56.87777777777777,32.37080451117621
Caloocan,2026-08-14T00:00:00+00:00,C,B,26.65174102783203,56.87777777777777,30.22603674994574
Caloocan,2026-08-14T00:00:00+00:00,D,B,18.539960861206055,56.87777777777777,38.33781691657172
Caloocan,2026-08-14T00:00:00+00:00,A,S,16.036684036254883,56.87777777777777,40.84109374152289
Caloocan,2026-08-14T00:00:00+00:00,B,S,29.100440979003906,56.87777777777777,27.777336798773867
Caloocan,2026-08-14T00:00:00+00:00,C,S,30.408857345581055,56.87777777777777,26.468920432196718
Caloocan,2026-08-14T00:00:00+00:00,D,S,13.460952758789062,56.87777777777777,43.41682501898871
Caloocan,2026-08-14T00:00:00+00:00,A,C,16.10976791381836,56.87777777777777,40.76800986395941
Caloocan,2026-08-14T00:00:00+00:00,B,C,28.65863037109375,56.87777777777777,28.219147406684023
Caloocan,2026-08-14T00:00:00+00:00,C,C,30.47136116027832,56.87777777777777,26.406416617499453
Caloocan,2026-08-14T00:00:00+00:00,D,C,13.460952758789062,56.87777777777777,43.41682501898871
Caloocan,2026-08-15T00:00:00+00:00,A,A,35.30084228515625,20.230434782608693,15.070407502547557
Caloocan,2026-08-15T00:00:00+00:00,B,A,31.641464233398438,20.230434782608693,11.411029450789744
Caloocan,2026-08-15T00:00:00+00:00,C,A,31.06650733947754,20.230434782608693,10.836072556868846
Caloocan,2026-08-15T00:00:00+00:00,D,A,44.72902297973633,20.230434782608693,24.498588197127635
Caloocan,2026-08-15T00:00:00+00:00,A,B,35.30084228515625,20.230434782608693,15.070407502547557
Caloocan,2026-08-15T00:00:00+00:00,B,B,31.641464233398438,20.230434782608693,11.411029450789744
Caloocan,2026-08-15T00:00:00+00:00,C,B,31.06650733947754,20.230434782608693,10.836072556868846
Caloocan,2026-08-15T00:00:00+00:00,D,B,44.72902297973633,20.230434782608693,24.498588197127635
Caloocan,2026-08-15T00:00:00+00:00,A,S,28.96289825439453,20.230434782608693,8.732463471785838
Caloocan,2026-08-15T00:00:00+00:00,B,S,40.282196044921875,20.230434782608693,20.051761262313182
Caloocan,2026-08-15T00:00:00+00:00,C,S,31.901330947875977,20.230434782608693,11.670896165267283
Caloocan,2026-08-15T00:00:00+00:00,D,S,39.13155746459961,20.230434782608693,18.901122681990916
Caloocan,2026-08-15T00:00:00+00:00,A,C,34.268306732177734,20.230434782608693,14.037871949569041
Caloocan,2026-08-15T00:00:00+00:00,B,C,41.06779861450195,20.230434782608693,20.83736383189326
Caloocan,2026-08-15T00:00:00+00:00,C,C,31.609886169433594,20.230434782608693,11.3794513868249
Caloocan,2026-08-15T00:00:00+00:00,D,C,39.13155746459961,20.230434782608693,18.901122681990916
Caloocan,2026-08-16T00:00:00+00:00,A,A,31.797704696655273,25.385263157894737,6.412441538760536
Caloocan,2026-08-16T00:00:00+00:00,B,A,31.465103149414062,25.385263157894737,6.079839991519325
Caloocan,2026-08-16T00:00:00+00:00,C,A,24.520017623901367,25.385263157894737,0.8652455339933702
Caloocan,2026-08-16T00:00:00+00:00,D,A,30.06532859802246,25.385263157894737,4.6800654401277235
Caloocan,2026-08-16T00:00:00+00:00,A,B,31.797704696655273,25.385263157894737,6.412441538760536
Caloocan,2026-08-16T00:00:00+00:00,B,B,31.465103149414062,25.385263157894737,6.079839991519325
Caloocan,2026-08-16T00:00:00+00:00,C,B,24.520017623901367,25.385263157894737,0.8652455339933702
Caloocan,2026-08-16T00:00:00+00:00,D,B,30.06532859802246,25.385263157894737,4.6800654401277235
Caloocan,2026-08-16T00:00:00+00:00,A,S,30.91815185546875,25.385263157894737,5.532888697574013
Caloocan,2026-08-16T00:00:00+00:00,B,S,34.452552795410156,25.385263157894737,9.067289637515419
Caloocan,2026-08-16T00:00:00+00:00,C,S,23.26536750793457,25.385263157894737,2.119895649960167
Caloocan,2026-08-16T00:00:00+00:00,D,S,25.2220516204834,25.385263157894737,0.16321153741133898
Caloocan,2026-08-16T00:00:00+00:00,A,C,27.6014461517334,25.385263157894737,2.216182993838661
Caloocan,2026-08-16T00:00:00+00:00,B,C,31.411361694335938,25.385263157894737,6.0260985364412
Caloocan,2026-08-16T00:00:00+00:00,C,C,23.2185115814209,25.385263157894737,2.166751576473839
Caloocan,2026-08-16T00:00:00+00:00,D,C,25.2220516204834,25.385263157894737,0.16321153741133898
Caloocan,2026-08-25T00:00:00+00:00,A,A,31.807601928710938,29.78421052631579,2.0233914023951485
Caloocan,2026-08-25T00:00:00+00:00,B,A,28.959619522094727,29.78421052631579,0.8245910042210625
Caloocan,2026-08-25T00:00:00+00:00,C,A,27.074880599975586,29.78421052631579,2.709329926340203
Caloocan,2026-08-25T00:00:00+00:00,D,A,28.591943740844727,29.78421052631579,1.1922667854710625
Caloocan,2026-08-25T00:00:00+00:00,A,B,31.807601928710938,29.78421052631579,2.0233914023951485
Caloocan,2026-08-25T00:00:00+00:00,B,B,28.959619522094727,29.78421052631579,0.8245910042210625
Caloocan,2026-08-25T00:00:00+00:00,C,B,27.074880599975586,29.78421052631579,2.709329926340203
Caloocan,2026-08-25T00:00:00+00:00,D,B,28.591943740844727,29.78421052631579,1.1922667854710625
Caloocan,2026-08-25T00:00:00+00:00,A,S,22.14320945739746,29.78421052631579,7.641001068918328
Caloocan,2026-08-25T00:00:00+00:00,B,S,19.40591049194336,29.78421052631579,10.37830003437243
Caloocan,2026-08-25T00:00:00+00:00,C,S,29.47466468811035,29.78421052631579,0.30954583820543746
Caloocan,2026-08-25T00:00:00+00:00,D,S,28.31328010559082,29.78421052631579,1.4709304207249687
Caloocan,2026-08-25T00:00:00+00:00,A,C,23.071823120117188,29.78421052631579,6.7123874061986015
Caloocan,2026-08-25T00:00:00+00:00,B,C,19.168046951293945,29.78421052631579,10.616163575021844
Caloocan,2026-08-25T00:00:00+00:00,C,C,29.02201271057129,29.78421052631579,0.7621978157445
Caloocan,2026-08-25T00:00:00+00:00,D,C,28.31328010559082,29.78421052631579,1.4709304207249687
Caloocan,2026-08-26T00:00:00+00:00,A,A,38.79642868041992,16.52777777777778,22.268650902642143
Caloocan,2026-08-26T00:00:00+00:00,B,A,35.228389739990234,16.52777777777778,18.700611962212456
Caloocan,2026-08-26T00:00:00+00:00,C,A,32.37051010131836,16.52777777777778,15.84273232354058
Caloocan,2026-08-26T00:00:00+00:00,D,A,25.675512313842773,16.52777777777778,9.147734536064995
Caloocan,2026-08-26T00:00:00+00:00,A,B,38.79642868041992,16.52777777777778,22.268650902642143
Caloocan,2026-08-26T00:00:00+00:00,B,B,35.228389739990234,16.52777777777778,18.700611962212456
Caloocan,2026-08-26T00:00:00+00:00,C,B,32.37051010131836,16.52777777777778,15.84273232354058
Caloocan,2026-08-26T00:00:00+00:00,D,B,25.675512313842773,16.52777777777778,9.147734536064995
Caloocan,2026-08-26T00:00:00+00:00,A,S,30.268590927124023,16.52777777777778,13.740813149346245
Caloocan,2026-08-26T00:00:00+00:00,B,S,27.49009132385254,16.52777777777778,10.96231354607476
Caloocan,2026-08-26T00:00:00+00:00,C,S,28.064687728881836,16.52777777777778,11.536909951104057
Caloocan,2026-08-26T00:00:00+00:00,D,S,24.96285057067871,16.52777777777778,8.435072792900932
Caloocan,2026-08-26T00:00:00+00:00,A,C,34.1263313293457,16.52777777777778,17.598553551567925
Caloocan,2026-08-26T00:00:00+00:00,B,C,27.023040771484375,16.52777777777778,10.495262993706596
Caloocan,2026-08-26T00:00:00+00:00,C,C,27.85884666442871,16.52777777777778,11.331068886650932
Caloocan,2026-08-26T00:00:00+00:00,D,C,24.96285057067871,16.52777777777778,8.435072792900932
Caloocan,2026-08-28T00:00:00+00:00,A,A,15.175697326660156,12.232222222222223,2.9434751044379333
Caloocan,2026-08-28T00:00:00+00:00,B,A,15.136761665344238,12.232222222222223,2.9045394431220153
Caloocan,2026-08-28T00:00:00+00:00,C,A,15.619378089904785,12.232222222222223,3.387155867682562
Caloocan,2026-08-28T00:00:00+00:00,D,A,12.027003288269043,12.232222222222223,0.20521893395318003
Caloocan,2026-08-28T00:00:00+00:00,A,B,15.175697326660156,12.232222222222223,2.9434751044379333
Caloocan,2026-08-28T00:00:00+00:00,B,B,15.136761665344238,12.232222222222223,2.9045394431220153
Caloocan,2026-08-28T00:00:00+00:00,C,B,15.619378089904785,12.232222222222223,3.387155867682562
Caloocan,2026-08-28T00:00:00+00:00,D,B,12.027003288269043,12.232222222222223,0.20521893395318003
Caloocan,2026-08-28T00:00:00+00:00,A,S,11.624778747558594,12.232222222222223,0.6074434746636292
Caloocan,2026-08-28T00:00:00+00:00,B,S,13.813591957092285,12.232222222222223,1.5813697348700622
Caloocan,2026-08-28T00:00:00+00:00,C,S,16.588769912719727,12.232222222222223,4.356547690497504
Caloocan,2026-08-28T00:00:00+00:00,D,S,12.201171875,12.232222222222223,0.031050347222222996
Caloocan,2026-08-28T00:00:00+00:00,A,C,12.802963256835938,12.232222222222223,0.5707410346137145
Caloocan,2026-08-28T00:00:00+00:00,B,C,14.803207397460938,12.232222222222223,2.5709851752387145
Caloocan,2026-08-28T00:00:00+00:00,C,C,16.219362258911133,12.232222222222223,3.98714003668891
Caloocan,2026-08-28T00:00:00+00:00,D,C,12.201171875,12.232222222222223,0.031050347222222996
Caloocan,2026-08-30T00:00:00+00:00,A,A,27.155441284179688,47.02777777777778,19.87233649359809
Caloocan,2026-08-30T00:00:00+00:00,B,A,18.31303596496582,47.02777777777778,28.71474181281196
Caloocan,2026-08-30T00:00:00+00:00,C,A,23.902069091796875,47.02777777777778,23.125708685980904
Caloocan,2026-08-30T00:00:00+00:00,D,A,21.83968162536621,47.02777777777778,25.188096152411568
Caloocan,2026-08-30T00:00:00+00:00,A,B,27.155441284179688,47.02777777777778,19.87233649359809
Caloocan,2026-08-30T00:00:00+00:00,B,B,18.31303596496582,47.02777777777778,28.71474181281196
Caloocan,2026-08-30T00:00:00+00:00,C,B,23.902069091796875,47.02777777777778,23.125708685980904
Caloocan,2026-08-30T00:00:00+00:00,D,B,21.83968162536621,47.02777777777778,25.188096152411568
Caloocan,2026-08-30T00:00:00+00:00,A,S,16.547250747680664,47.02777777777778,30.480527030097115
Caloocan,2026-08-30T00:00:00+00:00,B,S,19.311859130859375,47.02777777777778,27.715918646918404
Caloocan,2026-08-30T00:00:00+00:00,C,S,21.156835556030273,47.02777777777778,25.870942221747505
Caloocan,2026-08-30T00:00:00+00:00,D,S,13.99576473236084,47.02777777777778,33.03201304541694
Caloocan,2026-08-30T00:00:00+00:00,A,C,16.74568748474121,47.02777777777778,30.282090293036568
Caloocan,2026-08-30T00:00:00+00:00,B,C,19.128040313720703,47.02777777777778,27.899737464057075
Caloocan,2026-08-30T00:00:00+00:00,C,C,21.866125106811523,47.02777777777778,25.161652670966255
Caloocan,2026-08-30T00:00:00+00:00,D,C,13.99576473236084,47.02777777777778,33.03201304541694
Caloocan,2026-08-31T00:00:00+00:00,A,A,40.86722183227539,71.3,30.432778167724607
Caloocan,2026-08-31T00:00:00+00:00,B,A,29.61516761779785,71.3,41.684832382202146
Caloocan,2026-08-31T00:00:00+00:00,C,A,38.217437744140625,71.3,33.08256225585937
Caloocan,2026-08-31T00:00:00+00:00,D,A,31.82207679748535,71.3,39.477923202514646
Caloocan,2026-08-31T00:00:00+00:00,A,B,40.86722183227539,71.3,30.432778167724607
Caloocan,2026-08-31T00:00:00+00:00,B,B,29.61516761779785,71.3,41.684832382202146
Caloocan,2026-08-31T00:00:00+00:00,C,B,38.217437744140625,71.3,33.08256225585937
Caloocan,2026-08-31T00:00:00+00:00,D,B,31.82207679748535,71.3,39.477923202514646
Caloocan,2026-08-31T00:00:00+00:00,A,S,37.86308288574219,71.3,33.43691711425781
Caloocan,2026-08-31T00:00:00+00:00,B,S,23.12632942199707,71.3,48.17367057800293
Caloocan,2026-08-31T00:00:00+00:00,C,S,38.19753646850586,71.3,33.10246353149414
Caloocan,2026-08-31T00:00:00+00:00,D,S,33.59837341308594,71.3,37.70162658691406
Caloocan,2026-08-31T00:00:00+00:00,A,C,33.44206237792969,71.3,37.85793762207031
Caloocan,2026-08-31T00:00:00+00:00,B,C,24.016347885131836,71.3,47.28365211486816
Caloocan,2026-08-31T00:00:00+00:00,C,C,38.1723747253418,71.3,33.1276252746582
Caloocan,2026-08-31T00:00:00+00:00,D,C,33.59837341308594,71.3,37.70162658691406
Caloocan,2026-09-01T00:00:00+00:00,A,A,65.69356536865234,28.366666666666667,37.32689870198568
Caloocan,2026-09-01T00:00:00+00:00,B,A,47.86002731323242,28.366666666666667,19.493360646565755
Caloocan,2026-09-01T00:00:00+00:00,C,A,46.66997146606445,28.366666666666667,18.303304799397786
Caloocan,2026-09-01T00:00:00+00:00,D,A,45.1870231628418,28.366666666666667,16.82035649617513
Caloocan,2026-09-01T00:00:00+00:00,A,B,65.69356536865234,28.366666666666667,37.32689870198568
Caloocan,2026-09-01T00:00:00+00:00,B,B,47.86002731323242,28.366666666666667,19.493360646565755
Caloocan,2026-09-01T00:00:00+00:00,C,B,46.66997146606445,28.366666666666667,18.303304799397786
Caloocan,2026-09-01T00:00:00+00:00,D,B,45.1870231628418,28.366666666666667,16.82035649617513
Caloocan,2026-09-01T00:00:00+00:00,A,S,62.44110107421875,28.366666666666667,34.07443440755208
Caloocan,2026-09-01T00:00:00+00:00,B,S,41.99847412109375,28.366666666666667,13.631807454427083
Caloocan,2026-09-01T00:00:00+00:00,C,S,42.50767135620117,28.366666666666667,14.141004689534505
Caloocan,2026-09-01T00:00:00+00:00,D,S,48.32362365722656,28.366666666666667,19.956956990559895
Caloocan,2026-09-01T00:00:00+00:00,A,C,65.53326416015625,28.366666666666667,37.16659749348958
Caloocan,2026-09-01T00:00:00+00:00,B,C,42.3232536315918,28.366666666666667,13.95658696492513
Caloocan,2026-09-01T00:00:00+00:00,C,C,41.18178939819336,28.366666666666667,12.815122731526692
Caloocan,2026-09-01T00:00:00+00:00,D,C,48.32362365722656,28.366666666666667,19.956956990559895
Caloocan,2026-09-03T00:00:00+00:00,A,A,22.28302574157715,17.071315789473687,5.211709952103462
Caloocan,2026-09-03T00:00:00+00:00,B,A,21.834640502929688,17.071315789473687,4.763324713456001
Caloocan,2026-09-03T00:00:00+00:00,C,A,27.284563064575195,17.071315789473687,10.213247275101509
Caloocan,2026-09-03T00:00:00+00:00,D,A,20.505796432495117,17.071315789473687,3.4344806430214305
Caloocan,2026-09-03T00:00:00+00:00,A,B,22.28302574157715,17.071315789473687,5.211709952103462
Caloocan,2026-09-03T00:00:00+00:00,B,B,21.834640502929688,17.071315789473687,4.763324713456001
Caloocan,2026-09-03T00:00:00+00:00,C,B,27.284563064575195,17.071315789473687,10.213247275101509
Caloocan,2026-09-03T00:00:00+00:00,D,B,20.505796432495117,17.071315789473687,3.4344806430214305
Caloocan,2026-09-03T00:00:00+00:00,A,S,19.113666534423828,17.071315789473687,2.0423507449501415
Caloocan,2026-09-03T00:00:00+00:00,B,S,23.00881004333496,17.071315789473687,5.937494253861274
Caloocan,2026-09-03T00:00:00+00:00,C,S,25.238588333129883,17.071315789473687,8.167272543656196
Caloocan,2026-09-03T00:00:00+00:00,D,S,22.580724716186523,17.071315789473687,5.509408926712837
Caloocan,2026-09-03T00:00:00+00:00,A,C,21.16248893737793,17.071315789473687,4.091173147904243
Caloocan,2026-09-03T00:00:00+00:00,B,C,23.45659828186035,17.071315789473687,6.385282492386665
Caloocan,2026-09-03T00:00:00+00:00,C,C,25.0501766204834,17.071315789473687,7.978860831009712
Caloocan,2026-09-03T00:00:00+00:00,D,C,22.580724716186523,17.071315789473687,5.509408926712837
Caloocan,2026-09-04T00:00:00+00:00,A,A,21.525671005249023,16.939999999999998,4.585671005249026
Caloocan,2026-09-04T00:00:00+00:00,B,A,16.540294647216797,16.939999999999998,0.39970535278320085
Caloocan,2026-09-04T00:00:00+00:00,C,A,15.723811149597168,16.939999999999998,1.2161888504028298
Caloocan,2026-09-04T00:00:00+00:00,D,A,18.195554733276367,16.939999999999998,1.2555547332763695
Caloocan,2026-09-04T00:00:00+00:00,A,B,21.525671005249023,16.939999999999998,4.585671005249026
Caloocan,2026-09-04T00:00:00+00:00,B,B,16.540294647216797,16.939999999999998,0.39970535278320085
Caloocan,2026-09-04T00:00:00+00:00,C,B,15.723811149597168,16.939999999999998,1.2161888504028298
Caloocan,2026-09-04T00:00:00+00:00,D,B,18.195554733276367,16.939999999999998,1.2555547332763695
Caloocan,2026-09-04T00:00:00+00:00,A,S,18.69411849975586,16.939999999999998,1.7541184997558616
Caloocan,2026-09-04T00:00:00+00:00,B,S,15.299644470214844,16.939999999999998,1.640355529785154
Caloocan,2026-09-04T00:00:00+00:00,C,S,23.05434226989746,16.939999999999998,6.114342269897463
Caloocan,2026-09-04T00:00:00+00:00,D,S,20.891334533691406,16.939999999999998,3.9513345336914085
Caloocan,2026-09-04T00:00:00+00:00,A,C,18.8312931060791,16.939999999999998,1.8912931060791038
Caloocan,2026-09-04T00:00:00+00:00,B,C,17.101945877075195,16.939999999999998,0.1619458770751976
Caloocan,2026-09-04T00:00:00+00:00,C,C,22.746971130371094,16.939999999999998,5.806971130371096
Caloocan,2026-09-04T00:00:00+00:00,D,C,20.891334533691406,16.939999999999998,3.9513345336914085
Caloocan,2026-09-05T00:00:00+00:00,A,A,16.40572166442871,12.527727272727274,3.877994391701437
Caloocan,2026-09-05T00:00:00+00:00,B,A,18.15398406982422,12.527727272727274,5.626256797096945
Caloocan,2026-09-05T00:00:00+00:00,C,A,18.954437255859375,12.527727272727274,6.426709983132101
Caloocan,2026-09-05T00:00:00+00:00,D,A,21.173864364624023,12.527727272727274,8.64613709189675
Caloocan,2026-09-05T00:00:00+00:00,A,B,16.40572166442871,12.527727272727274,3.877994391701437
Caloocan,2026-09-05T00:00:00+00:00,B,B,18.15398406982422,12.527727272727274,5.626256797096945
Caloocan,2026-09-05T00:00:00+00:00,C,B,18.954437255859375,12.527727272727274,6.426709983132101
Caloocan,2026-09-05T00:00:00+00:00,D,B,21.173864364624023,12.527727272727274,8.64613709189675
Caloocan,2026-09-05T00:00:00+00:00,A,S,19.584514617919922,12.527727272727274,7.056787345192648
Caloocan,2026-09-05T00:00:00+00:00,B,S,20.57522964477539,12.527727272727274,8.047502372048116
Caloocan,2026-09-05T00:00:00+00:00,C,S,19.283559799194336,12.527727272727274,6.755832526467062
Caloocan,2026-09-05T00:00:00+00:00,D,S,18.898794174194336,12.527727272727274,6.371066901467062
Caloocan,2026-09-05T00:00:00+00:00,A,C,17.50933265686035,12.527727272727274,4.981605384133077
Caloocan,2026-09-05T00:00:00+00:00,B,C,20.465988159179688,12.527727272727274,7.938260886452413
Caloocan,2026-09-05T00:00:00+00:00,C,C,18.318222045898438,12.527727272727274,5.790494773171163
Caloocan,2026-09-05T00:00:00+00:00,D,C,18.898794174194336,12.527727272727274,6.371066901467062
Caloocan,2026-09-06T00:00:00+00:00,A,A,18.16853141784668,18.667499999999997,0.4989685821533172
Caloocan,2026-09-06T00:00:00+00:00,B,A,15.07165813446045,18.667499999999997,3.5958418655395477
Caloocan,2026-09-06T00:00:00+00:00,C,A,13.086524963378906,18.667499999999997,5.580975036621091
Caloocan,2026-09-06T00:00:00+00:00,D,A,14.232803344726562,18.667499999999997,4.434696655273434
Caloocan,2026-09-06T00:00:00+00:00,A,B,18.16853141784668,18.667499999999997,0.4989685821533172
Caloocan,2026-09-06T00:00:00+00:00,B,B,15.07165813446045,18.667499999999997,3.5958418655395477
Caloocan,2026-09-06T00:00:00+00:00,C,B,13.086524963378906,18.667499999999997,5.580975036621091
Caloocan,2026-09-06T00:00:00+00:00,D,B,14.232803344726562,18.667499999999997,4.434696655273434
Caloocan,2026-09-06T00:00:00+00:00,A,S,16.866605758666992,18.667499999999997,1.8008942413330047
Caloocan,2026-09-06T00:00:00+00:00,B,S,18.689199447631836,18.667499999999997,0.021699447631839064
Caloocan,2026-09-06T00:00:00+00:00,C,S,13.795753479003906,18.667499999999997,4.871746520996091
Caloocan,2026-09-06T00:00:00+00:00,D,S,16.36033058166504,18.667499999999997,2.307169418334958
Caloocan,2026-09-06T00:00:00+00:00,A,C,16.305017471313477,18.667499999999997,2.3624825286865203
Caloocan,2026-09-06T00:00:00+00:00,B,C,15.703473091125488,18.667499999999997,2.9640269088745086
Caloocan,2026-09-06T00:00:00+00:00,C,C,13.975898742675781,18.667499999999997,4.691601257324216
Caloocan,2026-09-06T00:00:00+00:00,D,C,16.36033058166504,18.667499999999997,2.307169418334958
Caloocan,2026-09-07T00:00:00+00:00,A,A,14.20180892944336,24.3175,10.11569107055664
Caloocan,2026-09-07T00:00:00+00:00,B,A,19.875944137573242,24.3175,4.441555862426757
Caloocan,2026-09-07T00:00:00+00:00,C,A,15.292994499206543,24.3175,9.024505500793456
Caloocan,2026-09-07T00:00:00+00:00,D,A,18.924114227294922,24.3175,5.393385772705077
Caloocan,2026-09-07T00:00:00+00:00,A,B,14.20180892944336,24.3175,10.11569107055664
Caloocan,2026-09-07T00:00:00+00:00,B,B,19.875944137573242,24.3175,4.441555862426757
Caloocan,2026-09-07T00:00:00+00:00,C,B,15.292994499206543,24.3175,9.024505500793456
Caloocan,2026-09-07T00:00:00+00:00,D,B,18.924114227294922,24.3175,5.393385772705077
Caloocan,2026-09-07T00:00:00+00:00,A,S,16.06945037841797,24.3175,8.24804962158203
Caloocan,2026-09-07T00:00:00+00:00,B,S,21.47846794128418,24.3175,2.8390320587158193
Caloocan,2026-09-07T00:00:00+00:00,C,S,20.426776885986328,24.3175,3.890723114013671
Caloocan,2026-09-07T00:00:00+00:00,D,S,23.117090225219727,24.3175,1.2004097747802724
Caloocan,2026-09-07T00:00:00+00:00,A,C,15.88115406036377,24.3175,8.43634593963623
Caloocan,2026-09-07T00:00:00+00:00,B,C,20.674165725708008,24.3175,3.643334274291991
Caloocan,2026-09-07T00:00:00+00:00,C,C,20.392534255981445,24.3175,3.9249657440185537
Caloocan,2026-09-07T00:00:00+00:00,D,C,23.117090225219727,24.3175,1.2004097747802724
Caloocan,2026-09-14T00:00:00+00:00,A,A,33.351139068603516,33.20909090909091,0.14204815951260485
Caloocan,2026-09-14T00:00:00+00:00,B,A,24.16313934326172,33.20909090909091,9.045951565829192
Caloocan,2026-09-14T00:00:00+00:00,C,A,29.54323387145996,33.20909090909091,3.66585703763095
Caloocan,2026-09-14T00:00:00+00:00,D,A,27.62653160095215,33.20909090909091,5.582559308138762
Caloocan,2026-09-14T00:00:00+00:00,A,B,33.351139068603516,33.20909090909091,0.14204815951260485
Caloocan,2026-09-14T00:00:00+00:00,B,B,24.16313934326172,33.20909090909091,9.045951565829192
Caloocan,2026-09-14T00:00:00+00:00,C,B,29.54323387145996,33.20909090909091,3.66585703763095
Caloocan,2026-09-14T00:00:00+00:00,D,B,27.62653160095215,33.20909090909091,5.582559308138762
Caloocan,2026-09-14T00:00:00+00:00,A,S,32.62410354614258,33.20909090909091,0.5849873629483326
Caloocan,2026-09-14T00:00:00+00:00,B,S,23.0188045501709,33.20909090909091,10.190286358920012
Caloocan,2026-09-14T00:00:00+00:00,C,S,32.045318603515625,33.20909090909091,1.1637723055752858
Caloocan,2026-09-14T00:00:00+00:00,D,S,28.20831871032715,33.20909090909091,5.000772198763762
Caloocan,2026-09-14T00:00:00+00:00,A,C,30.09633445739746,33.20909090909091,3.11275645169345
Caloocan,2026-09-14T00:00:00+00:00,B,C,23.51191520690918,33.20909090909091,9.697175702181731
Caloocan,2026-09-14T00:00:00+00:00,C,C,31.64009666442871,33.20909090909091,1.5689942446621998
Caloocan,2026-09-14T00:00:00+00:00,D,C,28.20831871032715,33.20909090909091,5.000772198763762
Caloocan,2026-09-15T00:00:00+00:00,A,A,29.015121459960938,41.005,11.989878540039065
Caloocan,2026-09-15T00:00:00+00:00,B,A,25.720985412597656,41.005,15.284014587402346
Caloocan,2026-09-15T00:00:00+00:00,C,A,27.250045776367188,41.005,13.754954223632815
Caloocan,2026-09-15T00:00:00+00:00,D,A,27.23029899597168,41.005,13.774701004028323
Caloocan,2026-09-15T00:00:00+00:00,A,B,29.015121459960938,41.005,11.989878540039065
Caloocan,2026-09-15T00:00:00+00:00,B,B,25.720985412597656,41.005,15.284014587402346
Caloocan,2026-09-15T00:00:00+00:00,C,B,27.250045776367188,41.005,13.754954223632815
Caloocan,2026-09-15T00:00:00+00:00,D,B,27.23029899597168,41.005,13.774701004028323
Caloocan,2026-09-15T00:00:00+00:00,A,S,30.68140983581543,41.005,10.323590164184573
Caloocan,2026-09-15T00:00:00+00:00,B,S,26.272729873657227,41.005,14.732270126342776
Caloocan,2026-09-15T00:00:00+00:00,C,S,26.6607608795166,41.005,14.344239120483401
Caloocan,2026-09-15T00:00:00+00:00,D,S,27.76239013671875,41.005,13.242609863281253
Caloocan,2026-09-15T00:00:00+00:00,A,C,25.11958122253418,41.005,15.885418777465823
Caloocan,2026-09-15T00:00:00+00:00,B,C,26.995203018188477,41.005,14.009796981811526
Caloocan,2026-09-15T00:00:00+00:00,C,C,27.312990188598633,41.005,13.69200981140137
Caloocan,2026-09-15T00:00:00+00:00,D,C,27.76239013671875,41.005,13.242609863281253
Caloocan,2026-09-18T00:00:00+00:00,A,A,37.208465576171875,41.79473684210526,4.586271265933384
Caloocan,2026-09-18T00:00:00+00:00,B,A,33.80790328979492,41.79473684210526,7.986833552310337
Caloocan,2026-09-18T00:00:00+00:00,C,A,37.45914077758789,41.79473684210526,4.335596064517368
Caloocan,2026-09-18T00:00:00+00:00,D,A,37.24897766113281,41.79473684210526,4.545759180972446
Caloocan,2026-09-18T00:00:00+00:00,A,B,37.208465576171875,41.79473684210526,4.586271265933384
Caloocan,2026-09-18T00:00:00+00:00,B,B,33.80790328979492,41.79473684210526,7.986833552310337
Caloocan,2026-09-18T00:00:00+00:00,C,B,37.45914077758789,41.79473684210526,4.335596064517368
Caloocan,2026-09-18T00:00:00+00:00,D,B,37.24897766113281,41.79473684210526,4.545759180972446
Caloocan,2026-09-18T00:00:00+00:00,A,S,24.893789291381836,41.79473684210526,16.900947550723423
Caloocan,2026-09-18T00:00:00+00:00,B,S,29.03106117248535,41.79473684210526,12.763675669619907
Caloocan,2026-09-18T00:00:00+00:00,C,S,37.06673049926758,41.79473684210526,4.728006342837681
Caloocan,2026-09-18T00:00:00+00:00,D,S,30.483102798461914,41.79473684210526,11.311634043643345
Caloocan,2026-09-18T00:00:00+00:00,A,C,21.26259422302246,41.79473684210526,20.532142619082798
Caloocan,2026-09-18T00:00:00+00:00,B,C,30.108238220214844,41.79473684210526,11.686498621890415
Caloocan,2026-09-18T00:00:00+00:00,C,C,38.302921295166016,41.79473684210526,3.491815546939243
Caloocan,2026-09-18T00:00:00+00:00,D,C,30.483102798461914,41.79473684210526,11.311634043643345
Caloocan,2026-09-20T00:00:00+00:00,A,A,35.21473693847656,26.120833333333334,9.093903605143229
Caloocan,2026-09-20T00:00:00+00:00,B,A,33.362735748291016,26.120833333333334,7.241902414957682
Caloocan,2026-09-20T00:00:00+00:00,C,A,32.19256591796875,26.120833333333334,6.071732584635416
Caloocan,2026-09-20T00:00:00+00:00,D,A,33.31332778930664,26.120833333333334,7.192494455973307
Caloocan,2026-09-20T00:00:00+00:00,A,B,35.21473693847656,26.120833333333334,9.093903605143229
Caloocan,2026-09-20T00:00:00+00:00,B,B,33.362735748291016,26.120833333333334,7.241902414957682
Caloocan,2026-09-20T00:00:00+00:00,C,B,32.19256591796875,26.120833333333334,6.071732584635416
Caloocan,2026-09-20T00:00:00+00:00,D,B,33.31332778930664,26.120833333333334,7.192494455973307
Caloocan,2026-09-20T00:00:00+00:00,A,S,33.4696044921875,26.120833333333334,7.348771158854166
Caloocan,2026-09-20T00:00:00+00:00,B,S,39.60321044921875,26.120833333333334,13.482377115885416
Caloocan,2026-09-20T00:00:00+00:00,C,S,35.09587097167969,26.120833333333334,8.975037638346354
Caloocan,2026-09-20T00:00:00+00:00,D,S,41.59023666381836,26.120833333333334,15.469403330485026
Caloocan,2026-09-20T00:00:00+00:00,A,C,33.586456298828125,26.120833333333334,7.465622965494791
Caloocan,2026-09-20T00:00:00+00:00,B,C,35.73722839355469,26.120833333333334,9.616395060221354
Caloocan,2026-09-20T00:00:00+00:00,C,C,37.6870231628418,26.120833333333334,11.566189829508463
Caloocan,2026-09-20T00:00:00+00:00,D,C,41.59023666381836,26.120833333333334,15.469403330485026
Caloocan,2026-09-21T00:00:00+00:00,A,A,29.304901123046875,21.59090909090909,7.713992032137785
Caloocan,2026-09-21T00:00:00+00:00,B,A,27.1690616607666,21.59090909090909,5.578152569857512
Caloocan,2026-09-21T00:00:00+00:00,C,A,28.227746963500977,21.59090909090909,6.636837872591887
Caloocan,2026-09-21T00:00:00+00:00,D,A,29.446060180664062,21.59090909090909,7.855151089754973
Caloocan,2026-09-21T00:00:00+00:00,A,B,29.304901123046875,21.59090909090909,7.713992032137785
Caloocan,2026-09-21T00:00:00+00:00,B,B,27.1690616607666,21.59090909090909,5.578152569857512
Caloocan,2026-09-21T00:00:00+00:00,C,B,28.227746963500977,21.59090909090909,6.636837872591887
Caloocan,2026-09-21T00:00:00+00:00,D,B,29.446060180664062,21.59090909090909,7.855151089754973
Caloocan,2026-09-21T00:00:00+00:00,A,S,26.309371948242188,21.59090909090909,4.718462857333098
Caloocan,2026-09-21T00:00:00+00:00,B,S,27.764345169067383,21.59090909090909,6.173436078158293
Caloocan,2026-09-21T00:00:00+00:00,C,S,25.53181266784668,21.59090909090909,3.9409035769375897
Caloocan,2026-09-21T00:00:00+00:00,D,S,30.655183792114258,21.59090909090909,9.064274701205168
Caloocan,2026-09-21T00:00:00+00:00,A,C,23.879613876342773,21.59090909090909,2.2887047854336835
Caloocan,2026-09-21T00:00:00+00:00,B,C,29.840301513671875,21.59090909090909,8.249392422762785
Caloocan,2026-09-21T00:00:00+00:00,C,C,26.065689086914062,21.59090909090909,4.474779996004973
Caloocan,2026-09-21T00:00:00+00:00,D,C,30.655183792114258,21.59090909090909,9.064274701205168
Caloocan,2026-09-22T00:00:00+00:00,A,A,19.708187103271484,28.565217391304344,8.85703028803286
Caloocan,2026-09-22T00:00:00+00:00,B,A,18.489938735961914,28.565217391304344,10.07527865534243
Caloocan,2026-09-22T00:00:00+00:00,C,A,24.81537437438965,28.565217391304344,3.7498430169146957
Caloocan,2026-09-22T00:00:00+00:00,D,A,26.245882034301758,28.565217391304344,2.3193353570025863
Caloocan,2026-09-22T00:00:00+00:00,A,B,19.708187103271484,28.565217391304344,8.85703028803286
Caloocan,2026-09-22T00:00:00+00:00,B,B,18.489938735961914,28.565217391304344,10.07527865534243
Caloocan,2026-09-22T00:00:00+00:00,C,B,24.81537437438965,28.565217391304344,3.7498430169146957
Caloocan,2026-09-22T00:00:00+00:00,D,B,26.245882034301758,28.565217391304344,2.3193353570025863
Caloocan,2026-09-22T00:00:00+00:00,A,S,20.901308059692383,28.565217391304344,7.663909331611961
Caloocan,2026-09-22T00:00:00+00:00,B,S,20.172344207763672,28.565217391304344,8.392873183540672
Caloocan,2026-09-22T00:00:00+00:00,C,S,26.376787185668945,28.565217391304344,2.188430205635399
Caloocan,2026-09-22T00:00:00+00:00,D,S,24.92181396484375,28.565217391304344,3.643403426460594
Caloocan,2026-09-22T00:00:00+00:00,A,C,21.010498046875,28.565217391304344,7.554719344429344
Caloocan,2026-09-22T00:00:00+00:00,B,C,20.15293312072754,28.565217391304344,8.412284270576805
Caloocan,2026-09-22T00:00:00+00:00,C,C,26.357877731323242,28.565217391304344,2.207339659981102
Caloocan,2026-09-22T00:00:00+00:00,D,C,24.92181396484375,28.565217391304344,3.643403426460594
Caloocan,2026-09-23T00:00:00+00:00,A,A,24.423919677734375,43.11428571428571,18.69036603655133
Caloocan,2026-09-23T00:00:00+00:00,B,A,24.09754180908203,43.11428571428571,19.016743905203676
Caloocan,2026-09-23T00:00:00+00:00,C,A,28.324485778808594,43.11428571428571,14.789799935477113
Caloocan,2026-09-23T00:00:00+00:00,D,A,28.672027587890625,43.11428571428571,14.442258126395082
Caloocan,2026-09-23T00:00:00+00:00,A,B,24.423919677734375,43.11428571428571,18.69036603655133
Caloocan,2026-09-23T00:00:00+00:00,B,B,24.09754180908203,43.11428571428571,19.016743905203676
Caloocan,2026-09-23T00:00:00+00:00,C,B,28.324485778808594,43.11428571428571,14.789799935477113
Caloocan,2026-09-23T00:00:00+00:00,D,B,28.672027587890625,43.11428571428571,14.442258126395082
Caloocan,2026-09-23T00:00:00+00:00,A,S,23.4183292388916,43.11428571428571,19.695956475394105
Caloocan,2026-09-23T00:00:00+00:00,B,S,19.72257423400879,43.11428571428571,23.391711480276918
Caloocan,2026-09-23T00:00:00+00:00,C,S,29.042251586914062,43.11428571428571,14.072034127371644
Caloocan,2026-09-23T00:00:00+00:00,D,S,27.351272583007812,43.11428571428571,15.763013131277894
Caloocan,2026-09-23T00:00:00+00:00,A,C,25.911516189575195,43.11428571428571,17.20276952471051
Caloocan,2026-09-23T00:00:00+00:00,B,C,20.394392013549805,43.11428571428571,22.719893700735902
Caloocan,2026-09-23T00:00:00+00:00,C,C,27.8819580078125,43.11428571428571,15.232327706473207
Caloocan,2026-09-23T00:00:00+00:00,D,C,27.351272583007812,43.11428571428571,15.763013131277894
Caloocan,2026-09-25T00:00:00+00:00,A,A,34.85438537597656,34.738095238095234,0.1162901378813288
Caloocan,2026-09-25T00:00:00+00:00,B,A,33.39357376098633,34.738095238095234,1.3445214771089056
Caloocan,2026-09-25T00:00:00+00:00,C,A,34.791053771972656,34.738095238095234,0.05295853387742255
Caloocan,2026-09-25T00:00:00+00:00,D,A,40.22078323364258,34.738095238095234,5.482687995547344
Caloocan,2026-09-25T00:00:00+00:00,A,B,34.85438537597656,34.738095238095234,0.1162901378813288
Caloocan,2026-09-25T00:00:00+00:00,B,B,33.39357376098633,34.738095238095234,1.3445214771089056
Caloocan,2026-09-25T00:00:00+00:00,C,B,34.791053771972656,34.738095238095234,0.05295853387742255
Caloocan,2026-09-25T00:00:00+00:00,D,B,40.22078323364258,34.738095238095234,5.482687995547344
Caloocan,2026-09-25T00:00:00+00:00,A,S,29.899633407592773,34.738095238095234,4.83846183050246
Caloocan,2026-09-25T00:00:00+00:00,B,S,38.645477294921875,34.738095238095234,3.9073820568266413
Caloocan,2026-09-25T00:00:00+00:00,C,S,32.4608039855957,34.738095238095234,2.2772912524995306
Caloocan,2026-09-25T00:00:00+00:00,D,S,36.41331481933594,34.738095238095234,1.6752195812407038
Caloocan,2026-09-25T00:00:00+00:00,A,C,30.84773826599121,34.738095238095234,3.8903569721040228
Caloocan,2026-09-25T00:00:00+00:00,B,C,34.003257751464844,34.738095238095234,0.73483748663039
Caloocan,2026-09-25T00:00:00+00:00,C,C,31.855066299438477,34.738095238095234,2.883028938656757
Caloocan,2026-09-25T00:00:00+00:00,D,C,36.41331481933594,34.738095238095234,1.6752195812407038
Caloocan,2026-09-26T00:00:00+00:00,A,A,34.37300109863281,34.08181818181818,0.29118291681463404
Caloocan,2026-09-26T00:00:00+00:00,B,A,28.182403564453125,34.08181818181818,5.8994146173650535
Caloocan,2026-09-26T00:00:00+00:00,C,A,30.1231746673584,34.08181818181818,3.95864351445978
Caloocan,2026-09-26T00:00:00+00:00,D,A,34.56577682495117,34.08181818181818,0.4839586431329934
Caloocan,2026-09-26T00:00:00+00:00,A,B,34.37300109863281,34.08181818181818,0.29118291681463404
Caloocan,2026-09-26T00:00:00+00:00,B,B,28.182403564453125,34.08181818181818,5.8994146173650535
Caloocan,2026-09-26T00:00:00+00:00,C,B,30.1231746673584,34.08181818181818,3.95864351445978
Caloocan,2026-09-26T00:00:00+00:00,D,B,34.56577682495117,34.08181818181818,0.4839586431329934
Caloocan,2026-09-26T00:00:00+00:00,A,S,32.37160873413086,34.08181818181818,1.710209447687319
Caloocan,2026-09-26T00:00:00+00:00,B,S,32.753780364990234,34.08181818181818,1.328037816827944
Caloocan,2026-09-26T00:00:00+00:00,C,S,34.841156005859375,34.08181818181818,0.7593378240411965
Caloocan,2026-09-26T00:00:00+00:00,D,S,35.56022644042969,34.08181818181818,1.478408258611509
Caloocan,2026-09-26T00:00:00+00:00,A,C,31.243377685546875,34.08181818181818,2.8384404962713035
Caloocan,2026-09-26T00:00:00+00:00,B,C,32.21696090698242,34.08181818181818,1.8648572748357566
Caloocan,2026-09-26T00:00:00+00:00,C,C,32.44076919555664,34.08181818181818,1.6410489862615378
Caloocan,2026-09-26T00:00:00+00:00,D,C,35.56022644042969,34.08181818181818,1.478408258611509
Caloocan,2026-09-27T00:00:00+00:00,A,A,34.62568664550781,33.175000000000004,1.4506866455078082
Caloocan,2026-09-27T00:00:00+00:00,B,A,35.0328369140625,33.175000000000004,1.8578369140624957
Caloocan,2026-09-27T00:00:00+00:00,C,A,32.57310485839844,33.175000000000004,0.6018951416015668
Caloocan,2026-09-27T00:00:00+00:00,D,A,34.236419677734375,33.175000000000004,1.0614196777343707
Caloocan,2026-09-27T00:00:00+00:00,A,B,34.62568664550781,33.175000000000004,1.4506866455078082
Caloocan,2026-09-27T00:00:00+00:00,B,B,35.0328369140625,33.175000000000004,1.8578369140624957
Caloocan,2026-09-27T00:00:00+00:00,C,B,32.57310485839844,33.175000000000004,0.6018951416015668
Caloocan,2026-09-27T00:00:00+00:00,D,B,34.236419677734375,33.175000000000004,1.0614196777343707
Caloocan,2026-09-27T00:00:00+00:00,A,S,34.03001022338867,33.175000000000004,0.8550102233886676
Caloocan,2026-09-27T00:00:00+00:00,B,S,25.47295570373535,33.175000000000004,7.702044296264653
Caloocan,2026-09-27T00:00:00+00:00,C,S,31.270843505859375,33.175000000000004,1.9041564941406293
Caloocan,2026-09-27T00:00:00+00:00,D,S,33.22193908691406,33.175000000000004,0.04693908691405824
Caloocan,2026-09-27T00:00:00+00:00,A,C,33.877296447753906,33.175000000000004,0.702296447753902
Caloocan,2026-09-27T00:00:00+00:00,B,C,28.747854232788086,33.175000000000004,4.427145767211918
Caloocan,2026-09-27T00:00:00+00:00,C,C,31.622297286987305,33.175000000000004,1.5527027130126996
Caloocan,2026-09-27T00:00:00+00:00,D,C,33.22193908691406,33.175000000000004,0.04693908691405824
Valenzuela,2026-08-14T00:00:00+00:00,A,A,27.476425170898438,38.6,11.123574829101564
Valenzuela,2026-08-14T00:00:00+00:00,B,A,18.466331481933594,38.6,20.133668518066408
Valenzuela,2026-08-14T00:00:00+00:00,C,A,20.986852645874023,38.6,17.613147354125978
Valenzuela,2026-08-14T00:00:00+00:00,D,A,21.838022232055664,38.6,16.761977767944337
Valenzuela,2026-08-14T00:00:00+00:00,A,B,27.476425170898438,38.6,11.123574829101564
Valenzuela,2026-08-14T00:00:00+00:00,B,B,18.466331481933594,38.6,20.133668518066408
Valenzuela,2026-08-14T00:00:00+00:00,C,B,20.986852645874023,38.6,17.613147354125978
Valenzuela,2026-08-14T00:00:00+00:00,D,B,21.838022232055664,38.6,16.761977767944337
Valenzuela,2026-08-14T00:00:00+00:00,A,S,15.387584686279297,38.6,23.212415313720705
Valenzuela,2026-08-14T00:00:00+00:00,B,S,17.57904815673828,38.6,21.02095184326172
Valenzuela,2026-08-14T00:00:00+00:00,C,S,21.190929412841797,38.6,17.409070587158205
Valenzuela,2026-08-14T00:00:00+00:00,D,S,18.17109489440918,38.6,20.42890510559082
Valenzuela,2026-08-14T00:00:00+00:00,A,C,16.272872924804688,38.6,22.327127075195314
Valenzuela,2026-08-14T00:00:00+00:00,B,C,17.22211456298828,38.6,21.37788543701172
Valenzuela,2026-08-14T00:00:00+00:00,C,C,21.100297927856445,38.6,17.499702072143556
Valenzuela,2026-08-14T00:00:00+00:00,D,C,18.17109489440918,38.6,20.42890510559082
Valenzuela,2026-08-15T00:00:00+00:00,A,A,28.643465042114258,20.79090909090909,7.852555951205169
Valenzuela,2026-08-15T00:00:00+00:00,B,A,25.571413040161133,20.79090909090909,4.780503949252044
Valenzuela,2026-08-15T00:00:00+00:00,C,A,29.012876510620117,20.79090909090909,8.221967419711028
Valenzuela,2026-08-15T00:00:00+00:00,D,A,29.982383728027344,20.79090909090909,9.191474637118255
Valenzuela,2026-08-15T00:00:00+00:00,A,B,28.643465042114258,20.79090909090909,7.852555951205169
Valenzuela,2026-08-15T00:00:00+00:00,B,B,25.571413040161133,20.79090909090909,4.780503949252044
Valenzuela,2026-08-15T00:00:00+00:00,C,B,29.012876510620117,20.79090909090909,8.221967419711028
Valenzuela,2026-08-15T00:00:00+00:00,D,B,29.982383728027344,20.79090909090909,9.191474637118255
Valenzuela,2026-08-15T00:00:00+00:00,A,S,21.316625595092773,20.79090909090909,0.5257165041836842
Valenzuela,2026-08-15T00:00:00+00:00,B,S,24.512243270874023,20.79090909090909,3.721334179964934
Valenzuela,2026-08-15T00:00:00+00:00,C,S,30.323684692382812,20.79090909090909,9.532775601473723
Valenzuela,2026-08-15T00:00:00+00:00,D,S,25.51204490661621,20.79090909090909,4.721135815707122
Valenzuela,2026-08-15T00:00:00+00:00,A,C,21.168109893798828,20.79090909090909,0.3772008028897389
Valenzuela,2026-08-15T00:00:00+00:00,B,C,26.308183670043945,20.79090909090909,5.517274579134856
Valenzuela,2026-08-15T00:00:00+00:00,C,C,30.10199546813965,20.79090909090909,9.31108637723056
Valenzuela,2026-08-15T00:00:00+00:00,D,C,25.51204490661621,20.79090909090909,4.721135815707122
Valenzuela,2026-08-25T00:00:00+00:00,A,A,30.447769165039062,28.805555555555557,1.6422136094835054
Valenzuela,2026-08-25T00:00:00+00:00,B,A,27.75531578063965,28.805555555555557,1.0502397749159087
Valenzuela,2026-08-25T00:00:00+00:00,C,A,26.704580307006836,28.805555555555557,2.100975248548721
Valenzuela,2026-08-25T00:00:00+00:00,D,A,24.727773666381836,28.805555555555557,4.077781889173721
Valenzuela,2026-08-25T00:00:00+00:00,A,B,30.447769165039062,28.805555555555557,1.6422136094835054
Valenzuela,2026-08-25T00:00:00+00:00,B,B,27.75531578063965,28.805555555555557,1.0502397749159087
Valenzuela,2026-08-25T00:00:00+00:00,C,B,26.704580307006836,28.805555555555557,2.100975248548721
Valenzuela,2026-08-25T00:00:00+00:00,D,B,24.727773666381836,28.805555555555557,4.077781889173721
Valenzuela,2026-08-25T00:00:00+00:00,A,S,19.949365615844727,28.805555555555557,8.85618993971083
Valenzuela,2026-08-25T00:00:00+00:00,B,S,18.602109909057617,28.805555555555557,10.20344564649794
Valenzuela,2026-08-25T00:00:00+00:00,C,S,28.176237106323242,28.805555555555557,0.629318449232315
Valenzuela,2026-08-25T00:00:00+00:00,D,S,27.670785903930664,28.805555555555557,1.134769651624893
Valenzuela,2026-08-25T00:00:00+00:00,A,C,22.295740127563477,28.805555555555557,6.509815427992081
Valenzuela,2026-08-25T00:00:00+00:00,B,C,18.328428268432617,28.805555555555557,10.47712728712294
Valenzuela,2026-08-25T00:00:00+00:00,C,C,27.069482803344727,28.805555555555557,1.7360727522108306
Valenzuela,2026-08-25T00:00:00+00:00,D,C,27.670785903930664,28.805555555555557,1.134769651624893
Valenzuela,2026-08-26T00:00:00+00:00,A,A,36.9149055480957,16.06736842105263,20.847537127043072
Valenzuela,2026-08-26T00:00:00+00:00,B,A,32.26539611816406,16.06736842105263,16.19802769711143
Valenzuela,2026-08-26T00:00:00+00:00,C,A,31.02349281311035,16.06736842105263,14.95612439205772
Valenzuela,2026-08-26T00:00:00+00:00,D,A,22.96526527404785,16.06736842105263,6.8978968529952205
Valenzuela,2026-08-26T00:00:00+00:00,A,B,36.9149055480957,16.06736842105263,20.847537127043072
Valenzuela,2026-08-26T00:00:00+00:00,B,B,32.26539611816406,16.06736842105263,16.19802769711143
Valenzuela,2026-08-26T00:00:00+00:00,C,B,31.02349281311035,16.06736842105263,14.95612439205772
Valenzuela,2026-08-26T00:00:00+00:00,D,B,22.96526527404785,16.06736842105263,6.8978968529952205
Valenzuela,2026-08-26T00:00:00+00:00,A,S,25.82035255432129,16.06736842105263,9.752984133268658
Valenzuela,2026-08-26T00:00:00+00:00,B,S,26.98209571838379,16.06736842105263,10.914727297331158
Valenzuela,2026-08-26T00:00:00+00:00,C,S,25.142526626586914,16.06736842105263,9.075158205534283
Valenzuela,2026-08-26T00:00:00+00:00,D,S,25.245214462280273,16.06736842105263,9.177846041227642
Valenzuela,2026-08-26T00:00:00+00:00,A,C,30.108686447143555,16.06736842105263,14.041318026090924
Valenzuela,2026-08-26T00:00:00+00:00,B,C,26.21596336364746,16.06736842105263,10.14859494259483
Valenzuela,2026-08-26T00:00:00+00:00,C,C,25.258756637573242,16.06736842105263,9.191388216520611
Valenzuela,2026-08-26T00:00:00+00:00,D,C,25.245214462280273,16.06736842105263,9.177846041227642
Valenzuela,2026-08-28T00:00:00+00:00,A,A,14.008870124816895,13.943333333333335,0.0655367914835594
Valenzuela,2026-08-28T00:00:00+00:00,B,A,13.666680335998535,13.943333333333335,0.2766529973348
Valenzuela,2026-08-28T00:00:00+00:00,C,A,13.480650901794434,13.943333333333335,0.46268243153890154
Valenzuela,2026-08-28T00:00:00+00:00,D,A,11.82612133026123,13.943333333333335,2.1172120030721047
Valenzuela,2026-08-28T00:00:00+00:00,A,B,14.008870124816895,13.943333333333335,0.0655367914835594
Valenzuela,2026-08-28T00:00:00+00:00,B,B,13.666680335998535,13.943333333333335,0.2766529973348
Valenzuela,2026-08-28T00:00:00+00:00,C,B,13.480650901794434,13.943333333333335,0.46268243153890154
Valenzuela,2026-08-28T00:00:00+00:00,D,B,11.82612133026123,13.943333333333335,2.1172120030721047
Valenzuela,2026-08-28T00:00:00+00:00,A,S,11.264941215515137,13.943333333333335,2.6783921178181984
Valenzuela,2026-08-28T00:00:00+00:00,B,S,14.253987312316895,13.943333333333335,0.3106539789835594
Valenzuela,2026-08-28T00:00:00+00:00,C,S,15.267524719238281,13.943333333333335,1.3241913859049461
Valenzuela,2026-08-28T00:00:00+00:00,D,S,12.678080558776855,13.943333333333335,1.2652527745564797
Valenzuela,2026-08-28T00:00:00+00:00,A,C,12.407780647277832,13.943333333333335,1.535552686055503
Valenzuela,2026-08-28T00:00:00+00:00,B,C,15.687828063964844,13.943333333333335,1.7444947306315086
Valenzuela,2026-08-28T00:00:00+00:00,C,C,14.998547554016113,13.943333333333335,1.0552142206827781
Valenzuela,2026-08-28T00:00:00+00:00,D,C,12.678080558776855,13.943333333333335,1.2652527745564797
Valenzuela,2026-08-30T00:00:00+00:00,A,A,26.077138900756836,44.95,18.872861099243167
Valenzuela,2026-08-30T00:00:00+00:00,B,A,15.804093360900879,44.95,29.145906639099124
Valenzuela,2026-08-30T00:00:00+00:00,C,A,18.41343879699707,44.95,26.536561203002933
Valenzuela,2026-08-30T00:00:00+00:00,D,A,18.3392276763916,44.95,26.6107723236084
Valenzuela,2026-08-30T00:00:00+00:00,A,B,26.077138900756836,44.95,18.872861099243167
Valenzuela,2026-08-30T00:00:00+00:00,B,B,15.804093360900879,44.95,29.145906639099124
Valenzuela,2026-08-30T00:00:00+00:00,C,B,18.41343879699707,44.95,26.536561203002933
Valenzuela,2026-08-30T00:00:00+00:00,D,B,18.3392276763916,44.95,26.6107723236084
Valenzuela,2026-08-30T00:00:00+00:00,A,S,14.7677001953125,44.95,30.182299804687503
Valenzuela,2026-08-30T00:00:00+00:00,B,S,15.810956001281738,44.95,29.139043998718265
Valenzuela,2026-08-30T00:00:00+00:00,C,S,20.347352981567383,44.95,24.60264701843262
Valenzuela,2026-08-30T00:00:00+00:00,D,S,13.743019104003906,44.95,31.206980895996097
Valenzuela,2026-08-30T00:00:00+00:00,A,C,14.539641380310059,44.95,30.410358619689944
Valenzuela,2026-08-30T00:00:00+00:00,B,C,15.53351879119873,44.95,29.416481208801272
Valenzuela,2026-08-30T00:00:00+00:00,C,C,20.725786209106445,44.95,24.224213790893558
Valenzuela,2026-08-30T00:00:00+00:00,D,C,13.743019104003906,44.95,31.206980895996097
Valenzuela,2026-08-31T00:00:00+00:00,A,A,43.05680465698242,70.595,27.538195343017577
Valenzuela,2026-08-31T00:00:00+00:00,B,A,30.00736427307129,70.595,40.58763572692871
Valenzuela,2026-08-31T00:00:00+00:00,C,A,34.76739501953125,70.595,35.82760498046875
Valenzuela,2026-08-31T00:00:00+00:00,D,A,27.23262596130371,70.595,43.36237403869629
Valenzuela,2026-08-31T00:00:00+00:00,A,B,43.05680465698242,70.595,27.538195343017577
Valenzuela,2026-08-31T00:00:00+00:00,B,B,30.00736427307129,70.595,40.58763572692871
Valenzuela,2026-08-31T00:00:00+00:00,C,B,34.76739501953125,70.595,35.82760498046875
Valenzuela,2026-08-31T00:00:00+00:00,D,B,27.23262596130371,70.595,43.36237403869629
Valenzuela,2026-08-31T00:00:00+00:00,A,S,35.39738845825195,70.595,35.197611541748046
Valenzuela,2026-08-31T00:00:00+00:00,B,S,24.115346908569336,70.595,46.47965309143066
Valenzuela,2026-08-31T00:00:00+00:00,C,S,37.49430465698242,70.595,33.10069534301758
Valenzuela,2026-08-31T00:00:00+00:00,D,S,31.42510414123535,70.595,39.16989585876465
Valenzuela,2026-08-31T00:00:00+00:00,A,C,31.5644588470459,70.595,39.0305411529541
Valenzuela,2026-08-31T00:00:00+00:00,B,C,24.65956687927246,70.595,45.93543312072754
Valenzuela,2026-08-31T00:00:00+00:00,C,C,38.500545501708984,70.595,32.094454498291014
Valenzuela,2026-08-31T00:00:00+00:00,D,C,31.42510414123535,70.595,39.16989585876465
Valenzuela,2026-09-01T00:00:00+00:00,A,A,63.89069747924805,26.9952380952381,36.895459384009946
Valenzuela,2026-09-01T00:00:00+00:00,B,A,44.395748138427734,26.9952380952381,17.400510043189634
Valenzuela,2026-09-01T00:00:00+00:00,C,A,44.495880126953125,26.9952380952381,17.500642031715024
Valenzuela,2026-09-01T00:00:00+00:00,D,A,46.48703384399414,26.9952380952381,19.49179574875604
Valenzuela,2026-09-01T00:00:00+00:00,A,B,63.89069747924805,26.9952380952381,36.895459384009946
Valenzuela,2026-09-01T00:00:00+00:00,B,B,44.395748138427734,26.9952380952381,17.400510043189634
Valenzuela,2026-09-01T00:00:00+00:00,C,B,44.495880126953125,26.9952380952381,17.500642031715024
Valenzuela,2026-09-01T00:00:00+00:00,D,B,46.48703384399414,26.9952380952381,19.49179574875604
Valenzuela,2026-09-01T00:00:00+00:00,A,S,59.902374267578125,26.9952380952381,32.907136172340024
Valenzuela,2026-09-01T00:00:00+00:00,B,S,42.72358703613281,26.9952380952381,15.728348940894712
Valenzuela,2026-09-01T00:00:00+00:00,C,S,44.450592041015625,26.9952380952381,17.455353945777524
Valenzuela,2026-09-01T00:00:00+00:00,D,S,46.659175872802734,26.9952380952381,19.663937777564634
Valenzuela,2026-09-01T00:00:00+00:00,A,C,63.53947067260742,26.9952380952381,36.54423257736932
Valenzuela,2026-09-01T00:00:00+00:00,B,C,42.64653015136719,26.9952380952381,15.651292056129087
Valenzuela,2026-09-01T00:00:00+00:00,C,C,43.86555099487305,26.9952380952381,16.870312899634946
Valenzuela,2026-09-01T00:00:00+00:00,D,C,46.659175872802734,26.9952380952381,19.663937777564634
Valenzuela,2026-09-03T00:00:00+00:00,A,A,21.863243103027344,14.668500000000003,7.19474310302734
Valenzuela,2026-09-03T00:00:00+00:00,B,A,22.68288230895996,14.668500000000003,8.014382308959958
Valenzuela,2026-09-03T00:00:00+00:00,C,A,27.914907455444336,14.668500000000003,13.246407455444333
Valenzuela,2026-09-03T00:00:00+00:00,D,A,19.592182159423828,14.668500000000003,4.923682159423825
Valenzuela,2026-09-03T00:00:00+00:00,A,B,21.863243103027344,14.668500000000003,7.19474310302734
Valenzuela,2026-09-03T00:00:00+00:00,B,B,22.68288230895996,14.668500000000003,8.014382308959958
Valenzuela,2026-09-03T00:00:00+00:00,C,B,27.914907455444336,14.668500000000003,13.246407455444333
Valenzuela,2026-09-03T00:00:00+00:00,D,B,19.592182159423828,14.668500000000003,4.923682159423825
Valenzuela,2026-09-03T00:00:00+00:00,A,S,18.811227798461914,14.668500000000003,4.142727798461911
Valenzuela,2026-09-03T00:00:00+00:00,B,S,24.21947479248047,14.668500000000003,9.550974792480465
Valenzuela,2026-09-03T00:00:00+00:00,C,S,26.149810791015625,14.668500000000003,11.481310791015622
Valenzuela,2026-09-03T00:00:00+00:00,D,S,21.4788761138916,14.668500000000003,6.810376113891598
Valenzuela,2026-09-03T00:00:00+00:00,A,C,20.117067337036133,14.668500000000003,5.448567337036129
Valenzuela,2026-09-03T00:00:00+00:00,B,C,24.04787254333496,14.668500000000003,9.379372543334958
Valenzuela,2026-09-03T00:00:00+00:00,C,C,25.094192504882812,14.668500000000003,10.425692504882809
Valenzuela,2026-09-03T00:00:00+00:00,D,C,21.4788761138916,14.668500000000003,6.810376113891598
Valenzuela,2026-09-04T00:00:00+00:00,A,A,16.573781967163086,15.291681818181816,1.2821001489812698
Valenzuela,2026-09-04T00:00:00+00:00,B,A,22.577863693237305,15.291681818181816,7.2861818750554885
Valenzuela,2026-09-04T00:00:00+00:00,C,A,18.19342041015625,15.291681818181816,2.901738591974434
Valenzuela,2026-09-04T00:00:00+00:00,D,A,16.14175796508789,15.291681818181816,0.8500761469060745
Valenzuela,2026-09-04T00:00:00+00:00,A,B,16.573781967163086,15.291681818181816,1.2821001489812698
Valenzuela,2026-09-04T00:00:00+00:00,B,B,22.577863693237305,15.291681818181816,7.2861818750554885
Valenzuela,2026-09-04T00:00:00+00:00,C,B,18.19342041015625,15.291681818181816,2.901738591974434
Valenzuela,2026-09-04T00:00:00+00:00,D,B,16.14175796508789,15.291681818181816,0.8500761469060745
Valenzuela,2026-09-04T00:00:00+00:00,A,S,15.481104850769043,15.291681818181816,0.18942303258722681
Valenzuela,2026-09-04T00:00:00+00:00,B,S,17.16027069091797,15.291681818181816,1.8685888727361526
Valenzuela,2026-09-04T00:00:00+00:00,C,S,22.848342895507812,15.291681818181816,7.556661077325996
Valenzuela,2026-09-04T00:00:00+00:00,D,S,16.599924087524414,15.291681818181816,1.308242269342598
Valenzuela,2026-09-04T00:00:00+00:00,A,C,16.00492286682129,15.291681818181816,0.7132410486394729
Valenzuela,2026-09-04T00:00:00+00:00,B,C,19.23162078857422,15.291681818181816,3.9399389703924026
Valenzuela,2026-09-04T00:00:00+00:00,C,C,21.425973892211914,15.291681818181816,6.134292074030098
Valenzuela,2026-09-04T00:00:00+00:00,D,C,16.599924087524414,15.291681818181816,1.308242269342598
Valenzuela,2026-09-05T00:00:00+00:00,A,A,19.30963134765625,15.44631578947368,3.8633155581825704
Valenzuela,2026-09-05T00:00:00+00:00,B,A,20.310577392578125,15.44631578947368,4.864261603104445
Valenzuela,2026-09-05T00:00:00+00:00,C,A,17.0546817779541,15.44631578947368,1.608365988480422
Valenzuela,2026-09-05T00:00:00+00:00,D,A,18.32699203491211,15.44631578947368,2.88067624543843
Valenzuela,2026-09-05T00:00:00+00:00,A,B,19.30963134765625,15.44631578947368,3.8633155581825704
Valenzuela,2026-09-05T00:00:00+00:00,B,B,20.310577392578125,15.44631578947368,4.864261603104445
Valenzuela,2026-09-05T00:00:00+00:00,C,B,17.0546817779541,15.44631578947368,1.608365988480422
Valenzuela,2026-09-05T00:00:00+00:00,D,B,18.32699203491211,15.44631578947368,2.88067624543843
Valenzuela,2026-09-05T00:00:00+00:00,A,S,19.478172302246094,15.44631578947368,4.031856512772414
Valenzuela,2026-09-05T00:00:00+00:00,B,S,21.12104034423828,15.44631578947368,5.674724554764602
Valenzuela,2026-09-05T00:00:00+00:00,C,S,15.079934120178223,15.44631578947368,0.3663816692954569
Valenzuela,2026-09-05T00:00:00+00:00,D,S,21.09590721130371,15.44631578947368,5.649591421830031
Valenzuela,2026-09-05T00:00:00+00:00,A,C,15.51016616821289,15.44631578947368,0.06385037873921107
Valenzuela,2026-09-05T00:00:00+00:00,B,C,19.7006893157959,15.44631578947368,4.254373526322219
Valenzuela,2026-09-05T00:00:00+00:00,C,C,14.584574699401855,15.44631578947368,0.8617410900718241
Valenzuela,2026-09-05T00:00:00+00:00,D,C,21.09590721130371,15.44631578947368,5.649591421830031
Valenzuela,2026-09-06T00:00:00+00:00,A,A,20.16971778869629,9.7265,10.44321778869629
Valenzuela,2026-09-06T00:00:00+00:00,B,A,15.294746398925781,9.7265,5.5682463989257815
Valenzuela,2026-09-06T00:00:00+00:00,C,A,16.540224075317383,9.7265,6.813724075317383
Valenzuela,2026-09-06T00:00:00+00:00,D,A,17.17146873474121,9.7265,7.444968734741211
Valenzuela,2026-09-06T00:00:00+00:00,A,B,20.16971778869629,9.7265,10.44321778869629
Valenzuela,2026-09-06T00:00:00+00:00,B,B,15.294746398925781,9.7265,5.5682463989257815
Valenzuela,2026-09-06T00:00:00+00:00,C,B,16.540224075317383,9.7265,6.813724075317383
Valenzuela,2026-09-06T00:00:00+00:00,D,B,17.17146873474121,9.7265,7.444968734741211
Valenzuela,2026-09-06T00:00:00+00:00,A,S,18.04668426513672,9.7265,8.320184265136719
Valenzuela,2026-09-06T00:00:00+00:00,B,S,16.16675567626953,9.7265,6.4402556762695315
Valenzuela,2026-09-06T00:00:00+00:00,C,S,15.920821189880371,9.7265,6.194321189880371
Valenzuela,2026-09-06T00:00:00+00:00,D,S,17.1221866607666,9.7265,7.395686660766602
Valenzuela,2026-09-06T00:00:00+00:00,A,C,19.592483520507812,9.7265,9.865983520507813
Valenzuela,2026-09-06T00:00:00+00:00,B,C,14.9267578125,9.7265,5.2002578125
Valenzuela,2026-09-06T00:00:00+00:00,C,C,15.861393928527832,9.7265,6.134893928527832
Valenzuela,2026-09-06T00:00:00+00:00,D,C,17.1221866607666,9.7265,7.395686660766602
Valenzuela,2026-09-07T00:00:00+00:00,A,A,15.727760314941406,18.80388888888889,3.076128573947482
Valenzuela,2026-09-07T00:00:00+00:00,B,A,12.873146057128906,18.80388888888889,5.930742831759982
Valenzuela,2026-09-07T00:00:00+00:00,C,A,16.214677810668945,18.80388888888889,2.589211078219943
Valenzuela,2026-09-07T00:00:00+00:00,D,A,15.505355834960938,18.80388888888889,3.298533053927951
Valenzuela,2026-09-07T00:00:00+00:00,A,B,15.727760314941406,18.80388888888889,3.076128573947482
Valenzuela,2026-09-07T00:00:00+00:00,B,B,12.873146057128906,18.80388888888889,5.930742831759982
Valenzuela,2026-09-07T00:00:00+00:00,C,B,16.214677810668945,18.80388888888889,2.589211078219943
Valenzuela,2026-09-07T00:00:00+00:00,D,B,15.505355834960938,18.80388888888889,3.298533053927951
Valenzuela,2026-09-07T00:00:00+00:00,A,S,16.596927642822266,18.80388888888889,2.206961246066623
Valenzuela,2026-09-07T00:00:00+00:00,B,S,16.462974548339844,18.80388888888889,2.3409143405490447
Valenzuela,2026-09-07T00:00:00+00:00,C,S,15.047768592834473,18.80388888888889,3.7561202960544158
Valenzuela,2026-09-07T00:00:00+00:00,D,S,17.518646240234375,18.80388888888889,1.2852426486545134
Valenzuela,2026-09-07T00:00:00+00:00,A,C,16.11119270324707,18.80388888888889,2.692696185641818
Valenzuela,2026-09-07T00:00:00+00:00,B,C,16.13922691345215,18.80388888888889,2.66466197543674
Valenzuela,2026-09-07T00:00:00+00:00,C,C,14.946189880371094,18.80388888888889,3.8576990085177947
Valenzuela,2026-09-07T00:00:00+00:00,D,C,17.518646240234375,18.80388888888889,1.2852426486545134
Valenzuela,2026-09-08T00:00:00+00:00,A,A,24.66487693786621,17.474,7.190876937866211
Valenzuela,2026-09-08T00:00:00+00:00,B,A,10.215611457824707,17.474,7.258388542175293
Valenzuela,2026-09-08T00:00:00+00:00,C,A,19.685625076293945,17.474,2.211625076293945
Valenzuela,2026-09-08T00:00:00+00:00,D,A,19.93694496154785,17.474,2.4629449615478514
Valenzuela,2026-09-08T00:00:00+00:00,A,B,24.66487693786621,17.474,7.190876937866211
Valenzuela,2026-09-08T00:00:00+00:00,B,B,10.215611457824707,17.474,7.258388542175293
Valenzuela,2026-09-08T00:00:00+00:00,C,B,19.685625076293945,17.474,2.211625076293945
Valenzuela,2026-09-08T00:00:00+00:00,D,B,19.93694496154785,17.474,2.4629449615478514
Valenzuela,2026-09-08T00:00:00+00:00,A,S,22.228063583374023,17.474,4.754063583374023
Valenzuela,2026-09-08T00:00:00+00:00,B,S,18.69806480407715,17.474,1.2240648040771482
Valenzuela,2026-09-08T00:00:00+00:00,C,S,22.6667423248291,17.474,5.192742324829101
Valenzuela,2026-09-08T00:00:00+00:00,D,S,24.122756958007812,17.474,6.648756958007812
Valenzuela,2026-09-08T00:00:00+00:00,A,C,20.187889099121094,17.474,2.7138890991210936
Valenzuela,2026-09-08T00:00:00+00:00,B,C,16.2819881439209,17.474,1.1920118560791018
Valenzuela,2026-09-08T00:00:00+00:00,C,C,21.82292366027832,17.474,4.34892366027832
Valenzuela,2026-09-08T00:00:00+00:00,D,C,24.122756958007812,17.474,6.648756958007812
Valenzuela,2026-09-14T00:00:00+00:00,A,A,20.299541473388672,19.60608695652174,0.6934545168669324
Valenzuela,2026-09-14T00:00:00+00:00,B,A,15.456722259521484,19.60608695652174,4.149364697000255
Valenzuela,2026-09-14T00:00:00+00:00,C,A,17.280956268310547,19.60608695652174,2.3251306882111926
Valenzuela,2026-09-14T00:00:00+00:00,D,A,17.507593154907227,19.60608695652174,2.098493801614513
Valenzuela,2026-09-14T00:00:00+00:00,A,B,20.299541473388672,19.60608695652174,0.6934545168669324
Valenzuela,2026-09-14T00:00:00+00:00,B,B,15.456722259521484,19.60608695652174,4.149364697000255
Valenzuela,2026-09-14T00:00:00+00:00,C,B,17.280956268310547,19.60608695652174,2.3251306882111926
Valenzuela,2026-09-14T00:00:00+00:00,D,B,17.507593154907227,19.60608695652174,2.098493801614513
Valenzuela,2026-09-14T00:00:00+00:00,A,S,16.654653549194336,19.60608695652174,2.9514334073274036
Valenzuela,2026-09-14T00:00:00+00:00,B,S,16.4550838470459,19.60608695652174,3.151003109475841
Valenzuela,2026-09-14T00:00:00+00:00,C,S,21.1707763671875,19.60608695652174,1.5646894106657605
Valenzuela,2026-09-14T00:00:00+00:00,D,S,18.251806259155273,19.60608695652174,1.354280697366466
Valenzuela,2026-09-14T00:00:00+00:00,A,C,16.20734977722168,19.60608695652174,3.39873717930006
Valenzuela,2026-09-14T00:00:00+00:00,B,C,17.872329711914062,19.60608695652174,1.733757244607677
Valenzuela,2026-09-14T00:00:00+00:00,C,C,20.990779876708984,19.60608695652174,1.3846929201872449
Valenzuela,2026-09-14T00:00:00+00:00,D,C,18.251806259155273,19.60608695652174,1.354280697366466
Valenzuela,2026-09-15T00:00:00+00:00,A,A,17.356660842895508,23.8675,6.510839157104492
Valenzuela,2026-09-15T00:00:00+00:00,B,A,17.01991844177246,23.8675,6.847581558227539
Valenzuela,2026-09-15T00:00:00+00:00,C,A,18.230756759643555,23.8675,5.636743240356445
Valenzuela,2026-09-15T00:00:00+00:00,D,A,19.149362564086914,23.8675,4.718137435913086
Valenzuela,2026-09-15T00:00:00+00:00,A,B,17.356660842895508,23.8675,6.510839157104492
Valenzuela,2026-09-15T00:00:00+00:00,B,B,17.01991844177246,23.8675,6.847581558227539
Valenzuela,2026-09-15T00:00:00+00:00,C,B,18.230756759643555,23.8675,5.636743240356445
Valenzuela,2026-09-15T00:00:00+00:00,D,B,19.149362564086914,23.8675,4.718137435913086
Valenzuela,2026-09-15T00:00:00+00:00,A,S,17.449268341064453,23.8675,6.418231658935547
Valenzuela,2026-09-15T00:00:00+00:00,B,S,18.02037811279297,23.8675,5.847121887207031
Valenzuela,2026-09-15T00:00:00+00:00,C,S,17.54429817199707,23.8675,6.323201828002929
Valenzuela,2026-09-15T00:00:00+00:00,D,S,20.037626266479492,23.8675,3.8298737335205075
Valenzuela,2026-09-15T00:00:00+00:00,A,C,18.20798683166504,23.8675,5.659513168334961
Valenzuela,2026-09-15T00:00:00+00:00,B,C,18.273895263671875,23.8675,5.593604736328125
Valenzuela,2026-09-15T00:00:00+00:00,C,C,17.969762802124023,23.8675,5.897737197875976
Valenzuela,2026-09-15T00:00:00+00:00,D,C,20.037626266479492,23.8675,3.8298737335205075
Valenzuela,2026-09-18T00:00:00+00:00,A,A,21.475685119628906,32.205000000000005,10.7293148803711
Valenzuela,2026-09-18T00:00:00+00:00,B,A,21.352081298828125,32.205000000000005,10.85291870117188
Valenzuela,2026-09-18T00:00:00+00:00,C,A,25.40015411376953,32.205000000000005,6.804845886230474
Valenzuela,2026-09-18T00:00:00+00:00,D,A,25.26165771484375,32.205000000000005,6.943342285156255
Valenzuela,2026-09-18T00:00:00+00:00,A,B,21.475685119628906,32.205000000000005,10.7293148803711
Valenzuela,2026-09-18T00:00:00+00:00,B,B,21.352081298828125,32.205000000000005,10.85291870117188
Valenzuela,2026-09-18T00:00:00+00:00,C,B,25.40015411376953,32.205000000000005,6.804845886230474
Valenzuela,2026-09-18T00:00:00+00:00,D,B,25.26165771484375,32.205000000000005,6.943342285156255
Valenzuela,2026-09-18T00:00:00+00:00,A,S,17.212316513061523,32.205000000000005,14.992683486938482
Valenzuela,2026-09-18T00:00:00+00:00,B,S,20.30756378173828,32.205000000000005,11.897436218261724
Valenzuela,2026-09-18T00:00:00+00:00,C,S,24.412302017211914,32.205000000000005,7.792697982788091
Valenzuela,2026-09-18T00:00:00+00:00,D,S,24.790132522583008,32.205000000000005,7.414867477416998
Valenzuela,2026-09-18T00:00:00+00:00,A,C,18.6998348236084,32.205000000000005,13.505165176391607
Valenzuela,2026-09-18T00:00:00+00:00,B,C,21.53693389892578,32.205000000000005,10.668066101074224
Valenzuela,2026-09-18T00:00:00+00:00,C,C,23.374784469604492,32.205000000000005,8.830215530395513
Valenzuela,2026-09-18T00:00:00+00:00,D,C,24.790132522583008,32.205000000000005,7.414867477416998
Valenzuela,2026-09-19T00:00:00+00:00,A,A,27.412811279296875,27.916666666666668,0.5038553873697929
Valenzuela,2026-09-19T00:00:00+00:00,B,A,27.12323760986328,27.916666666666668,0.7934290568033866
Valenzuela,2026-09-19T00:00:00+00:00,C,A,28.123085021972656,27.916666666666668,0.2064183553059884
Valenzuela,2026-09-19T00:00:00+00:00,D,A,28.807790756225586,27.916666666666668,0.8911240895589181
Valenzuela,2026-09-19T00:00:00+00:00,A,B,27.412811279296875,27.916666666666668,0.5038553873697929
Valenzuela,2026-09-19T00:00:00+00:00,B,B,27.12323760986328,27.916666666666668,0.7934290568033866
Valenzuela,2026-09-19T00:00:00+00:00,C,B,28.123085021972656,27.916666666666668,0.2064183553059884
Valenzuela,2026-09-19T00:00:00+00:00,D,B,28.807790756225586,27.916666666666668,0.8911240895589181
Valenzuela,2026-09-19T00:00:00+00:00,A,S,23.64251136779785,27.916666666666668,4.274155298868816
Valenzuela,2026-09-19T00:00:00+00:00,B,S,29.57916831970215,27.916666666666668,1.6625016530354806
Valenzuela,2026-09-19T00:00:00+00:00,C,S,28.502304077148438,27.916666666666668,0.5856374104817696
Valenzuela,2026-09-19T00:00:00+00:00,D,S,29.845901489257812,27.916666666666668,1.9292348225911446
Valenzuela,2026-09-19T00:00:00+00:00,A,C,23.564170837402344,27.916666666666668,4.352495829264324
Valenzuela,2026-09-19T00:00:00+00:00,B,C,27.126882553100586,27.916666666666668,0.7897841135660819
Valenzuela,2026-09-19T00:00:00+00:00,C,C,30.680971145629883,27.916666666666668,2.764304478963215
Valenzuela,2026-09-19T00:00:00+00:00,D,C,29.845901489257812,27.916666666666668,1.9292348225911446
Valenzuela,2026-09-20T00:00:00+00:00,A,A,20.66464614868164,20.83181818181818,0.16717203313653783
Valenzuela,2026-09-20T00:00:00+00:00,B,A,19.523170471191406,20.83181818181818,1.3086477106267722
Valenzuela,2026-09-20T00:00:00+00:00,C,A,25.220481872558594,20.83181818181818,4.388663690740415
Valenzuela,2026-09-20T00:00:00+00:00,D,A,25.702585220336914,20.83181818181818,4.870767038518736
Valenzuela,2026-09-20T00:00:00+00:00,A,B,20.66464614868164,20.83181818181818,0.16717203313653783
Valenzuela,2026-09-20T00:00:00+00:00,B,B,19.523170471191406,20.83181818181818,1.3086477106267722
Valenzuela,2026-09-20T00:00:00+00:00,C,B,25.220481872558594,20.83181818181818,4.388663690740415
Valenzuela,2026-09-20T00:00:00+00:00,D,B,25.702585220336914,20.83181818181818,4.870767038518736
Valenzuela,2026-09-20T00:00:00+00:00,A,S,21.387237548828125,20.83181818181818,0.5554193670099465
Valenzuela,2026-09-20T00:00:00+00:00,B,S,30.418081283569336,20.83181818181818,9.586263101751157
Valenzuela,2026-09-20T00:00:00+00:00,C,S,22.491952896118164,20.83181818181818,1.6601347142999856
Valenzuela,2026-09-20T00:00:00+00:00,D,S,28.54628562927246,20.83181818181818,7.7144674474542825
Valenzuela,2026-09-20T00:00:00+00:00,A,C,25.211013793945312,20.83181818181818,4.379195612127134
Valenzuela,2026-09-20T00:00:00+00:00,B,C,26.892425537109375,20.83181818181818,6.0606073552911965
Valenzuela,2026-09-20T00:00:00+00:00,C,C,24.130197525024414,20.83181818181818,3.2983793432062356
Valenzuela,2026-09-20T00:00:00+00:00,D,C,28.54628562927246,20.83181818181818,7.7144674474542825
Valenzuela,2026-09-21T00:00:00+00:00,A,A,22.639480590820312,18.026363636363637,4.613116954456675
Valenzuela,2026-09-21T00:00:00+00:00,B,A,21.866540908813477,18.026363636363637,3.8401772724498393
Valenzuela,2026-09-21T00:00:00+00:00,C,A,21.442121505737305,18.026363636363637,3.4157578693736674
Valenzuela,2026-09-21T00:00:00+00:00,D,A,22.04559898376465,18.026363636363637,4.019235347401011
Valenzuela,2026-09-21T00:00:00+00:00,A,B,22.639480590820312,18.026363636363637,4.613116954456675
Valenzuela,2026-09-21T00:00:00+00:00,B,B,21.866540908813477,18.026363636363637,3.8401772724498393
Valenzuela,2026-09-21T00:00:00+00:00,C,B,21.442121505737305,18.026363636363637,3.4157578693736674
Valenzuela,2026-09-21T00:00:00+00:00,D,B,22.04559898376465,18.026363636363637,4.019235347401011
Valenzuela,2026-09-21T00:00:00+00:00,A,S,22.7767391204834,18.026363636363637,4.750375484119761
Valenzuela,2026-09-21T00:00:00+00:00,B,S,21.182729721069336,18.026363636363637,3.1563660847056987
Valenzuela,2026-09-21T00:00:00+00:00,C,S,21.3807315826416,18.026363636363637,3.3543679462779643
Valenzuela,2026-09-21T00:00:00+00:00,D,S,20.75278663635254,18.026363636363637,2.726422999988902
Valenzuela,2026-09-21T00:00:00+00:00,A,C,20.54294204711914,18.026363636363637,2.5165784107555034
Valenzuela,2026-09-21T00:00:00+00:00,B,C,23.52231788635254,18.026363636363637,5.495954249988902
Valenzuela,2026-09-21T00:00:00+00:00,C,C,23.053955078125,18.026363636363637,5.027591441761363
Valenzuela,2026-09-21T00:00:00+00:00,D,C,20.75278663635254,18.026363636363637,2.726422999988902
Valenzuela,2026-09-22T00:00:00+00:00,A,A,16.144149780273438,23.299999999999997,7.15585021972656
Valenzuela,2026-09-22T00:00:00+00:00,B,A,13.8192720413208,23.299999999999997,9.480727958679196
Valenzuela,2026-09-22T00:00:00+00:00,C,A,16.636850357055664,23.299999999999997,6.663149642944333
Valenzuela,2026-09-22T00:00:00+00:00,D,A,17.014345169067383,23.299999999999997,6.285654830932614
Valenzuela,2026-09-22T00:00:00+00:00,A,B,16.144149780273438,23.299999999999997,7.15585021972656
Valenzuela,2026-09-22T00:00:00+00:00,B,B,13.8192720413208,23.299999999999997,9.480727958679196
Valenzuela,2026-09-22T00:00:00+00:00,C,B,16.636850357055664,23.299999999999997,6.663149642944333
Valenzuela,2026-09-22T00:00:00+00:00,D,B,17.014345169067383,23.299999999999997,6.285654830932614
Valenzuela,2026-09-22T00:00:00+00:00,A,S,17.142051696777344,23.299999999999997,6.157948303222653
Valenzuela,2026-09-22T00:00:00+00:00,B,S,13.182324409484863,23.299999999999997,10.117675590515134
Valenzuela,2026-09-22T00:00:00+00:00,C,S,16.284162521362305,23.299999999999997,7.0158374786376925
Valenzuela,2026-09-22T00:00:00+00:00,D,S,17.97031593322754,23.299999999999997,5.329684066772458
Valenzuela,2026-09-22T00:00:00+00:00,A,C,16.596384048461914,23.299999999999997,6.703615951538083
Valenzuela,2026-09-22T00:00:00+00:00,B,C,12.92595386505127,23.299999999999997,10.374046134948728
Valenzuela,2026-09-22T00:00:00+00:00,C,C,16.64274787902832,23.299999999999997,6.657252120971677
Valenzuela,2026-09-22T00:00:00+00:00,D,C,17.97031593322754,23.299999999999997,5.329684066772458
Valenzuela,2026-09-23T00:00:00+00:00,A,A,19.2172794342041,27.47619047619047,8.25891104198637
Valenzuela,2026-09-23T00:00:00+00:00,B,A,17.863554000854492,27.47619047619047,9.612636475335979
Valenzuela,2026-09-23T00:00:00+00:00,C,A,22.366241455078125,27.47619047619047,5.109949021112346
Valenzuela,2026-09-23T00:00:00+00:00,D,A,21.70952606201172,27.47619047619047,5.766664414178752
Valenzuela,2026-09-23T00:00:00+00:00,A,B,19.2172794342041,27.47619047619047,8.25891104198637
Valenzuela,2026-09-23T00:00:00+00:00,B,B,17.863554000854492,27.47619047619047,9.612636475335979
Valenzuela,2026-09-23T00:00:00+00:00,C,B,22.366241455078125,27.47619047619047,5.109949021112346
Valenzuela,2026-09-23T00:00:00+00:00,D,B,21.70952606201172,27.47619047619047,5.766664414178752
Valenzuela,2026-09-23T00:00:00+00:00,A,S,18.137296676635742,27.47619047619047,9.338893799554729
Valenzuela,2026-09-23T00:00:00+00:00,B,S,21.052629470825195,27.47619047619047,6.423561005365276
Valenzuela,2026-09-23T00:00:00+00:00,C,S,21.08220100402832,27.47619047619047,6.393989472162151
Valenzuela,2026-09-23T00:00:00+00:00,D,S,22.9538631439209,27.47619047619047,4.5223273322695725
Valenzuela,2026-09-23T00:00:00+00:00,A,C,19.894479751586914,27.47619047619047,7.581710724603557
Valenzuela,2026-09-23T00:00:00+00:00,B,C,19.143646240234375,27.47619047619047,8.332544235956096
Valenzuela,2026-09-23T00:00:00+00:00,C,C,21.20870018005371,27.47619047619047,6.26749029613676
Valenzuela,2026-09-23T00:00:00+00:00,D,C,22.9538631439209,27.47619047619047,4.5223273322695725
Valenzuela,2026-09-25T00:00:00+00:00,A,A,26.772232055664062,24.881052631578946,1.8911794240851165
Valenzuela,2026-09-25T00:00:00+00:00,B,A,25.485177993774414,24.881052631578946,0.6041253621954681
Valenzuela,2026-09-25T00:00:00+00:00,C,A,27.673948287963867,24.881052631578946,2.792895656384921
Valenzuela,2026-09-25T00:00:00+00:00,D,A,31.335084915161133,24.881052631578946,6.454032283582187
Valenzuela,2026-09-25T00:00:00+00:00,A,B,26.772232055664062,24.881052631578946,1.8911794240851165
Valenzuela,2026-09-25T00:00:00+00:00,B,B,25.485177993774414,24.881052631578946,0.6041253621954681
Valenzuela,2026-09-25T00:00:00+00:00,C,B,27.673948287963867,24.881052631578946,2.792895656384921
Valenzuela,2026-09-25T00:00:00+00:00,D,B,31.335084915161133,24.881052631578946,6.454032283582187
Valenzuela,2026-09-25T00:00:00+00:00,A,S,31.31233024597168,24.881052631578946,6.431277614392734
Valenzuela,2026-09-25T00:00:00+00:00,B,S,33.263675689697266,24.881052631578946,8.38262305811832
Valenzuela,2026-09-25T00:00:00+00:00,C,S,28.371009826660156,24.881052631578946,3.4899571950812103
Valenzuela,2026-09-25T00:00:00+00:00,D,S,32.668983459472656,24.881052631578946,7.78793082789371
Valenzuela,2026-09-25T00:00:00+00:00,A,C,23.49894142150879,24.881052631578946,1.382111210070157
Valenzuela,2026-09-25T00:00:00+00:00,B,C,29.02370262145996,24.881052631578946,4.142649989881015
Valenzuela,2026-09-25T00:00:00+00:00,C,C,28.10312843322754,24.881052631578946,3.222075801648593
Valenzuela,2026-09-25T00:00:00+00:00,D,C,32.668983459472656,24.881052631578946,7.78793082789371
Valenzuela,2026-09-26T00:00:00+00:00,A,A,22.0395565032959,29.900000000000002,7.860443496704104
Valenzuela,2026-09-26T00:00:00+00:00,B,A,20.565441131591797,29.900000000000002,9.334558868408205
Valenzuela,2026-09-26T00:00:00+00:00,C,A,20.145477294921875,29.900000000000002,9.754522705078127
Valenzuela,2026-09-26T00:00:00+00:00,D,A,22.15614891052246,29.900000000000002,7.743851089477541
Valenzuela,2026-09-26T00:00:00+00:00,A,B,22.0395565032959,29.900000000000002,7.860443496704104
Valenzuela,2026-09-26T00:00:00+00:00,B,B,20.565441131591797,29.900000000000002,9.334558868408205
Valenzuela,2026-09-26T00:00:00+00:00,C,B,20.145477294921875,29.900000000000002,9.754522705078127
Valenzuela,2026-09-26T00:00:00+00:00,D,B,22.15614891052246,29.900000000000002,7.743851089477541
Valenzuela,2026-09-26T00:00:00+00:00,A,S,25.19838523864746,29.900000000000002,4.701614761352541
Valenzuela,2026-09-26T00:00:00+00:00,B,S,30.109825134277344,29.900000000000002,0.20982513427734162
Valenzuela,2026-09-26T00:00:00+00:00,C,S,27.8787899017334,29.900000000000002,2.0212100982666037
Valenzuela,2026-09-26T00:00:00+00:00,D,S,28.51987648010254,29.900000000000002,1.380123519897463
Valenzuela,2026-09-26T00:00:00+00:00,A,C,21.42838478088379,29.900000000000002,8.471615219116213
Valenzuela,2026-09-26T00:00:00+00:00,B,C,28.373472213745117,29.900000000000002,1.526527786254885
Valenzuela,2026-09-26T00:00:00+00:00,C,C,26.615036010742188,29.900000000000002,3.2849639892578146
Valenzuela,2026-09-26T00:00:00+00:00,D,C,28.51987648010254,29.900000000000002,1.380123519897463
Valenzuela,2026-09-27T00:00:00+00:00,A,A,25.941375732421875,28.650000000000002,2.708624267578127
Valenzuela,2026-09-27T00:00:00+00:00,B,A,30.01124382019043,28.650000000000002,1.3612438201904276
Valenzuela,2026-09-27T00:00:00+00:00,C,A,26.633102416992188,28.650000000000002,2.0168975830078146
Valenzuela,2026-09-27T00:00:00+00:00,D,A,27.086593627929688,28.650000000000002,1.5634063720703146
Valenzuela,2026-09-27T00:00:00+00:00,A,B,25.941375732421875,28.650000000000002,2.708624267578127
Valenzuela,2026-09-27T00:00:00+00:00,B,B,30.01124382019043,28.650000000000002,1.3612438201904276
Valenzuela,2026-09-27T00:00:00+00:00,C,B,26.633102416992188,28.650000000000002,2.0168975830078146
Valenzuela,2026-09-27T00:00:00+00:00,D,B,27.086593627929688,28.650000000000002,1.5634063720703146
Valenzuela,2026-09-27T00:00:00+00:00,A,S,23.10832977294922,28.650000000000002,5.541670227050783
Valenzuela,2026-09-27T00:00:00+00:00,B,S,24.974958419799805,28.650000000000002,3.6750415802001974
Valenzuela,2026-09-27T00:00:00+00:00,C,S,24.12042999267578,28.650000000000002,4.529570007324221
Valenzuela,2026-09-27T00:00:00+00:00,D,S,28.470876693725586,28.650000000000002,0.1791233062744162
Valenzuela,2026-09-27T00:00:00+00:00,A,C,24.28371238708496,28.650000000000002,4.366287612915041
Valenzuela,2026-09-27T00:00:00+00:00,B,C,26.44378089904785,28.650000000000002,2.2062191009521506
Valenzuela,2026-09-27T00:00:00+00:00,C,C,24.365713119506836,28.650000000000002,4.284286880493166
Valenzuela,2026-09-27T00:00:00+00:00,D,C,28.470876693725586,28.650000000000002,0.1791233062744162
Pasig,2026-08-14T00:00:00+00:00,A,A,11.658652305603027,15.64857142857143,3.989919122968402
Pasig,2026-08-14T00:00:00+00:00,B,A,9.859073638916016,15.64857142857143,5.789497789655414
Pasig,2026-08-14T00:00:00+00:00,C,A,15.42934799194336,15.64857142857143,0.2192234366280701
Pasig,2026-08-14T00:00:00+00:00,D,A,16.25934410095215,15.64857142857143,0.610772672380719
Pasig,2026-08-14T00:00:00+00:00,A,B,11.658652305603027,15.64857142857143,3.989919122968402
Pasig,2026-08-14T00:00:00+00:00,B,B,9.859073638916016,15.64857142857143,5.789497789655414
Pasig,2026-08-14T00:00:00+00:00,C,B,15.42934799194336,15.64857142857143,0.2192234366280701
Pasig,2026-08-14T00:00:00+00:00,D,B,16.25934410095215,15.64857142857143,0.610772672380719
Pasig,2026-08-14T00:00:00+00:00,A,S,13.887219429016113,15.64857142857143,1.7613519995553162
Pasig,2026-08-14T00:00:00+00:00,B,S,14.787142753601074,15.64857142857143,0.8614286749703552
Pasig,2026-08-14T00:00:00+00:00,C,S,18.915258407592773,15.64857142857143,3.266686979021344
Pasig,2026-08-14T00:00:00+00:00,D,S,11.575434684753418,15.64857142857143,4.0731367438180115
Pasig,2026-08-14T00:00:00+00:00,A,C,14.176756858825684,15.64857142857143,1.4718145697457459
Pasig,2026-08-14T00:00:00+00:00,B,C,14.504729270935059,15.64857142857143,1.1438421576363709
Pasig,2026-08-14T00:00:00+00:00,C,C,18.710742950439453,15.64857142857143,3.0621715218680237
Pasig,2026-08-14T00:00:00+00:00,D,C,11.575434684753418,15.64857142857143,4.0731367438180115
Pasig,2026-08-15T00:00:00+00:00,A,A,18.02480125427246,13.664736842105263,4.360064412167198
Pasig,2026-08-15T00:00:00+00:00,B,A,14.872944831848145,13.664736842105263,1.2082079897428812
Pasig,2026-08-15T00:00:00+00:00,C,A,17.309993743896484,13.664736842105263,3.645256901791221
Pasig,2026-08-15T00:00:00+00:00,D,A,15.820996284484863,13.664736842105263,2.1562594423796
Pasig,2026-08-15T00:00:00+00:00,A,B,18.02480125427246,13.664736842105263,4.360064412167198
Pasig,2026-08-15T00:00:00+00:00,B,B,14.872944831848145,13.664736842105263,1.2082079897428812
Pasig,2026-08-15T00:00:00+00:00,C,B,17.309993743896484,13.664736842105263,3.645256901791221
Pasig,2026-08-15T00:00:00+00:00,D,B,15.820996284484863,13.664736842105263,2.1562594423796
Pasig,2026-08-15T00:00:00+00:00,A,S,19.546144485473633,13.664736842105263,5.8814076433683695
Pasig,2026-08-15T00:00:00+00:00,B,S,16.02134895324707,13.664736842105263,2.356612111141807
Pasig,2026-08-15T00:00:00+00:00,C,S,18.064096450805664,13.664736842105263,4.399359608700401
Pasig,2026-08-15T00:00:00+00:00,D,S,17.24933624267578,13.664736842105263,3.584599400570518
Pasig,2026-08-15T00:00:00+00:00,A,C,16.559354782104492,13.664736842105263,2.894617939999229
Pasig,2026-08-15T00:00:00+00:00,B,C,17.9370174407959,13.664736842105263,4.272280598690635
Pasig,2026-08-15T00:00:00+00:00,C,C,17.42292594909668,13.664736842105263,3.7581891069914164
Pasig,2026-08-15T00:00:00+00:00,D,C,17.24933624267578,13.664736842105263,3.584599400570518
Pasig,2026-08-16T00:00:00+00:00,A,A,18.068742752075195,10.643157894736841,7.425584857338354
Pasig,2026-08-16T00:00:00+00:00,B,A,13.210033416748047,10.643157894736841,2.5668755220112054
Pasig,2026-08-16T00:00:00+00:00,C,A,15.038833618164062,10.643157894736841,4.395675723427221
Pasig,2026-08-16T00:00:00+00:00,D,A,13.607632637023926,10.643157894736841,2.9644747422870843
Pasig,2026-08-16T00:00:00+00:00,A,B,18.068742752075195,10.643157894736841,7.425584857338354
Pasig,2026-08-16T00:00:00+00:00,B,B,13.210033416748047,10.643157894736841,2.5668755220112054
Pasig,2026-08-16T00:00:00+00:00,C,B,15.038833618164062,10.643157894736841,4.395675723427221
Pasig,2026-08-16T00:00:00+00:00,D,B,13.607632637023926,10.643157894736841,2.9644747422870843
Pasig,2026-08-16T00:00:00+00:00,A,S,16.310171127319336,10.643157894736841,5.6670132325824945
Pasig,2026-08-16T00:00:00+00:00,B,S,13.889419555664062,10.643157894736841,3.246261660927221
Pasig,2026-08-16T00:00:00+00:00,C,S,16.743410110473633,10.643157894736841,6.100252215736791
Pasig,2026-08-16T00:00:00+00:00,D,S,13.717205047607422,10.643157894736841,3.0740471528705804
Pasig,2026-08-16T00:00:00+00:00,A,C,16.174758911132812,10.643157894736841,5.531601016395971
Pasig,2026-08-16T00:00:00+00:00,B,C,14.668742179870605,10.643157894736841,4.025584285133764
Pasig,2026-08-16T00:00:00+00:00,C,C,16.334440231323242,10.643157894736841,5.691282336586401
Pasig,2026-08-16T00:00:00+00:00,D,C,13.717205047607422,10.643157894736841,3.0740471528705804
Pasig,2026-08-24T00:00:00+00:00,A,A,27.45500373840332,24.07777777777778,3.377225960625541
Pasig,2026-08-24T00:00:00+00:00,B,A,18.5554141998291,24.07777777777778,5.522363577948678
Pasig,2026-08-24T00:00:00+00:00,C,A,23.481155395507812,24.07777777777778,0.5966223822699668
Pasig,2026-08-24T00:00:00+00:00,D,A,19.659326553344727,24.07777777777778,4.418451224433053
Pasig,2026-08-24T00:00:00+00:00,A,B,27.45500373840332,24.07777777777778,3.377225960625541
Pasig,2026-08-24T00:00:00+00:00,B,B,18.5554141998291,24.07777777777778,5.522363577948678
Pasig,2026-08-24T00:00:00+00:00,C,B,23.481155395507812,24.07777777777778,0.5966223822699668
Pasig,2026-08-24T00:00:00+00:00,D,B,19.659326553344727,24.07777777777778,4.418451224433053
Pasig,2026-08-24T00:00:00+00:00,A,S,15.193763732910156,24.07777777777778,8.884014044867623
Pasig,2026-08-24T00:00:00+00:00,B,S,14.396594047546387,24.07777777777778,9.681183730231393
Pasig,2026-08-24T00:00:00+00:00,C,S,21.974294662475586,24.07777777777778,2.1034831153021933
Pasig,2026-08-24T00:00:00+00:00,D,S,21.835092544555664,24.07777777777778,2.242685233222115
Pasig,2026-08-24T00:00:00+00:00,A,C,16.486631393432617,24.07777777777778,7.591146384345162
Pasig,2026-08-24T00:00:00+00:00,B,C,14.602751731872559,24.07777777777778,9.47502604590522
Pasig,2026-08-24T00:00:00+00:00,C,C,21.983102798461914,24.07777777777778,2.094674979315865
Pasig,2026-08-24T00:00:00+00:00,D,C,21.835092544555664,24.07777777777778,2.242685233222115
Pasig,2026-08-25T00:00:00+00:00,A,A,24.25263786315918,20.105555555555554,4.147082307603625
Pasig,2026-08-25T00:00:00+00:00,B,A,16.1374454498291,20.105555555555554,3.9681101057264527
Pasig,2026-08-25T00:00:00+00:00,C,A,21.77338981628418,20.105555555555554,1.6678342607286254
Pasig,2026-08-25T00:00:00+00:00,D,A,19.134788513183594,20.105555555555554,0.9707670423719605
Pasig,2026-08-25T00:00:00+00:00,A,B,24.25263786315918,20.105555555555554,4.147082307603625
Pasig,2026-08-25T00:00:00+00:00,B,B,16.1374454498291,20.105555555555554,3.9681101057264527
Pasig,2026-08-25T00:00:00+00:00,C,B,21.77338981628418,20.105555555555554,1.6678342607286254
Pasig,2026-08-25T00:00:00+00:00,D,B,19.134788513183594,20.105555555555554,0.9707670423719605
Pasig,2026-08-25T00:00:00+00:00,A,S,20.706153869628906,20.105555555555554,0.600598314073352
Pasig,2026-08-25T00:00:00+00:00,B,S,17.56365394592285,20.105555555555554,2.5419016096327027
Pasig,2026-08-25T00:00:00+00:00,C,S,22.074228286743164,20.105555555555554,1.9686727311876098
Pasig,2026-08-25T00:00:00+00:00,D,S,21.370874404907227,20.105555555555554,1.2653188493516723
Pasig,2026-08-25T00:00:00+00:00,A,C,20.48698616027832,20.105555555555554,0.381430604722766
Pasig,2026-08-25T00:00:00+00:00,B,C,17.68834686279297,20.105555555555554,2.4172086927625855
Pasig,2026-08-25T00:00:00+00:00,C,C,22.223365783691406,20.105555555555554,2.117810228135852
Pasig,2026-08-25T00:00:00+00:00,D,C,21.370874404907227,20.105555555555554,1.2653188493516723
Pasig,2026-08-26T00:00:00+00:00,A,A,24.558996200561523,10.058499999999999,14.500496200561525
Pasig,2026-08-26T00:00:00+00:00,B,A,17.866065979003906,10.058499999999999,7.807565979003908
Pasig,2026-08-26T00:00:00+00:00,C,A,18.970762252807617,10.058499999999999,8.912262252807619
Pasig,2026-08-26T00:00:00+00:00,D,A,15.592999458312988,10.058499999999999,5.53449945831299
Pasig,2026-08-26T00:00:00+00:00,A,B,24.558996200561523,10.058499999999999,14.500496200561525
Pasig,2026-08-26T00:00:00+00:00,B,B,17.866065979003906,10.058499999999999,7.807565979003908
Pasig,2026-08-26T00:00:00+00:00,C,B,18.970762252807617,10.058499999999999,8.912262252807619
Pasig,2026-08-26T00:00:00+00:00,D,B,15.592999458312988,10.058499999999999,5.53449945831299
Pasig,2026-08-26T00:00:00+00:00,A,S,20.731016159057617,10.058499999999999,10.672516159057619
Pasig,2026-08-26T00:00:00+00:00,B,S,16.9959659576416,10.058499999999999,6.937465957641603
Pasig,2026-08-26T00:00:00+00:00,C,S,18.836633682250977,10.058499999999999,8.778133682250978
Pasig,2026-08-26T00:00:00+00:00,D,S,18.357540130615234,10.058499999999999,8.299040130615236
Pasig,2026-08-26T00:00:00+00:00,A,C,18.721221923828125,10.058499999999999,8.662721923828126
Pasig,2026-08-26T00:00:00+00:00,B,C,17.051481246948242,10.058499999999999,6.9929812469482435
Pasig,2026-08-26T00:00:00+00:00,C,C,18.871999740600586,10.058499999999999,8.813499740600587
Pasig,2026-08-26T00:00:00+00:00,D,C,18.357540130615234,10.058499999999999,8.299040130615236
Pasig,2026-08-30T00:00:00+00:00,A,A,12.439103126525879,27.026315789473685,14.587212662947806
Pasig,2026-08-30T00:00:00+00:00,B,A,10.032511711120605,27.026315789473685,16.99380407835308
Pasig,2026-08-30T00:00:00+00:00,C,A,14.670123100280762,27.026315789473685,12.356192689192923
Pasig,2026-08-30T00:00:00+00:00,D,A,16.76872444152832,27.026315789473685,10.257591347945365
Pasig,2026-08-30T00:00:00+00:00,A,B,12.439103126525879,27.026315789473685,14.587212662947806
Pasig,2026-08-30T00:00:00+00:00,B,B,10.032511711120605,27.026315789473685,16.99380407835308
Pasig,2026-08-30T00:00:00+00:00,C,B,14.670123100280762,27.026315789473685,12.356192689192923
Pasig,2026-08-30T00:00:00+00:00,D,B,16.76872444152832,27.026315789473685,10.257591347945365
Pasig,2026-08-30T00:00:00+00:00,A,S,15.89984130859375,27.026315789473685,11.126474480879935
Pasig,2026-08-30T00:00:00+00:00,B,S,13.408768653869629,27.026315789473685,13.617547135604056
Pasig,2026-08-30T00:00:00+00:00,C,S,18.421335220336914,27.026315789473685,8.604980569136771
Pasig,2026-08-30T00:00:00+00:00,D,S,13.612750053405762,27.026315789473685,13.413565736067923
Pasig,2026-08-30T00:00:00+00:00,A,C,13.250445365905762,27.026315789473685,13.775870423567923
Pasig,2026-08-30T00:00:00+00:00,B,C,12.544146537780762,27.026315789473685,14.482169251692923
Pasig,2026-08-30T00:00:00+00:00,C,C,18.08529281616211,27.026315789473685,8.941022973311576
Pasig,2026-08-30T00:00:00+00:00,D,C,13.612750053405762,27.026315789473685,13.413565736067923
Pasig,2026-08-31T00:00:00+00:00,A,A,30.559846878051758,42.345,11.785153121948241
Pasig,2026-08-31T00:00:00+00:00,B,A,20.523622512817383,42.345,21.821377487182616
Pasig,2026-08-31T00:00:00+00:00,C,A,26.446868896484375,42.345,15.898131103515624
Pasig,2026-08-31T00:00:00+00:00,D,A,20.32943344116211,42.345,22.01556655883789
Pasig,2026-08-31T00:00:00+00:00,A,B,30.559846878051758,42.345,11.785153121948241
Pasig,2026-08-31T00:00:00+00:00,B,B,20.523622512817383,42.345,21.821377487182616
Pasig,2026-08-31T00:00:00+00:00,C,B,26.446868896484375,42.345,15.898131103515624
Pasig,2026-08-31T00:00:00+00:00,D,B,20.32943344116211,42.345,22.01556655883789
Pasig,2026-08-31T00:00:00+00:00,A,S,23.565637588500977,42.345,18.779362411499022
Pasig,2026-08-31T00:00:00+00:00,B,S,17.71649742126465,42.345,24.62850257873535
Pasig,2026-08-31T00:00:00+00:00,C,S,24.99241065979004,42.345,17.35258934020996
Pasig,2026-08-31T00:00:00+00:00,D,S,22.221845626831055,42.345,20.123154373168944
Pasig,2026-08-31T00:00:00+00:00,A,C,25.026155471801758,42.345,17.31884452819824
Pasig,2026-08-31T00:00:00+00:00,B,C,18.92888832092285,42.345,23.416111679077147
Pasig,2026-08-31T00:00:00+00:00,C,C,25.44281005859375,42.345,16.90218994140625
Pasig,2026-08-31T00:00:00+00:00,D,C,22.221845626831055,42.345,20.123154373168944
Pasig,2026-09-01T00:00:00+00:00,A,A,38.298885345458984,18.655000000000005,19.64388534545898
Pasig,2026-09-01T00:00:00+00:00,B,A,30.7558650970459,18.655000000000005,12.100865097045894
Pasig,2026-09-01T00:00:00+00:00,C,A,32.39603805541992,18.655000000000005,13.741038055419917
Pasig,2026-09-01T00:00:00+00:00,D,A,31.130767822265625,18.655000000000005,12.47576782226562
Pasig,2026-09-01T00:00:00+00:00,A,B,38.298885345458984,18.655000000000005,19.64388534545898
Pasig,2026-09-01T00:00:00+00:00,B,B,30.7558650970459,18.655000000000005,12.100865097045894
Pasig,2026-09-01T00:00:00+00:00,C,B,32.39603805541992,18.655000000000005,13.741038055419917
Pasig,2026-09-01T00:00:00+00:00,D,B,31.130767822265625,18.655000000000005,12.47576782226562
Pasig,2026-09-01T00:00:00+00:00,A,S,34.65902328491211,18.655000000000005,16.004023284912105
Pasig,2026-09-01T00:00:00+00:00,B,S,26.896682739257812,18.655000000000005,8.241682739257808
Pasig,2026-09-01T00:00:00+00:00,C,S,30.706506729125977,18.655000000000005,12.051506729125972
Pasig,2026-09-01T00:00:00+00:00,D,S,34.027687072753906,18.655000000000005,15.372687072753902
Pasig,2026-09-01T00:00:00+00:00,A,C,40.0975227355957,18.655000000000005,21.4425227355957
Pasig,2026-09-01T00:00:00+00:00,B,C,28.452880859375,18.655000000000005,9.797880859374995
Pasig,2026-09-01T00:00:00+00:00,C,C,30.83955192565918,18.655000000000005,12.184551925659175
Pasig,2026-09-01T00:00:00+00:00,D,C,34.027687072753906,18.655000000000005,15.372687072753902
Pasig,2026-09-03T00:00:00+00:00,A,A,19.20476722717285,9.071818181818182,10.13294904535467
Pasig,2026-09-03T00:00:00+00:00,B,A,14.965868949890137,9.071818181818182,5.8940507680719545
Pasig,2026-09-03T00:00:00+00:00,C,A,19.533958435058594,9.071818181818182,10.462140253240412
Pasig,2026-09-03T00:00:00+00:00,D,A,14.46729564666748,9.071818181818182,5.395477464849298
Pasig,2026-09-03T00:00:00+00:00,A,B,19.20476722717285,9.071818181818182,10.13294904535467
Pasig,2026-09-03T00:00:00+00:00,B,B,14.965868949890137,9.071818181818182,5.8940507680719545
Pasig,2026-09-03T00:00:00+00:00,C,B,19.533958435058594,9.071818181818182,10.462140253240412
Pasig,2026-09-03T00:00:00+00:00,D,B,14.46729564666748,9.071818181818182,5.395477464849298
Pasig,2026-09-03T00:00:00+00:00,A,S,17.485387802124023,9.071818181818182,8.413569620305841
Pasig,2026-09-03T00:00:00+00:00,B,S,17.5221004486084,9.071818181818182,8.450282266790216
Pasig,2026-09-03T00:00:00+00:00,C,S,21.06266212463379,9.071818181818182,11.990843942815607
Pasig,2026-09-03T00:00:00+00:00,D,S,16.461076736450195,9.071818181818182,7.389258554632013
Pasig,2026-09-03T00:00:00+00:00,A,C,17.592378616333008,9.071818181818182,8.520560434514826
Pasig,2026-09-03T00:00:00+00:00,B,C,18.9787654876709,9.071818181818182,9.906947305852716
Pasig,2026-09-03T00:00:00+00:00,C,C,19.985963821411133,9.071818181818182,10.91414563959295
Pasig,2026-09-03T00:00:00+00:00,D,C,16.461076736450195,9.071818181818182,7.389258554632013
Pasig,2026-09-04T00:00:00+00:00,A,A,10.577183723449707,8.159999999999998,2.4171837234497087
Pasig,2026-09-04T00:00:00+00:00,B,A,12.748130798339844,8.159999999999998,4.588130798339845
Pasig,2026-09-04T00:00:00+00:00,C,A,11.81653881072998,8.159999999999998,3.656538810729982
Pasig,2026-09-04T00:00:00+00:00,D,A,10.50913143157959,8.159999999999998,2.3491314315795915
Pasig,2026-09-04T00:00:00+00:00,A,B,10.577183723449707,8.159999999999998,2.4171837234497087
Pasig,2026-09-04T00:00:00+00:00,B,B,12.748130798339844,8.159999999999998,4.588130798339845
Pasig,2026-09-04T00:00:00+00:00,C,B,11.81653881072998,8.159999999999998,3.656538810729982
Pasig,2026-09-04T00:00:00+00:00,D,B,10.50913143157959,8.159999999999998,2.3491314315795915
Pasig,2026-09-04T00:00:00+00:00,A,S,10.716851234436035,8.159999999999998,2.556851234436037
Pasig,2026-09-04T00:00:00+00:00,B,S,12.63535213470459,8.159999999999998,4.4753521347045915
Pasig,2026-09-04T00:00:00+00:00,C,S,16.26995086669922,8.159999999999998,8.10995086669922
Pasig,2026-09-04T00:00:00+00:00,D,S,10.543204307556152,8.159999999999998,2.383204307556154
Pasig,2026-09-04T00:00:00+00:00,A,C,13.3136625289917,8.159999999999998,5.153662528991701
Pasig,2026-09-04T00:00:00+00:00,B,C,14.65880298614502,8.159999999999998,6.498802986145021
Pasig,2026-09-04T00:00:00+00:00,C,C,15.038752555847168,8.159999999999998,6.87875255584717
Pasig,2026-09-04T00:00:00+00:00,D,C,10.543204307556152,8.159999999999998,2.383204307556154
Pasig,2026-09-05T00:00:00+00:00,A,A,9.003303527832031,6.602857142857144,2.400446384974887
Pasig,2026-09-05T00:00:00+00:00,B,A,10.429518699645996,6.602857142857144,3.826661556788852
Pasig,2026-09-05T00:00:00+00:00,C,A,10.161503791809082,6.602857142857144,3.558646648951938
Pasig,2026-09-05T00:00:00+00:00,D,A,9.53314208984375,6.602857142857144,2.930284946986606
Pasig,2026-09-05T00:00:00+00:00,A,B,9.003303527832031,6.602857142857144,2.400446384974887
Pasig,2026-09-05T00:00:00+00:00,B,B,10.429518699645996,6.602857142857144,3.826661556788852
Pasig,2026-09-05T00:00:00+00:00,C,B,10.161503791809082,6.602857142857144,3.558646648951938
Pasig,2026-09-05T00:00:00+00:00,D,B,9.53314208984375,6.602857142857144,2.930284946986606
Pasig,2026-09-05T00:00:00+00:00,A,S,8.929078102111816,6.602857142857144,2.3262209592546723
Pasig,2026-09-05T00:00:00+00:00,B,S,13.784197807312012,6.602857142857144,7.181340664454868
Pasig,2026-09-05T00:00:00+00:00,C,S,12.030905723571777,6.602857142857144,5.428048580714633
Pasig,2026-09-05T00:00:00+00:00,D,S,9.953128814697266,6.602857142857144,3.3502716718401215
Pasig,2026-09-05T00:00:00+00:00,A,C,7.428016662597656,6.602857142857144,0.8251595197405122
Pasig,2026-09-05T00:00:00+00:00,B,C,12.939995765686035,6.602857142857144,6.337138622828891
Pasig,2026-09-05T00:00:00+00:00,C,C,11.664633750915527,6.602857142857144,5.061776608058383
Pasig,2026-09-05T00:00:00+00:00,D,C,9.953128814697266,6.602857142857144,3.3502716718401215
Pasig,2026-09-06T00:00:00+00:00,A,A,9.810019493103027,6.665555555555556,3.1444639375474717
Pasig,2026-09-06T00:00:00+00:00,B,A,9.75805377960205,6.665555555555556,3.092498224046495
Pasig,2026-09-06T00:00:00+00:00,C,A,11.867157936096191,6.665555555555556,5.201602380540636
Pasig,2026-09-06T00:00:00+00:00,D,A,10.594758033752441,6.665555555555556,3.9292024781968857
Pasig,2026-09-06T00:00:00+00:00,A,B,9.810019493103027,6.665555555555556,3.1444639375474717
Pasig,2026-09-06T00:00:00+00:00,B,B,9.75805377960205,6.665555555555556,3.092498224046495
Pasig,2026-09-06T00:00:00+00:00,C,B,11.867157936096191,6.665555555555556,5.201602380540636
Pasig,2026-09-06T00:00:00+00:00,D,B,10.594758033752441,6.665555555555556,3.9292024781968857
Pasig,2026-09-06T00:00:00+00:00,A,S,11.011611938476562,6.665555555555556,4.346056382921007
Pasig,2026-09-06T00:00:00+00:00,B,S,11.739811897277832,6.665555555555556,5.074256341722276
Pasig,2026-09-06T00:00:00+00:00,C,S,11.15564250946045,6.665555555555556,4.4900869539048935
Pasig,2026-09-06T00:00:00+00:00,D,S,11.058318138122559,6.665555555555556,4.392762582567003
Pasig,2026-09-06T00:00:00+00:00,A,C,10.372662544250488,6.665555555555556,3.7071069886949326
Pasig,2026-09-06T00:00:00+00:00,B,C,10.579204559326172,6.665555555555556,3.913649003770616
Pasig,2026-09-06T00:00:00+00:00,C,C,11.459388732910156,6.665555555555556,4.793833177354601
Pasig,2026-09-06T00:00:00+00:00,D,C,11.058318138122559,6.665555555555556,4.392762582567003
Pasig,2026-09-07T00:00:00+00:00,A,A,13.14708423614502,9.667,3.4800842361450197
Pasig,2026-09-07T00:00:00+00:00,B,A,14.009117126464844,9.667,4.342117126464844
Pasig,2026-09-07T00:00:00+00:00,C,A,10.798378944396973,9.667,1.1313789443969728
Pasig,2026-09-07T00:00:00+00:00,D,A,10.969437599182129,9.667,1.302437599182129
Pasig,2026-09-07T00:00:00+00:00,A,B,13.14708423614502,9.667,3.4800842361450197
Pasig,2026-09-07T00:00:00+00:00,B,B,14.009117126464844,9.667,4.342117126464844
Pasig,2026-09-07T00:00:00+00:00,C,B,10.798378944396973,9.667,1.1313789443969728
Pasig,2026-09-07T00:00:00+00:00,D,B,10.969437599182129,9.667,1.302437599182129
Pasig,2026-09-07T00:00:00+00:00,A,S,14.458584785461426,9.667,4.791584785461426
Pasig,2026-09-07T00:00:00+00:00,B,S,13.889849662780762,9.667,4.222849662780762
Pasig,2026-09-07T00:00:00+00:00,C,S,14.437933921813965,9.667,4.770933921813965
Pasig,2026-09-07T00:00:00+00:00,D,S,11.032137870788574,9.667,1.3651378707885744
Pasig,2026-09-07T00:00:00+00:00,A,C,14.204033851623535,9.667,4.537033851623535
Pasig,2026-09-07T00:00:00+00:00,B,C,12.940631866455078,9.667,3.2736318664550783
Pasig,2026-09-07T00:00:00+00:00,C,C,14.096183776855469,9.667,4.429183776855469
Pasig,2026-09-07T00:00:00+00:00,D,C,11.032137870788574,9.667,1.3651378707885744
Pasig,2026-09-08T00:00:00+00:00,A,A,11.196423530578613,8.591052631578947,2.6053708989996665
Pasig,2026-09-08T00:00:00+00:00,B,A,6.988649845123291,8.591052631578947,1.6024027864556558
Pasig,2026-09-08T00:00:00+00:00,C,A,10.41523265838623,8.591052631578947,1.8241800268072836
Pasig,2026-09-08T00:00:00+00:00,D,A,10.811978340148926,8.591052631578947,2.220925708569979
Pasig,2026-09-08T00:00:00+00:00,A,B,11.196423530578613,8.591052631578947,2.6053708989996665
Pasig,2026-09-08T00:00:00+00:00,B,B,6.988649845123291,8.591052631578947,1.6024027864556558
Pasig,2026-09-08T00:00:00+00:00,C,B,10.41523265838623,8.591052631578947,1.8241800268072836
Pasig,2026-09-08T00:00:00+00:00,D,B,10.811978340148926,8.591052631578947,2.220925708569979
Pasig,2026-09-08T00:00:00+00:00,A,S,11.785714149475098,8.591052631578947,3.194661517896151
Pasig,2026-09-08T00:00:00+00:00,B,S,13.140838623046875,8.591052631578947,4.549785991467928
Pasig,2026-09-08T00:00:00+00:00,C,S,13.066231727600098,8.591052631578947,4.475179096021151
Pasig,2026-09-08T00:00:00+00:00,D,S,10.968979835510254,8.591052631578947,2.377927203931307
Pasig,2026-09-08T00:00:00+00:00,A,C,12.1621675491333,8.591052631578947,3.571114917554354
Pasig,2026-09-08T00:00:00+00:00,B,C,12.443257331848145,8.591052631578947,3.8522047002691977
Pasig,2026-09-08T00:00:00+00:00,C,C,12.9702730178833,8.591052631578947,4.379220386304354
Pasig,2026-09-08T00:00:00+00:00,D,C,10.968979835510254,8.591052631578947,2.377927203931307
Pasig,2026-09-14T00:00:00+00:00,A,A,13.175445556640625,18.954545454545457,5.779099897904832
Pasig,2026-09-14T00:00:00+00:00,B,A,9.930222511291504,18.954545454545457,9.024322943253953
Pasig,2026-09-14T00:00:00+00:00,C,A,14.209996223449707,18.954545454545457,4.74454923109575
Pasig,2026-09-14T00:00:00+00:00,D,A,12.404129028320312,18.954545454545457,6.550416426225144
Pasig,2026-09-14T00:00:00+00:00,A,B,13.175445556640625,18.954545454545457,5.779099897904832
Pasig,2026-09-14T00:00:00+00:00,B,B,9.930222511291504,18.954545454545457,9.024322943253953
Pasig,2026-09-14T00:00:00+00:00,C,B,14.209996223449707,18.954545454545457,4.74454923109575
Pasig,2026-09-14T00:00:00+00:00,D,B,12.404129028320312,18.954545454545457,6.550416426225144
Pasig,2026-09-14T00:00:00+00:00,A,S,12.998448371887207,18.954545454545457,5.95609708265825
Pasig,2026-09-14T00:00:00+00:00,B,S,12.844364166259766,18.954545454545457,6.110181288285691
Pasig,2026-09-14T00:00:00+00:00,C,S,15.591593742370605,18.954545454545457,3.3629517121748513
Pasig,2026-09-14T00:00:00+00:00,D,S,12.8780517578125,18.954545454545457,6.076493696732957
Pasig,2026-09-14T00:00:00+00:00,A,C,10.35170841217041,18.954545454545457,8.602837042375047
Pasig,2026-09-14T00:00:00+00:00,B,C,11.108426094055176,18.954545454545457,7.846119360490281
Pasig,2026-09-14T00:00:00+00:00,C,C,16.00986671447754,18.954545454545457,2.9446787400679177
Pasig,2026-09-14T00:00:00+00:00,D,C,12.8780517578125,18.954545454545457,6.076493696732957
Pasig,2026-09-15T00:00:00+00:00,A,A,16.850162506103516,22.133333333333333,5.283170827229817
Pasig,2026-09-15T00:00:00+00:00,B,A,17.760637283325195,22.133333333333333,4.3726960500081375
Pasig,2026-09-15T00:00:00+00:00,C,A,15.472821235656738,22.133333333333333,6.660512097676595
Pasig,2026-09-15T00:00:00+00:00,D,A,15.625904083251953,22.133333333333333,6.50742925008138
Pasig,2026-09-15T00:00:00+00:00,A,B,16.850162506103516,22.133333333333333,5.283170827229817
Pasig,2026-09-15T00:00:00+00:00,B,B,17.760637283325195,22.133333333333333,4.3726960500081375
Pasig,2026-09-15T00:00:00+00:00,C,B,15.472821235656738,22.133333333333333,6.660512097676595
Pasig,2026-09-15T00:00:00+00:00,D,B,15.625904083251953,22.133333333333333,6.50742925008138
Pasig,2026-09-15T00:00:00+00:00,A,S,16.39056968688965,22.133333333333333,5.742763646443684
Pasig,2026-09-15T00:00:00+00:00,B,S,19.749740600585938,22.133333333333333,2.3835927327473954
Pasig,2026-09-15T00:00:00+00:00,C,S,16.2560977935791,22.133333333333333,5.877235539754231
Pasig,2026-09-15T00:00:00+00:00,D,S,18.155033111572266,22.133333333333333,3.9783002217610672
Pasig,2026-09-15T00:00:00+00:00,A,C,16.569644927978516,22.133333333333333,5.563688405354817
Pasig,2026-09-15T00:00:00+00:00,B,C,19.246171951293945,22.133333333333333,2.8871613820393875
Pasig,2026-09-15T00:00:00+00:00,C,C,16.214508056640625,22.133333333333333,5.918825276692708
Pasig,2026-09-15T00:00:00+00:00,D,C,18.155033111572266,22.133333333333333,3.9783002217610672
Pasig,2026-09-18T00:00:00+00:00,A,A,13.242050170898438,13.515789473684212,0.2737393027857742
Pasig,2026-09-18T00:00:00+00:00,B,A,13.198768615722656,13.515789473684212,0.31702085796155544
Pasig,2026-09-18T00:00:00+00:00,C,A,11.66262435913086,13.515789473684212,1.8531651145533523
Pasig,2026-09-18T00:00:00+00:00,D,A,13.253917694091797,13.515789473684212,0.2618717795924148
Pasig,2026-09-18T00:00:00+00:00,A,B,13.242050170898438,13.515789473684212,0.2737393027857742
Pasig,2026-09-18T00:00:00+00:00,B,B,13.198768615722656,13.515789473684212,0.31702085796155544
Pasig,2026-09-18T00:00:00+00:00,C,B,11.66262435913086,13.515789473684212,1.8531651145533523
Pasig,2026-09-18T00:00:00+00:00,D,B,13.253917694091797,13.515789473684212,0.2618717795924148
Pasig,2026-09-18T00:00:00+00:00,A,S,14.927144050598145,13.515789473684212,1.4113545769139328
Pasig,2026-09-18T00:00:00+00:00,B,S,15.937775611877441,13.515789473684212,2.4219861381932297
Pasig,2026-09-18T00:00:00+00:00,C,S,17.468238830566406,13.515789473684212,3.9524493568821946
Pasig,2026-09-18T00:00:00+00:00,D,S,12.612820625305176,13.515789473684212,0.9029688483790359
Pasig,2026-09-18T00:00:00+00:00,A,C,14.479134559631348,13.515789473684212,0.963345085947136
Pasig,2026-09-18T00:00:00+00:00,B,C,17.01461410522461,13.515789473684212,3.4988246315403977
Pasig,2026-09-18T00:00:00+00:00,C,C,17.853029251098633,13.515789473684212,4.337239777414421
Pasig,2026-09-18T00:00:00+00:00,D,C,12.612820625305176,13.515789473684212,0.9029688483790359
Pasig,2026-09-20T00:00:00+00:00,A,A,9.249977111816406,11.169565217391304,1.9195881055748973
Pasig,2026-09-20T00:00:00+00:00,B,A,12.805033683776855,11.169565217391304,1.6354684663855519
Pasig,2026-09-20T00:00:00+00:00,C,A,13.063522338867188,11.169565217391304,1.893957121475884
Pasig,2026-09-20T00:00:00+00:00,D,A,14.193299293518066,11.169565217391304,3.023734076126763
Pasig,2026-09-20T00:00:00+00:00,A,B,9.249977111816406,11.169565217391304,1.9195881055748973
Pasig,2026-09-20T00:00:00+00:00,B,B,12.805033683776855,11.169565217391304,1.6354684663855519
Pasig,2026-09-20T00:00:00+00:00,C,B,13.063522338867188,11.169565217391304,1.893957121475884
Pasig,2026-09-20T00:00:00+00:00,D,B,14.193299293518066,11.169565217391304,3.023734076126763
Pasig,2026-09-20T00:00:00+00:00,A,S,12.782798767089844,11.169565217391304,1.6132335496985402
Pasig,2026-09-20T00:00:00+00:00,B,S,19.445953369140625,11.169565217391304,8.276388151749321
Pasig,2026-09-20T00:00:00+00:00,C,S,14.94662094116211,11.169565217391304,3.777055723770806
Pasig,2026-09-20T00:00:00+00:00,D,S,16.907928466796875,11.169565217391304,5.738363249405571
Pasig,2026-09-20T00:00:00+00:00,A,C,19.44106101989746,11.169565217391304,8.271495802506157
Pasig,2026-09-20T00:00:00+00:00,B,C,20.02094078063965,11.169565217391304,8.851375563248345
Pasig,2026-09-20T00:00:00+00:00,C,C,13.879834175109863,11.169565217391304,2.7102689577185597
Pasig,2026-09-20T00:00:00+00:00,D,C,16.907928466796875,11.169565217391304,5.738363249405571
Pasig,2026-09-21T00:00:00+00:00,A,A,11.9242525100708,10.130952380952381,1.7933001291184194
Pasig,2026-09-21T00:00:00+00:00,B,A,14.1904935836792,10.130952380952381,4.059541202726818
Pasig,2026-09-21T00:00:00+00:00,C,A,12.782379150390625,10.130952380952381,2.6514267694382436
Pasig,2026-09-21T00:00:00+00:00,D,A,15.802688598632812,10.130952380952381,5.671736217680431
Pasig,2026-09-21T00:00:00+00:00,A,B,11.9242525100708,10.130952380952381,1.7933001291184194
Pasig,2026-09-21T00:00:00+00:00,B,B,14.1904935836792,10.130952380952381,4.059541202726818
Pasig,2026-09-21T00:00:00+00:00,C,B,12.782379150390625,10.130952380952381,2.6514267694382436
Pasig,2026-09-21T00:00:00+00:00,D,B,15.802688598632812,10.130952380952381,5.671736217680431
Pasig,2026-09-21T00:00:00+00:00,A,S,11.423184394836426,10.130952380952381,1.2922320138840444
Pasig,2026-09-21T00:00:00+00:00,B,S,13.9869966506958,10.130952380952381,3.8560442697434194
Pasig,2026-09-21T00:00:00+00:00,C,S,16.036272048950195,10.130952380952381,5.905319667997814
Pasig,2026-09-21T00:00:00+00:00,D,S,14.09904956817627,10.130952380952381,3.968097187223888
Pasig,2026-09-21T00:00:00+00:00,A,C,15.689600944519043,10.130952380952381,5.558648563566662
Pasig,2026-09-21T00:00:00+00:00,B,C,14.6509370803833,10.130952380952381,4.519984699430919
Pasig,2026-09-21T00:00:00+00:00,C,C,15.239888191223145,10.130952380952381,5.108935810270763
Pasig,2026-09-21T00:00:00+00:00,D,C,14.09904956817627,10.130952380952381,3.968097187223888
Pasig,2026-09-22T00:00:00+00:00,A,A,10.499314308166504,16.656521739130437,6.157207430963933
Pasig,2026-09-22T00:00:00+00:00,B,A,8.247895240783691,16.656521739130437,8.408626498346745
Pasig,2026-09-22T00:00:00+00:00,C,A,11.479594230651855,16.656521739130437,5.176927508478581
Pasig,2026-09-22T00:00:00+00:00,D,A,12.284103393554688,16.656521739130437,4.372418345575749
Pasig,2026-09-22T00:00:00+00:00,A,B,10.499314308166504,16.656521739130437,6.157207430963933
Pasig,2026-09-22T00:00:00+00:00,B,B,8.247895240783691,16.656521739130437,8.408626498346745
Pasig,2026-09-22T00:00:00+00:00,C,B,11.479594230651855,16.656521739130437,5.176927508478581
Pasig,2026-09-22T00:00:00+00:00,D,B,12.284103393554688,16.656521739130437,4.372418345575749
Pasig,2026-09-22T00:00:00+00:00,A,S,10.246410369873047,16.656521739130437,6.41011136925739
Pasig,2026-09-22T00:00:00+00:00,B,S,9.569991111755371,16.656521739130437,7.0865306273750654
Pasig,2026-09-22T00:00:00+00:00,C,S,11.292457580566406,16.656521739130437,5.36406415856403
Pasig,2026-09-22T00:00:00+00:00,D,S,12.216400146484375,16.656521739130437,4.4401215926460615
Pasig,2026-09-22T00:00:00+00:00,A,C,10.086989402770996,16.656521739130437,6.5695323363594404
Pasig,2026-09-22T00:00:00+00:00,B,C,9.49283504486084,16.656521739130437,7.163686694269597
Pasig,2026-09-22T00:00:00+00:00,C,C,11.90990924835205,16.656521739130437,4.746612490778386
Pasig,2026-09-22T00:00:00+00:00,D,C,12.216400146484375,16.656521739130437,4.4401215926460615
Pasig,2026-09-23T00:00:00+00:00,A,A,16.797544479370117,19.25681818181818,2.459273702448062
Pasig,2026-09-23T00:00:00+00:00,B,A,13.280868530273438,19.25681818181818,5.975949651544742
Pasig,2026-09-23T00:00:00+00:00,C,A,14.629740715026855,19.25681818181818,4.627077466791324
Pasig,2026-09-23T00:00:00+00:00,D,A,16.105186462402344,19.25681818181818,3.1516317194158354
Pasig,2026-09-23T00:00:00+00:00,A,B,16.797544479370117,19.25681818181818,2.459273702448062
Pasig,2026-09-23T00:00:00+00:00,B,B,13.280868530273438,19.25681818181818,5.975949651544742
Pasig,2026-09-23T00:00:00+00:00,C,B,14.629740715026855,19.25681818181818,4.627077466791324
Pasig,2026-09-23T00:00:00+00:00,D,B,16.105186462402344,19.25681818181818,3.1516317194158354
Pasig,2026-09-23T00:00:00+00:00,A,S,15.645428657531738,19.25681818181818,3.611389524286441
Pasig,2026-09-23T00:00:00+00:00,B,S,12.505528450012207,19.25681818181818,6.751289731805972
Pasig,2026-09-23T00:00:00+00:00,C,S,13.424880981445312,19.25681818181818,5.831937200372867
Pasig,2026-09-23T00:00:00+00:00,D,S,16.290987014770508,19.25681818181818,2.9658311670476714
Pasig,2026-09-23T00:00:00+00:00,A,C,12.224909782409668,19.25681818181818,7.031908399408511
Pasig,2026-09-23T00:00:00+00:00,B,C,13.55112361907959,19.25681818181818,5.705694562738589
Pasig,2026-09-23T00:00:00+00:00,C,C,13.417231559753418,19.25681818181818,5.839586622064761
Pasig,2026-09-23T00:00:00+00:00,D,C,16.290987014770508,19.25681818181818,2.9658311670476714
Pasig,2026-09-25T00:00:00+00:00,A,A,20.886714935302734,14.35904761904762,6.527667316255114
Pasig,2026-09-25T00:00:00+00:00,B,A,13.686453819274902,14.35904761904762,0.6725937997727183
Pasig,2026-09-25T00:00:00+00:00,C,A,17.75664710998535,14.35904761904762,3.397599490937731
Pasig,2026-09-25T00:00:00+00:00,D,A,20.971506118774414,14.35904761904762,6.6124584997267934
Pasig,2026-09-25T00:00:00+00:00,A,B,20.886714935302734,14.35904761904762,6.527667316255114
Pasig,2026-09-25T00:00:00+00:00,B,B,13.686453819274902,14.35904761904762,0.6725937997727183
Pasig,2026-09-25T00:00:00+00:00,C,B,17.75664710998535,14.35904761904762,3.397599490937731
Pasig,2026-09-25T00:00:00+00:00,D,B,20.971506118774414,14.35904761904762,6.6124584997267934
Pasig,2026-09-25T00:00:00+00:00,A,S,17.903642654418945,14.35904761904762,3.5445950353713247
Pasig,2026-09-25T00:00:00+00:00,B,S,18.486440658569336,14.35904761904762,4.127393039521715
Pasig,2026-09-25T00:00:00+00:00,C,S,18.87214469909668,14.35904761904762,4.513097080049059
Pasig,2026-09-25T00:00:00+00:00,D,S,19.78169059753418,14.35904761904762,5.422642978486559
Pasig,2026-09-25T00:00:00+00:00,A,C,17.559865951538086,14.35904761904762,3.2008183324904653
Pasig,2026-09-25T00:00:00+00:00,B,C,17.245010375976562,14.35904761904762,2.885962756928942
Pasig,2026-09-25T00:00:00+00:00,C,C,17.99180030822754,14.35904761904762,3.6327526891799184
Pasig,2026-09-25T00:00:00+00:00,D,C,19.78169059753418,14.35904761904762,5.422642978486559
Pasig,2026-09-26T00:00:00+00:00,A,A,14.588485717773438,22.336363636363636,7.7478779185901985
Pasig,2026-09-26T00:00:00+00:00,B,A,14.241886138916016,22.336363636363636,8.09447749744762
Pasig,2026-09-26T00:00:00+00:00,C,A,13.904227256774902,22.336363636363636,8.432136379588734
Pasig,2026-09-26T00:00:00+00:00,D,A,14.742915153503418,22.336363636363636,7.593448482860218
Pasig,2026-09-26T00:00:00+00:00,A,B,14.588485717773438,22.336363636363636,7.7478779185901985
Pasig,2026-09-26T00:00:00+00:00,B,B,14.241886138916016,22.336363636363636,8.09447749744762
Pasig,2026-09-26T00:00:00+00:00,C,B,13.904227256774902,22.336363636363636,8.432136379588734
Pasig,2026-09-26T00:00:00+00:00,D,B,14.742915153503418,22.336363636363636,7.593448482860218
Pasig,2026-09-26T00:00:00+00:00,A,S,13.4957914352417,22.336363636363636,8.840572201121937
Pasig,2026-09-26T00:00:00+00:00,B,S,16.574661254882812,22.336363636363636,5.7617023814808235
Pasig,2026-09-26T00:00:00+00:00,C,S,15.109911918640137,22.336363636363636,7.226451717723499
Pasig,2026-09-26T00:00:00+00:00,D,S,15.444191932678223,22.336363636363636,6.892171703685413
Pasig,2026-09-26T00:00:00+00:00,A,C,13.746785163879395,22.336363636363636,8.589578472484241
Pasig,2026-09-26T00:00:00+00:00,B,C,16.587438583374023,22.336363636363636,5.7489250529896125
Pasig,2026-09-26T00:00:00+00:00,C,C,14.380928039550781,22.336363636363636,7.955435596812855
Pasig,2026-09-26T00:00:00+00:00,D,C,15.444191932678223,22.336363636363636,6.892171703685413
Pasig,2026-09-27T00:00:00+00:00,A,A,18.830842971801758,22.51304347826087,3.682200506459111
Pasig,2026-09-27T00:00:00+00:00,B,A,21.9005184173584,22.51304347826087,0.6125250609024704
Pasig,2026-09-27T00:00:00+00:00,C,A,24.810510635375977,22.51304347826087,2.2974671571151077
Pasig,2026-09-27T00:00:00+00:00,D,A,22.98345947265625,22.51304347826087,0.4704159943953812
Pasig,2026-09-27T00:00:00+00:00,A,B,18.830842971801758,22.51304347826087,3.682200506459111
Pasig,2026-09-27T00:00:00+00:00,B,B,21.9005184173584,22.51304347826087,0.6125250609024704
Pasig,2026-09-27T00:00:00+00:00,C,B,24.810510635375977,22.51304347826087,2.2974671571151077
Pasig,2026-09-27T00:00:00+00:00,D,B,22.98345947265625,22.51304347826087,0.4704159943953812
Pasig,2026-09-27T00:00:00+00:00,A,S,17.325605392456055,22.51304347826087,5.187438085804814
Pasig,2026-09-27T00:00:00+00:00,B,S,17.726606369018555,22.51304347826087,4.786437109242314
Pasig,2026-09-27T00:00:00+00:00,C,S,22.56732177734375,22.51304347826087,0.054278299082881176
Pasig,2026-09-27T00:00:00+00:00,D,S,21.944978713989258,22.51304347826087,0.568064764271611
Pasig,2026-09-27T00:00:00+00:00,A,C,23.225412368774414,22.51304347826087,0.7123688905135452
Pasig,2026-09-27T00:00:00+00:00,B,C,21.091018676757812,22.51304347826087,1.4220248015030563
Pasig,2026-09-27T00:00:00+00:00,C,C,23.61906623840332,22.51304347826087,1.1060227601424515
Pasig,2026-09-27T00:00:00+00:00,D,C,21.944978713989258,22.51304347826087,0.568064764271611
Makati,2026-08-14T00:00:00+00:00,A,A,21.872314453125,30.33277777777777,8.460463324652771
Makati,2026-08-14T00:00:00+00:00,B,A,19.347375869750977,30.33277777777777,10.985401908026795
Makati,2026-08-14T00:00:00+00:00,C,A,22.043928146362305,30.33277777777777,8.288849631415466
Makati,2026-08-14T00:00:00+00:00,D,A,20.853681564331055,30.33277777777777,9.479096213446716
Makati,2026-08-14T00:00:00+00:00,A,B,21.872314453125,30.33277777777777,8.460463324652771
Makati,2026-08-14T00:00:00+00:00,B,B,19.347375869750977,30.33277777777777,10.985401908026795
Makati,2026-08-14T00:00:00+00:00,C,B,22.043928146362305,30.33277777777777,8.288849631415466
Makati,2026-08-14T00:00:00+00:00,D,B,20.853681564331055,30.33277777777777,9.479096213446716
Makati,2026-08-14T00:00:00+00:00,A,S,13.63516616821289,30.33277777777777,16.69761160956488
Makati,2026-08-14T00:00:00+00:00,B,S,15.774985313415527,30.33277777777777,14.557792464362244
Makati,2026-08-14T00:00:00+00:00,C,S,21.690200805664062,30.33277777777777,8.642576972113709
Makati,2026-08-14T00:00:00+00:00,D,S,20.252347946166992,30.33277777777777,10.080429831610779
Makati,2026-08-14T00:00:00+00:00,A,C,15.189005851745605,30.33277777777777,15.143771926032166
Makati,2026-08-14T00:00:00+00:00,B,C,15.435221672058105,30.33277777777777,14.897556105719666
Makati,2026-08-14T00:00:00+00:00,C,C,21.616811752319336,30.33277777777777,8.715966025458435
Makati,2026-08-14T00:00:00+00:00,D,C,20.252347946166992,30.33277777777777,10.080429831610779
Makati,2026-08-15T00:00:00+00:00,A,A,31.43330955505371,19.452173913043474,11.981135642010237
Makati,2026-08-15T00:00:00+00:00,B,A,21.559438705444336,19.452173913043474,2.107264792400862
Makati,2026-08-15T00:00:00+00:00,C,A,25.83665657043457,19.452173913043474,6.384482657391096
Makati,2026-08-15T00:00:00+00:00,D,A,26.3629207611084,19.452173913043474,6.910746848064925
Makati,2026-08-15T00:00:00+00:00,A,B,31.43330955505371,19.452173913043474,11.981135642010237
Makati,2026-08-15T00:00:00+00:00,B,B,21.559438705444336,19.452173913043474,2.107264792400862
Makati,2026-08-15T00:00:00+00:00,C,B,25.83665657043457,19.452173913043474,6.384482657391096
Makati,2026-08-15T00:00:00+00:00,D,B,26.3629207611084,19.452173913043474,6.910746848064925
Makati,2026-08-15T00:00:00+00:00,A,S,23.843793869018555,19.452173913043474,4.391619955975081
Makati,2026-08-15T00:00:00+00:00,B,S,21.48842430114746,19.452173913043474,2.036250388103987
Makati,2026-08-15T00:00:00+00:00,C,S,25.356210708618164,19.452173913043474,5.90403679557469
Makati,2026-08-15T00:00:00+00:00,D,S,26.3160457611084,19.452173913043474,6.863871848064925
Makati,2026-08-15T00:00:00+00:00,A,C,25.014474868774414,19.452173913043474,5.56230095573094
Makati,2026-08-15T00:00:00+00:00,B,C,23.00840950012207,19.452173913043474,3.5562355870785964
Makati,2026-08-15T00:00:00+00:00,C,C,25.317129135131836,19.452173913043474,5.864955222088362
Makati,2026-08-15T00:00:00+00:00,D,C,26.3160457611084,19.452173913043474,6.863871848064925
Makati,2026-08-24T00:00:00+00:00,A,A,28.1312198638916,29.026315789473685,0.8950959255820834
Makati,2026-08-24T00:00:00+00:00,B,A,28.149816513061523,29.026315789473685,0.8764992764121615
Makati,2026-08-24T00:00:00+00:00,C,A,29.292165756225586,29.026315789473685,0.265849966751901
Makati,2026-08-24T00:00:00+00:00,D,A,27.207372665405273,29.026315789473685,1.8189431240684115
Makati,2026-08-24T00:00:00+00:00,A,B,28.1312198638916,29.026315789473685,0.8950959255820834
Makati,2026-08-24T00:00:00+00:00,B,B,28.149816513061523,29.026315789473685,0.8764992764121615
Makati,2026-08-24T00:00:00+00:00,C,B,29.292165756225586,29.026315789473685,0.265849966751901
Makati,2026-08-24T00:00:00+00:00,D,B,27.207372665405273,29.026315789473685,1.8189431240684115
Makati,2026-08-24T00:00:00+00:00,A,S,15.976740837097168,29.026315789473685,13.049574952376517
Makati,2026-08-24T00:00:00+00:00,B,S,16.244422912597656,29.026315789473685,12.781892876876029
Makati,2026-08-24T00:00:00+00:00,C,S,24.84287452697754,29.026315789473685,4.183441262496146
Makati,2026-08-24T00:00:00+00:00,D,S,26.405576705932617,29.026315789473685,2.6207390835410678
Makati,2026-08-24T00:00:00+00:00,A,C,16.962738037109375,29.026315789473685,12.06357775236431
Makati,2026-08-24T00:00:00+00:00,B,C,16.277467727661133,29.026315789473685,12.748848061812552
Makati,2026-08-24T00:00:00+00:00,C,C,24.23893165588379,29.026315789473685,4.787384133589896
Makati,2026-08-24T00:00:00+00:00,D,C,26.405576705932617,29.026315789473685,2.6207390835410678
Makati,2026-08-25T00:00:00+00:00,A,A,29.94977378845215,25.563157894736843,4.386615893715305
Makati,2026-08-25T00:00:00+00:00,B,A,27.523530960083008,25.563157894736843,1.9603730653461646
Makati,2026-08-25T00:00:00+00:00,C,A,26.613304138183594,25.563157894736843,1.0501462434467506
Makati,2026-08-25T00:00:00+00:00,D,A,25.933488845825195,25.563157894736843,0.3703309510883521
Makati,2026-08-25T00:00:00+00:00,A,B,29.94977378845215,25.563157894736843,4.386615893715305
Makati,2026-08-25T00:00:00+00:00,B,B,27.523530960083008,25.563157894736843,1.9603730653461646
Makati,2026-08-25T00:00:00+00:00,C,B,26.613304138183594,25.563157894736843,1.0501462434467506
Makati,2026-08-25T00:00:00+00:00,D,B,25.933488845825195,25.563157894736843,0.3703309510883521
Makati,2026-08-25T00:00:00+00:00,A,S,21.108591079711914,25.563157894736843,4.454566815024929
Makati,2026-08-25T00:00:00+00:00,B,S,20.14360237121582,25.563157894736843,5.419555523521023
Makati,2026-08-25T00:00:00+00:00,C,S,26.90097999572754,25.563157894736843,1.3378221009906959
Makati,2026-08-25T00:00:00+00:00,D,S,26.106164932250977,25.563157894736843,0.5430070375141334
Makati,2026-08-25T00:00:00+00:00,A,C,22.291990280151367,25.563157894736843,3.271167614585476
Makati,2026-08-25T00:00:00+00:00,B,C,19.954626083374023,25.563157894736843,5.60853181136282
Makati,2026-08-25T00:00:00+00:00,C,C,26.590072631835938,25.563157894736843,1.0269147370990943
Makati,2026-08-25T00:00:00+00:00,D,C,26.106164932250977,25.563157894736843,0.5430070375141334
Makati,2026-08-26T00:00:00+00:00,A,A,26.742612838745117,14.31611111111111,12.426501727634006
Makati,2026-08-26T00:00:00+00:00,B,A,26.331527709960938,14.31611111111111,12.015416598849827
Makati,2026-08-26T00:00:00+00:00,C,A,27.24480628967285,14.31611111111111,12.92869517856174
Makati,2026-08-26T00:00:00+00:00,D,A,22.437576293945312,14.31611111111111,8.121465182834202
Makati,2026-08-26T00:00:00+00:00,A,B,26.742612838745117,14.31611111111111,12.426501727634006
Makati,2026-08-26T00:00:00+00:00,B,B,26.331527709960938,14.31611111111111,12.015416598849827
Makati,2026-08-26T00:00:00+00:00,C,B,27.24480628967285,14.31611111111111,12.92869517856174
Makati,2026-08-26T00:00:00+00:00,D,B,22.437576293945312,14.31611111111111,8.121465182834202
Makati,2026-08-26T00:00:00+00:00,A,S,22.45937156677246,14.31611111111111,8.14326045566135
Makati,2026-08-26T00:00:00+00:00,B,S,22.49138641357422,14.31611111111111,8.175275302463108
Makati,2026-08-26T00:00:00+00:00,C,S,24.189664840698242,14.31611111111111,9.873553729587131
Makati,2026-08-26T00:00:00+00:00,D,S,23.130102157592773,14.31611111111111,8.813991046481663
Makati,2026-08-26T00:00:00+00:00,A,C,22.082902908325195,14.31611111111111,7.7667917972140845
Makati,2026-08-26T00:00:00+00:00,B,C,22.60565948486328,14.31611111111111,8.28954837375217
Makati,2026-08-26T00:00:00+00:00,C,C,23.68419075012207,14.31611111111111,9.36807963901096
Makati,2026-08-26T00:00:00+00:00,D,C,23.130102157592773,14.31611111111111,8.813991046481663
Makati,2026-08-28T00:00:00+00:00,A,A,15.259608268737793,9.432526315789474,5.827081952948319
Makati,2026-08-28T00:00:00+00:00,B,A,14.596134185791016,9.432526315789474,5.163607870001542
Makati,2026-08-28T00:00:00+00:00,C,A,14.738601684570312,9.432526315789474,5.306075368780839
Makati,2026-08-28T00:00:00+00:00,D,A,12.073725700378418,9.432526315789474,2.641199384588944
Makati,2026-08-28T00:00:00+00:00,A,B,15.259608268737793,9.432526315789474,5.827081952948319
Makati,2026-08-28T00:00:00+00:00,B,B,14.596134185791016,9.432526315789474,5.163607870001542
Makati,2026-08-28T00:00:00+00:00,C,B,14.738601684570312,9.432526315789474,5.306075368780839
Makati,2026-08-28T00:00:00+00:00,D,B,12.073725700378418,9.432526315789474,2.641199384588944
Makati,2026-08-28T00:00:00+00:00,A,S,11.137455940246582,9.432526315789474,1.7049296244571082
Makati,2026-08-28T00:00:00+00:00,B,S,16.01742935180664,9.432526315789474,6.584903036017167
Makati,2026-08-28T00:00:00+00:00,C,S,17.36274528503418,9.432526315789474,7.930218969244706
Makati,2026-08-28T00:00:00+00:00,D,S,11.28966999053955,9.432526315789474,1.857143674750077
Makati,2026-08-28T00:00:00+00:00,A,C,12.853233337402344,9.432526315789474,3.42070702161287
Makati,2026-08-28T00:00:00+00:00,B,C,17.262239456176758,9.432526315789474,7.829713140387284
Makati,2026-08-28T00:00:00+00:00,C,C,16.40168571472168,9.432526315789474,6.969159398932206
Makati,2026-08-28T00:00:00+00:00,D,C,11.28966999053955,9.432526315789474,1.857143674750077
Makati,2026-08-31T00:00:00+00:00,A,A,37.19044876098633,55.35,18.159551239013673
Makati,2026-08-31T00:00:00+00:00,B,A,28.871858596801758,55.35,26.478141403198244
Makati,2026-08-31T00:00:00+00:00,C,A,33.36994552612305,55.35,21.980054473876955
Makati,2026-08-31T00:00:00+00:00,D,A,24.504003524780273,55.35,30.845996475219728
Makati,2026-08-31T00:00:00+00:00,A,B,37.19044876098633,55.35,18.159551239013673
Makati,2026-08-31T00:00:00+00:00,B,B,28.871858596801758,55.35,26.478141403198244
Makati,2026-08-31T00:00:00+00:00,C,B,33.36994552612305,55.35,21.980054473876955
Makati,2026-08-31T00:00:00+00:00,D,B,24.504003524780273,55.35,30.845996475219728
Makati,2026-08-31T00:00:00+00:00,A,S,27.673349380493164,55.35,27.676650619506837
Makati,2026-08-31T00:00:00+00:00,B,S,19.507909774780273,55.35,35.84209022521973
Makati,2026-08-31T00:00:00+00:00,C,S,33.869991302490234,55.35,21.480008697509767
Makati,2026-08-31T00:00:00+00:00,D,S,28.208410263061523,55.35,27.141589736938478
Makati,2026-08-31T00:00:00+00:00,A,C,28.32561683654785,55.35,27.02438316345215
Makati,2026-08-31T00:00:00+00:00,B,C,19.826473236083984,55.35,35.52352676391602
Makati,2026-08-31T00:00:00+00:00,C,C,33.6300048828125,55.35,21.7199951171875
Makati,2026-08-31T00:00:00+00:00,D,C,28.208410263061523,55.35,27.141589736938478
Makati,2026-09-01T00:00:00+00:00,A,A,47.523319244384766,24.84,22.683319244384766
Makati,2026-09-01T00:00:00+00:00,B,A,41.62672805786133,24.84,16.78672805786133
Makati,2026-09-01T00:00:00+00:00,C,A,38.70451354980469,24.84,13.864513549804688
Makati,2026-09-01T00:00:00+00:00,D,A,39.00526428222656,24.84,14.165264282226563
Makati,2026-09-01T00:00:00+00:00,A,B,47.523319244384766,24.84,22.683319244384766
Makati,2026-09-01T00:00:00+00:00,B,B,41.62672805786133,24.84,16.78672805786133
Makati,2026-09-01T00:00:00+00:00,C,B,38.70451354980469,24.84,13.864513549804688
Makati,2026-09-01T00:00:00+00:00,D,B,39.00526428222656,24.84,14.165264282226563
Makati,2026-09-01T00:00:00+00:00,A,S,44.49809646606445,24.84,19.658096466064453
Makati,2026-09-01T00:00:00+00:00,B,S,36.061798095703125,24.84,11.221798095703125
Makati,2026-09-01T00:00:00+00:00,C,S,36.85606002807617,24.84,12.016060028076172
Makati,2026-09-01T00:00:00+00:00,D,S,43.50723648071289,24.84,18.66723648071289
Makati,2026-09-01T00:00:00+00:00,A,C,53.70000076293945,24.84,28.860000762939453
Makati,2026-09-01T00:00:00+00:00,B,C,37.196109771728516,24.84,12.356109771728516
Makati,2026-09-01T00:00:00+00:00,C,C,36.03302764892578,24.84,11.193027648925781
Makati,2026-09-01T00:00:00+00:00,D,C,43.50723648071289,24.84,18.66723648071289
Makati,2026-09-03T00:00:00+00:00,A,A,21.61372947692871,11.258947368421053,10.354782108507658
Makati,2026-09-03T00:00:00+00:00,B,A,22.057571411132812,11.258947368421053,10.79862404271176
Makati,2026-09-03T00:00:00+00:00,C,A,23.7822322845459,11.258947368421053,12.523284916124846
Makati,2026-09-03T00:00:00+00:00,D,A,18.220745086669922,11.258947368421053,6.961797718248869
Makati,2026-09-03T00:00:00+00:00,A,B,21.61372947692871,11.258947368421053,10.354782108507658
Makati,2026-09-03T00:00:00+00:00,B,B,22.057571411132812,11.258947368421053,10.79862404271176
Makati,2026-09-03T00:00:00+00:00,C,B,23.7822322845459,11.258947368421053,12.523284916124846
Makati,2026-09-03T00:00:00+00:00,D,B,18.220745086669922,11.258947368421053,6.961797718248869
Makati,2026-09-03T00:00:00+00:00,A,S,18.049829483032227,11.258947368421053,6.790882114611174
Makati,2026-09-03T00:00:00+00:00,B,S,18.452314376831055,11.258947368421053,7.193367008410002
Makati,2026-09-03T00:00:00+00:00,C,S,24.289880752563477,11.258947368421053,13.030933384142424
Makati,2026-09-03T00:00:00+00:00,D,S,21.912094116210938,11.258947368421053,10.653146747789885
Makati,2026-09-03T00:00:00+00:00,A,C,18.35699462890625,11.258947368421053,7.098047260485197
Makati,2026-09-03T00:00:00+00:00,B,C,18.669038772583008,11.258947368421053,7.410091404161955
Makati,2026-09-03T00:00:00+00:00,C,C,23.65852928161621,11.258947368421053,12.399581913195158
Makati,2026-09-03T00:00:00+00:00,D,C,21.912094116210938,11.258947368421053,10.653146747789885
Makati,2026-09-04T00:00:00+00:00,A,A,13.214035034179688,8.213000000000001,5.0010350341796865
Makati,2026-09-04T00:00:00+00:00,B,A,14.471305847167969,8.213000000000001,6.258305847167968
Makati,2026-09-04T00:00:00+00:00,C,A,15.72858715057373,8.213000000000001,7.5155871505737295
Makati,2026-09-04T00:00:00+00:00,D,A,12.760086059570312,8.213000000000001,4.5470860595703115
Makati,2026-09-04T00:00:00+00:00,A,B,13.214035034179688,8.213000000000001,5.0010350341796865
Makati,2026-09-04T00:00:00+00:00,B,B,14.471305847167969,8.213000000000001,6.258305847167968
Makati,2026-09-04T00:00:00+00:00,C,B,15.72858715057373,8.213000000000001,7.5155871505737295
Makati,2026-09-04T00:00:00+00:00,D,B,12.760086059570312,8.213000000000001,4.5470860595703115
Makati,2026-09-04T00:00:00+00:00,A,S,13.693242073059082,8.213000000000001,5.480242073059081
Makati,2026-09-04T00:00:00+00:00,B,S,14.437918663024902,8.213000000000001,6.224918663024901
Makati,2026-09-04T00:00:00+00:00,C,S,18.604990005493164,8.213000000000001,10.391990005493163
Makati,2026-09-04T00:00:00+00:00,D,S,12.824259757995605,8.213000000000001,4.6112597579956045
Makati,2026-09-04T00:00:00+00:00,A,C,17.401872634887695,8.213000000000001,9.188872634887694
Makati,2026-09-04T00:00:00+00:00,B,C,15.512198448181152,8.213000000000001,7.299198448181151
Makati,2026-09-04T00:00:00+00:00,C,C,18.87470245361328,8.213000000000001,10.66170245361328
Makati,2026-09-04T00:00:00+00:00,D,C,12.824259757995605,8.213000000000001,4.6112597579956045
Makati,2026-09-05T00:00:00+00:00,A,A,10.682147979736328,8.027454545454546,2.654693434281782
Makati,2026-09-05T00:00:00+00:00,B,A,13.827095031738281,8.027454545454546,5.799640486283735
Makati,2026-09-05T00:00:00+00:00,C,A,12.574722290039062,8.027454545454546,4.547267744584516
Makati,2026-09-05T00:00:00+00:00,D,A,10.176970481872559,8.027454545454546,2.1495159364180125
Makati,2026-09-05T00:00:00+00:00,A,B,10.682147979736328,8.027454545454546,2.654693434281782
Makati,2026-09-05T00:00:00+00:00,B,B,13.827095031738281,8.027454545454546,5.799640486283735
Makati,2026-09-05T00:00:00+00:00,C,B,12.574722290039062,8.027454545454546,4.547267744584516
Makati,2026-09-05T00:00:00+00:00,D,B,10.176970481872559,8.027454545454546,2.1495159364180125
Makati,2026-09-05T00:00:00+00:00,A,S,11.248810768127441,8.027454545454546,3.2213562226728953
Makati,2026-09-05T00:00:00+00:00,B,S,20.490501403808594,8.027454545454546,12.463046858354048
Makati,2026-09-05T00:00:00+00:00,C,S,13.872505187988281,8.027454545454546,5.845050642533735
Makati,2026-09-05T00:00:00+00:00,D,S,13.225916862487793,8.027454545454546,5.198462317033247
Makati,2026-09-05T00:00:00+00:00,A,C,11.127789497375488,8.027454545454546,3.100334951920942
Makati,2026-09-05T00:00:00+00:00,B,C,21.92171287536621,8.027454545454546,13.894258329911665
Makati,2026-09-05T00:00:00+00:00,C,C,13.013270378112793,8.027454545454546,4.985815832658247
Makati,2026-09-05T00:00:00+00:00,D,C,13.225916862487793,8.027454545454546,5.198462317033247
Makati,2026-09-06T00:00:00+00:00,A,A,11.155585289001465,6.7284999999999995,4.427085289001465
Makati,2026-09-06T00:00:00+00:00,B,A,11.249637603759766,6.7284999999999995,4.521137603759766
Makati,2026-09-06T00:00:00+00:00,C,A,12.423018455505371,6.7284999999999995,5.694518455505372
Makati,2026-09-06T00:00:00+00:00,D,A,15.352910041809082,6.7284999999999995,8.624410041809082
Makati,2026-09-06T00:00:00+00:00,A,B,11.155585289001465,6.7284999999999995,4.427085289001465
Makati,2026-09-06T00:00:00+00:00,B,B,11.249637603759766,6.7284999999999995,4.521137603759766
Makati,2026-09-06T00:00:00+00:00,C,B,12.423018455505371,6.7284999999999995,5.694518455505372
Makati,2026-09-06T00:00:00+00:00,D,B,15.352910041809082,6.7284999999999995,8.624410041809082
Makati,2026-09-06T00:00:00+00:00,A,S,11.894325256347656,6.7284999999999995,5.165825256347657
Makati,2026-09-06T00:00:00+00:00,B,S,14.610877990722656,6.7284999999999995,7.882377990722657
Makati,2026-09-06T00:00:00+00:00,C,S,13.649401664733887,6.7284999999999995,6.920901664733887
Makati,2026-09-06T00:00:00+00:00,D,S,15.222308158874512,6.7284999999999995,8.493808158874511
Makati,2026-09-06T00:00:00+00:00,A,C,13.229384422302246,6.7284999999999995,6.500884422302247
Makati,2026-09-06T00:00:00+00:00,B,C,12.459148406982422,6.7284999999999995,5.730648406982422
Makati,2026-09-06T00:00:00+00:00,C,C,13.61486530303955,6.7284999999999995,6.886365303039551
Makati,2026-09-06T00:00:00+00:00,D,C,15.222308158874512,6.7284999999999995,8.493808158874511
Makati,2026-09-07T00:00:00+00:00,A,A,14.619563102722168,12.249500000000001,2.370063102722167
Makati,2026-09-07T00:00:00+00:00,B,A,15.77435302734375,12.249500000000001,3.524853027343749
Makati,2026-09-07T00:00:00+00:00,C,A,13.140000343322754,12.249500000000001,0.8905003433227527
Makati,2026-09-07T00:00:00+00:00,D,A,14.944754600524902,12.249500000000001,2.695254600524901
Makati,2026-09-07T00:00:00+00:00,A,B,14.619563102722168,12.249500000000001,2.370063102722167
Makati,2026-09-07T00:00:00+00:00,B,B,15.77435302734375,12.249500000000001,3.524853027343749
Makati,2026-09-07T00:00:00+00:00,C,B,13.140000343322754,12.249500000000001,0.8905003433227527
Makati,2026-09-07T00:00:00+00:00,D,B,14.944754600524902,12.249500000000001,2.695254600524901
Makati,2026-09-07T00:00:00+00:00,A,S,15.768946647644043,12.249500000000001,3.519446647644042
Makati,2026-09-07T00:00:00+00:00,B,S,12.992317199707031,12.249500000000001,0.7428171997070301
Makati,2026-09-07T00:00:00+00:00,C,S,14.234126091003418,12.249500000000001,1.9846260910034168
Makati,2026-09-07T00:00:00+00:00,D,S,15.589763641357422,12.249500000000001,3.3402636413574207
Makati,2026-09-07T00:00:00+00:00,A,C,15.0361909866333,12.249500000000001,2.7866909866332996
Makati,2026-09-07T00:00:00+00:00,B,C,12.6347074508667,12.249500000000001,0.38520745086669805
Makati,2026-09-07T00:00:00+00:00,C,C,14.160868644714355,12.249500000000001,1.9113686447143543
Makati,2026-09-07T00:00:00+00:00,D,C,15.589763641357422,12.249500000000001,3.3402636413574207
Makati,2026-09-08T00:00:00+00:00,A,A,19.01363182067871,11.092,7.92163182067871
Makati,2026-09-08T00:00:00+00:00,B,A,14.882588386535645,11.092,3.790588386535644
Makati,2026-09-08T00:00:00+00:00,C,A,13.42337417602539,11.092,2.33137417602539
Makati,2026-09-08T00:00:00+00:00,D,A,14.426709175109863,11.092,3.3347091751098628
Makati,2026-09-08T00:00:00+00:00,A,B,19.01363182067871,11.092,7.92163182067871
Makati,2026-09-08T00:00:00+00:00,B,B,14.882588386535645,11.092,3.790588386535644
Makati,2026-09-08T00:00:00+00:00,C,B,13.42337417602539,11.092,2.33137417602539
Makati,2026-09-08T00:00:00+00:00,D,B,14.426709175109863,11.092,3.3347091751098628
Makati,2026-09-08T00:00:00+00:00,A,S,15.47805118560791,11.092,4.38605118560791
Makati,2026-09-08T00:00:00+00:00,B,S,15.225811004638672,11.092,4.133811004638671
Makati,2026-09-08T00:00:00+00:00,C,S,16.177709579467773,11.092,5.085709579467773
Makati,2026-09-08T00:00:00+00:00,D,S,15.61057186126709,11.092,4.518571861267089
Makati,2026-09-08T00:00:00+00:00,A,C,14.482795715332031,11.092,3.3907957153320307
Makati,2026-09-08T00:00:00+00:00,B,C,16.063127517700195,11.092,4.971127517700195
Makati,2026-09-08T00:00:00+00:00,C,C,16.60503387451172,11.092,5.513033874511718
Makati,2026-09-08T00:00:00+00:00,D,C,15.61057186126709,11.092,4.518571861267089
Makati,2026-09-14T00:00:00+00:00,A,A,18.550004959106445,25.977272727272734,7.427267768166288
Makati,2026-09-14T00:00:00+00:00,B,A,13.437350273132324,25.977272727272734,12.53992245414041
Makati,2026-09-14T00:00:00+00:00,C,A,19.603715896606445,25.977272727272734,6.373556830666288
Makati,2026-09-14T00:00:00+00:00,D,A,16.82111358642578,25.977272727272734,9.156159140846952
Makati,2026-09-14T00:00:00+00:00,A,B,18.550004959106445,25.977272727272734,7.427267768166288
Makati,2026-09-14T00:00:00+00:00,B,B,13.437350273132324,25.977272727272734,12.53992245414041
Makati,2026-09-14T00:00:00+00:00,C,B,19.603715896606445,25.977272727272734,6.373556830666288
Makati,2026-09-14T00:00:00+00:00,D,B,16.82111358642578,25.977272727272734,9.156159140846952
Makati,2026-09-14T00:00:00+00:00,A,S,19.186616897583008,25.977272727272734,6.790655829689726
Makati,2026-09-14T00:00:00+00:00,B,S,14.426119804382324,25.977272727272734,11.55115292289041
Makati,2026-09-14T00:00:00+00:00,C,S,21.127721786499023,25.977272727272734,4.84955094077371
Makati,2026-09-14T00:00:00+00:00,D,S,17.4598445892334,25.977272727272734,8.517428138039335
Makati,2026-09-14T00:00:00+00:00,A,C,16.343481063842773,25.977272727272734,9.63379166342996
Makati,2026-09-14T00:00:00+00:00,B,C,15.1163911819458,25.977272727272734,10.860881545326933
Makati,2026-09-14T00:00:00+00:00,C,C,20.857473373413086,25.977272727272734,5.119799353859648
Makati,2026-09-14T00:00:00+00:00,D,C,17.4598445892334,25.977272727272734,8.517428138039335
Makati,2026-09-15T00:00:00+00:00,A,A,20.482133865356445,26.3705,5.8883661346435545
Makati,2026-09-15T00:00:00+00:00,B,A,18.52550506591797,26.3705,7.844994934082031
Makati,2026-09-15T00:00:00+00:00,C,A,21.311670303344727,26.3705,5.058829696655273
Makati,2026-09-15T00:00:00+00:00,D,A,21.598730087280273,26.3705,4.771769912719726
Makati,2026-09-15T00:00:00+00:00,A,B,20.482133865356445,26.3705,5.8883661346435545
Makati,2026-09-15T00:00:00+00:00,B,B,18.52550506591797,26.3705,7.844994934082031
Makati,2026-09-15T00:00:00+00:00,C,B,21.311670303344727,26.3705,5.058829696655273
Makati,2026-09-15T00:00:00+00:00,D,B,21.598730087280273,26.3705,4.771769912719726
Makati,2026-09-15T00:00:00+00:00,A,S,22.790258407592773,26.3705,3.5802415924072264
Makati,2026-09-15T00:00:00+00:00,B,S,23.719324111938477,26.3705,2.6511758880615233
Makati,2026-09-15T00:00:00+00:00,C,S,20.20147705078125,26.3705,6.16902294921875
Makati,2026-09-15T00:00:00+00:00,D,S,24.35517692565918,26.3705,2.01532307434082
Makati,2026-09-15T00:00:00+00:00,A,C,23.70148468017578,26.3705,2.6690153198242186
Makati,2026-09-15T00:00:00+00:00,B,C,23.948240280151367,26.3705,2.4222597198486326
Makati,2026-09-15T00:00:00+00:00,C,C,20.815664291381836,26.3705,5.554835708618164
Makati,2026-09-15T00:00:00+00:00,D,C,24.35517692565918,26.3705,2.01532307434082
Makati,2026-09-18T00:00:00+00:00,A,A,19.60700225830078,18.408333333333335,1.1986689249674463
Makati,2026-09-18T00:00:00+00:00,B,A,18.841577529907227,18.408333333333335,0.43324419657389157
Makati,2026-09-18T00:00:00+00:00,C,A,22.512277603149414,18.408333333333335,4.103944269816079
Makati,2026-09-18T00:00:00+00:00,D,A,19.087745666503906,18.408333333333335,0.6794123331705713
Makati,2026-09-18T00:00:00+00:00,A,B,19.60700225830078,18.408333333333335,1.1986689249674463
Makati,2026-09-18T00:00:00+00:00,B,B,18.841577529907227,18.408333333333335,0.43324419657389157
Makati,2026-09-18T00:00:00+00:00,C,B,22.512277603149414,18.408333333333335,4.103944269816079
Makati,2026-09-18T00:00:00+00:00,D,B,19.087745666503906,18.408333333333335,0.6794123331705713
Makati,2026-09-18T00:00:00+00:00,A,S,17.601911544799805,18.408333333333335,0.8064217885335303
Makati,2026-09-18T00:00:00+00:00,B,S,26.36347198486328,18.408333333333335,7.955138651529946
Makati,2026-09-18T00:00:00+00:00,C,S,29.06536102294922,18.408333333333335,10.657027689615884
Makati,2026-09-18T00:00:00+00:00,D,S,14.254240989685059,18.408333333333335,4.154092343648276
Makati,2026-09-18T00:00:00+00:00,A,C,16.0247859954834,18.408333333333335,2.3835473378499366
Makati,2026-09-18T00:00:00+00:00,B,C,26.27764320373535,18.408333333333335,7.869309870402017
Makati,2026-09-18T00:00:00+00:00,C,C,27.85919761657715,18.408333333333335,9.450864283243813
Makati,2026-09-18T00:00:00+00:00,D,C,14.254240989685059,18.408333333333335,4.154092343648276
Makati,2026-09-19T00:00:00+00:00,A,A,17.402925491333008,22.861111111111114,5.4581856197781065
Makati,2026-09-19T00:00:00+00:00,B,A,28.266469955444336,22.861111111111114,5.405358844333222
Makati,2026-09-19T00:00:00+00:00,C,A,18.3404541015625,22.861111111111114,4.520657009548614
Makati,2026-09-19T00:00:00+00:00,D,A,37.13793182373047,22.861111111111114,14.276820712619354
Makati,2026-09-19T00:00:00+00:00,A,B,17.402925491333008,22.861111111111114,5.4581856197781065
Makati,2026-09-19T00:00:00+00:00,B,B,28.266469955444336,22.861111111111114,5.405358844333222
Makati,2026-09-19T00:00:00+00:00,C,B,18.3404541015625,22.861111111111114,4.520657009548614
Makati,2026-09-19T00:00:00+00:00,D,B,37.13793182373047,22.861111111111114,14.276820712619354
Makati,2026-09-19T00:00:00+00:00,A,S,18.267053604125977,22.861111111111114,4.594057506985138
Makati,2026-09-19T00:00:00+00:00,B,S,32.198429107666016,22.861111111111114,9.337317996554901
Makati,2026-09-19T00:00:00+00:00,C,S,23.287179946899414,22.861111111111114,0.4260688357882998
Makati,2026-09-19T00:00:00+00:00,D,S,31.69175148010254,22.861111111111114,8.830640368991425
Makati,2026-09-19T00:00:00+00:00,A,C,18.392812728881836,22.861111111111114,4.468298382229278
Makati,2026-09-19T00:00:00+00:00,B,C,28.52628517150879,22.861111111111114,5.665174060397675
Makati,2026-09-19T00:00:00+00:00,C,C,23.669052124023438,22.861111111111114,0.8079410129123232
Makati,2026-09-19T00:00:00+00:00,D,C,31.69175148010254,22.861111111111114,8.830640368991425
Makati,2026-09-20T00:00:00+00:00,A,A,24.066543579101562,12.617619047619046,11.448924531482517
Makati,2026-09-20T00:00:00+00:00,B,A,19.213586807250977,12.617619047619046,6.595967759631931
Makati,2026-09-20T00:00:00+00:00,C,A,18.49692726135254,12.617619047619046,5.879308213733493
Makati,2026-09-20T00:00:00+00:00,D,A,19.421388626098633,12.617619047619046,6.803769578479587
Makati,2026-09-20T00:00:00+00:00,A,B,24.066543579101562,12.617619047619046,11.448924531482517
Makati,2026-09-20T00:00:00+00:00,B,B,19.213586807250977,12.617619047619046,6.595967759631931
Makati,2026-09-20T00:00:00+00:00,C,B,18.49692726135254,12.617619047619046,5.879308213733493
Makati,2026-09-20T00:00:00+00:00,D,B,19.421388626098633,12.617619047619046,6.803769578479587
Makati,2026-09-20T00:00:00+00:00,A,S,17.371477127075195,12.617619047619046,4.753858079456149
Makati,2026-09-20T00:00:00+00:00,B,S,26.231943130493164,12.617619047619046,13.614324082874118
Makati,2026-09-20T00:00:00+00:00,C,S,22.704015731811523,12.617619047619046,10.086396684192477
Makati,2026-09-20T00:00:00+00:00,D,S,21.828527450561523,12.617619047619046,9.210908402942477
Makati,2026-09-20T00:00:00+00:00,A,C,22.360198974609375,12.617619047619046,9.742579926990329
Makati,2026-09-20T00:00:00+00:00,B,C,25.69785499572754,12.617619047619046,13.080235948108493
Makati,2026-09-20T00:00:00+00:00,C,C,22.570913314819336,12.617619047619046,9.95329426720029
Makati,2026-09-20T00:00:00+00:00,D,C,21.828527450561523,12.617619047619046,9.210908402942477
Makati,2026-09-21T00:00:00+00:00,A,A,14.852505683898926,10.917619047619048,3.9348866362798773
Makati,2026-09-21T00:00:00+00:00,B,A,14.319957733154297,10.917619047619048,3.4023386855352484
Makati,2026-09-21T00:00:00+00:00,C,A,16.000560760498047,10.917619047619048,5.082941712878998
Makati,2026-09-21T00:00:00+00:00,D,A,14.62342357635498,10.917619047619048,3.705804528735932
Makati,2026-09-21T00:00:00+00:00,A,B,14.852505683898926,10.917619047619048,3.9348866362798773
Makati,2026-09-21T00:00:00+00:00,B,B,14.319957733154297,10.917619047619048,3.4023386855352484
Makati,2026-09-21T00:00:00+00:00,C,B,16.000560760498047,10.917619047619048,5.082941712878998
Makati,2026-09-21T00:00:00+00:00,D,B,14.62342357635498,10.917619047619048,3.705804528735932
Makati,2026-09-21T00:00:00+00:00,A,S,15.832767486572266,10.917619047619048,4.915148438953217
Makati,2026-09-21T00:00:00+00:00,B,S,16.497838973999023,10.917619047619048,5.580219926379975
Makati,2026-09-21T00:00:00+00:00,C,S,16.54815673828125,10.917619047619048,5.6305376906622016
Makati,2026-09-21T00:00:00+00:00,D,S,13.312716484069824,10.917619047619048,2.3950974364507758
Makati,2026-09-21T00:00:00+00:00,A,C,12.7689208984375,10.917619047619048,1.8513018508184516
Makati,2026-09-21T00:00:00+00:00,B,C,18.393198013305664,10.917619047619048,7.475578965686616
Makati,2026-09-21T00:00:00+00:00,C,C,16.789487838745117,10.917619047619048,5.871868791126069
Makati,2026-09-21T00:00:00+00:00,D,C,13.312716484069824,10.917619047619048,2.3950974364507758
Makati,2026-09-22T00:00:00+00:00,A,A,13.373642921447754,21.109500000000004,7.73585707855225
Makati,2026-09-22T00:00:00+00:00,B,A,8.723597526550293,21.109500000000004,12.385902473449711
Makati,2026-09-22T00:00:00+00:00,C,A,13.636096000671387,21.109500000000004,7.473403999328617
Makati,2026-09-22T00:00:00+00:00,D,A,15.039271354675293,21.109500000000004,6.070228645324711
Makati,2026-09-22T00:00:00+00:00,A,B,13.373642921447754,21.109500000000004,7.73585707855225
Makati,2026-09-22T00:00:00+00:00,B,B,8.723597526550293,21.109500000000004,12.385902473449711
Makati,2026-09-22T00:00:00+00:00,C,B,13.636096000671387,21.109500000000004,7.473403999328617
Makati,2026-09-22T00:00:00+00:00,D,B,15.039271354675293,21.109500000000004,6.070228645324711
Makati,2026-09-22T00:00:00+00:00,A,S,15.758490562438965,21.109500000000004,5.351009437561039
Makati,2026-09-22T00:00:00+00:00,B,S,11.526135444641113,21.109500000000004,9.58336455535889
Makati,2026-09-22T00:00:00+00:00,C,S,15.317580223083496,21.109500000000004,5.791919776916508
Makati,2026-09-22T00:00:00+00:00,D,S,13.8464994430542,21.109500000000004,7.263000556945805
Makati,2026-09-22T00:00:00+00:00,A,C,18.599267959594727,21.109500000000004,2.5102320404052776
Makati,2026-09-22T00:00:00+00:00,B,C,11.715981483459473,21.109500000000004,9.393518516540531
Makati,2026-09-22T00:00:00+00:00,C,C,16.17879295349121,21.109500000000004,4.930707046508793
Makati,2026-09-22T00:00:00+00:00,D,C,13.8464994430542,21.109500000000004,7.263000556945805
Makati,2026-09-23T00:00:00+00:00,A,A,20.44102668762207,28.195238095238103,7.754211407616033
Makati,2026-09-23T00:00:00+00:00,B,A,13.928982734680176,28.195238095238103,14.266255360557928
Makati,2026-09-23T00:00:00+00:00,C,A,17.194293975830078,28.195238095238103,11.000944119408025
Makati,2026-09-23T00:00:00+00:00,D,A,20.78704833984375,28.195238095238103,7.408189755394353
Makati,2026-09-23T00:00:00+00:00,A,B,20.44102668762207,28.195238095238103,7.754211407616033
Makati,2026-09-23T00:00:00+00:00,B,B,13.928982734680176,28.195238095238103,14.266255360557928
Makati,2026-09-23T00:00:00+00:00,C,B,17.194293975830078,28.195238095238103,11.000944119408025
Makati,2026-09-23T00:00:00+00:00,D,B,20.78704833984375,28.195238095238103,7.408189755394353
Makati,2026-09-23T00:00:00+00:00,A,S,21.654184341430664,28.195238095238103,6.541053753807439
Makati,2026-09-23T00:00:00+00:00,B,S,19.93511199951172,28.195238095238103,8.260126095726385
Makati,2026-09-23T00:00:00+00:00,C,S,17.95374870300293,28.195238095238103,10.241489392235174
Makati,2026-09-23T00:00:00+00:00,D,S,18.636037826538086,28.195238095238103,9.559200268700017
Makati,2026-09-23T00:00:00+00:00,A,C,19.338424682617188,28.195238095238103,8.856813412620916
Makati,2026-09-23T00:00:00+00:00,B,C,19.21241569519043,28.195238095238103,8.982822400047674
Makati,2026-09-23T00:00:00+00:00,C,C,17.772781372070312,28.195238095238103,10.422456723167791
Makati,2026-09-23T00:00:00+00:00,D,C,18.636037826538086,28.195238095238103,9.559200268700017
Makati,2026-09-25T00:00:00+00:00,A,A,19.143205642700195,21.536315789473683,2.3931101467734877
Makati,2026-09-25T00:00:00+00:00,B,A,23.822946548461914,21.536315789473683,2.286630758988231
Makati,2026-09-25T00:00:00+00:00,C,A,21.300743103027344,21.536315789473683,0.23557268644633922
Makati,2026-09-25T00:00:00+00:00,D,A,24.676916122436523,21.536315789473683,3.1406003329628405
Makati,2026-09-25T00:00:00+00:00,A,B,19.143205642700195,21.536315789473683,2.3931101467734877
Makati,2026-09-25T00:00:00+00:00,B,B,23.822946548461914,21.536315789473683,2.286630758988231
Makati,2026-09-25T00:00:00+00:00,C,B,21.300743103027344,21.536315789473683,0.23557268644633922
Makati,2026-09-25T00:00:00+00:00,D,B,24.676916122436523,21.536315789473683,3.1406003329628405
Makati,2026-09-25T00:00:00+00:00,A,S,17.285551071166992,21.536315789473683,4.250764718306691
Makati,2026-09-25T00:00:00+00:00,B,S,26.817474365234375,21.536315789473683,5.281158575760692
Makati,2026-09-25T00:00:00+00:00,C,S,22.291433334350586,21.536315789473683,0.755117544876903
Makati,2026-09-25T00:00:00+00:00,D,S,26.58453369140625,21.536315789473683,5.048217901932567
Makati,2026-09-25T00:00:00+00:00,A,C,20.171785354614258,21.536315789473683,1.3645304348594252
Makati,2026-09-25T00:00:00+00:00,B,C,25.24944496154785,21.536315789473683,3.7131291720741686
Makati,2026-09-25T00:00:00+00:00,C,C,21.157258987426758,21.536315789473683,0.37905680204692516
Makati,2026-09-25T00:00:00+00:00,D,C,26.58453369140625,21.536315789473683,5.048217901932567
Makati,2026-09-26T00:00:00+00:00,A,A,16.405075073242188,26.589999999999996,10.184924926757809
Makati,2026-09-26T00:00:00+00:00,B,A,23.16705322265625,26.589999999999996,3.4229467773437463
Makati,2026-09-26T00:00:00+00:00,C,A,20.443180084228516,26.589999999999996,6.146819915771481
Makati,2026-09-26T00:00:00+00:00,D,A,19.199037551879883,26.589999999999996,7.3909624481201135
Makati,2026-09-26T00:00:00+00:00,A,B,16.405075073242188,26.589999999999996,10.184924926757809
Makati,2026-09-26T00:00:00+00:00,B,B,23.16705322265625,26.589999999999996,3.4229467773437463
Makati,2026-09-26T00:00:00+00:00,C,B,20.443180084228516,26.589999999999996,6.146819915771481
Makati,2026-09-26T00:00:00+00:00,D,B,19.199037551879883,26.589999999999996,7.3909624481201135
Makati,2026-09-26T00:00:00+00:00,A,S,17.830238342285156,26.589999999999996,8.75976165771484
Makati,2026-09-26T00:00:00+00:00,B,S,20.22096824645996,26.589999999999996,6.369031753540035
Makati,2026-09-26T00:00:00+00:00,C,S,23.69716453552246,26.589999999999996,2.8928354644775354
Makati,2026-09-26T00:00:00+00:00,D,S,20.73359489440918,26.589999999999996,5.856405105590817
Makati,2026-09-26T00:00:00+00:00,A,C,16.841123580932617,26.589999999999996,9.74887641906738
Makati,2026-09-26T00:00:00+00:00,B,C,21.259292602539062,26.589999999999996,5.330707397460934
Makati,2026-09-26T00:00:00+00:00,C,C,23.8006591796875,26.589999999999996,2.7893408203124963
Makati,2026-09-26T00:00:00+00:00,D,C,20.73359489440918,26.589999999999996,5.856405105590817
Makati,2026-09-27T00:00:00+00:00,A,A,25.39094352722168,24.966666666666665,0.4242768605550147
Makati,2026-09-27T00:00:00+00:00,B,A,25.3056583404541,24.966666666666665,0.33899167378743655
Makati,2026-09-27T00:00:00+00:00,C,A,28.165578842163086,24.966666666666665,3.198912175496421
Makati,2026-09-27T00:00:00+00:00,D,A,22.210403442382812,24.966666666666665,2.7562632242838525
Makati,2026-09-27T00:00:00+00:00,A,B,25.39094352722168,24.966666666666665,0.4242768605550147
Makati,2026-09-27T00:00:00+00:00,B,B,25.3056583404541,24.966666666666665,0.33899167378743655
Makati,2026-09-27T00:00:00+00:00,C,B,28.165578842163086,24.966666666666665,3.198912175496421
Makati,2026-09-27T00:00:00+00:00,D,B,22.210403442382812,24.966666666666665,2.7562632242838525
Makati,2026-09-27T00:00:00+00:00,A,S,22.321990966796875,24.966666666666665,2.64467569986979
Makati,2026-09-27T00:00:00+00:00,B,S,24.293991088867188,24.966666666666665,0.6726755777994775
Makati,2026-09-27T00:00:00+00:00,C,S,25.779687881469727,24.966666666666665,0.8130212148030616
Makati,2026-09-27T00:00:00+00:00,D,S,25.658620834350586,24.966666666666665,0.6919541676839209
Makati,2026-09-27T00:00:00+00:00,A,C,19.93692970275879,24.966666666666665,5.029736963907876
Makati,2026-09-27T00:00:00+00:00,B,C,26.39300537109375,24.966666666666665,1.426338704427085
Makati,2026-09-27T00:00:00+00:00,C,C,24.928451538085938,24.966666666666665,0.03821512858072751
Makati,2026-09-27T00:00:00+00:00,D,C,25.658620834350586,24.966666666666665,0.6919541676839209
Mandaluyong,2026-08-14T00:00:00+00:00,A,A,23.022933959960938,29.87142857142857,6.848494611467633
Mandaluyong,2026-08-14T00:00:00+00:00,B,A,18.78373146057129,29.87142857142857,11.087697110857281
Mandaluyong,2026-08-14T00:00:00+00:00,C,A,19.97150993347168,29.87142857142857,9.89991863795689
Mandaluyong,2026-08-14T00:00:00+00:00,D,A,20.519224166870117,29.87142857142857,9.352204404558453
Mandaluyong,2026-08-14T00:00:00+00:00,A,B,23.022933959960938,29.87142857142857,6.848494611467633
Mandaluyong,2026-08-14T00:00:00+00:00,B,B,18.78373146057129,29.87142857142857,11.087697110857281
Mandaluyong,2026-08-14T00:00:00+00:00,C,B,19.97150993347168,29.87142857142857,9.89991863795689
Mandaluyong,2026-08-14T00:00:00+00:00,D,B,20.519224166870117,29.87142857142857,9.352204404558453
Mandaluyong,2026-08-14T00:00:00+00:00,A,S,12.98952579498291,29.87142857142857,16.88190277644566
Mandaluyong,2026-08-14T00:00:00+00:00,B,S,17.095022201538086,29.87142857142857,12.776406369890484
Mandaluyong,2026-08-14T00:00:00+00:00,C,S,18.929397583007812,29.87142857142857,10.942030988420758
Mandaluyong,2026-08-14T00:00:00+00:00,D,S,17.47886848449707,29.87142857142857,12.3925600869315
Mandaluyong,2026-08-14T00:00:00+00:00,A,C,13.834668159484863,29.87142857142857,16.036760411943707
Mandaluyong,2026-08-14T00:00:00+00:00,B,C,16.70438575744629,29.87142857142857,13.167042813982281
Mandaluyong,2026-08-14T00:00:00+00:00,C,C,18.900537490844727,29.87142857142857,10.970891080583844
Mandaluyong,2026-08-14T00:00:00+00:00,D,C,17.47886848449707,29.87142857142857,12.3925600869315
Mandaluyong,2026-08-15T00:00:00+00:00,A,A,34.42551803588867,21.280952380952378,13.144565654936294
Mandaluyong,2026-08-15T00:00:00+00:00,B,A,22.963346481323242,21.280952380952378,1.682394100370864
Mandaluyong,2026-08-15T00:00:00+00:00,C,A,28.46836280822754,21.280952380952378,7.187410427275161
Mandaluyong,2026-08-15T00:00:00+00:00,D,A,24.779571533203125,21.280952380952378,3.498619152250747
Mandaluyong,2026-08-15T00:00:00+00:00,A,B,34.42551803588867,21.280952380952378,13.144565654936294
Mandaluyong,2026-08-15T00:00:00+00:00,B,B,22.963346481323242,21.280952380952378,1.682394100370864
Mandaluyong,2026-08-15T00:00:00+00:00,C,B,28.46836280822754,21.280952380952378,7.187410427275161
Mandaluyong,2026-08-15T00:00:00+00:00,D,B,24.779571533203125,21.280952380952378,3.498619152250747
Mandaluyong,2026-08-15T00:00:00+00:00,A,S,20.537187576293945,21.280952380952378,0.7437648046584329
Mandaluyong,2026-08-15T00:00:00+00:00,B,S,20.073301315307617,21.280952380952378,1.207651065644761
Mandaluyong,2026-08-15T00:00:00+00:00,C,S,25.22381019592285,21.280952380952378,3.9428578149704734
Mandaluyong,2026-08-15T00:00:00+00:00,D,S,26.593183517456055,21.280952380952378,5.3122311365036765
Mandaluyong,2026-08-15T00:00:00+00:00,A,C,25.682342529296875,21.280952380952378,4.401390148344497
Mandaluyong,2026-08-15T00:00:00+00:00,B,C,21.395187377929688,21.280952380952378,0.11423499697730932
Mandaluyong,2026-08-15T00:00:00+00:00,C,C,26.4079532623291,21.280952380952378,5.127000881376723
Mandaluyong,2026-08-15T00:00:00+00:00,D,C,26.593183517456055,21.280952380952378,5.3122311365036765
Mandaluyong,2026-08-24T00:00:00+00:00,A,A,25.304777145385742,32.11666666666666,6.811889521280918
Mandaluyong,2026-08-24T00:00:00+00:00,B,A,29.685148239135742,32.11666666666666,2.431518427530918
Mandaluyong,2026-08-24T00:00:00+00:00,C,A,34.614166259765625,32.11666666666666,2.497499593098965
Mandaluyong,2026-08-24T00:00:00+00:00,D,A,26.085905075073242,32.11666666666666,6.030761591593418
Mandaluyong,2026-08-24T00:00:00+00:00,A,B,25.304777145385742,32.11666666666666,6.811889521280918
Mandaluyong,2026-08-24T00:00:00+00:00,B,B,29.685148239135742,32.11666666666666,2.431518427530918
Mandaluyong,2026-08-24T00:00:00+00:00,C,B,34.614166259765625,32.11666666666666,2.497499593098965
Mandaluyong,2026-08-24T00:00:00+00:00,D,B,26.085905075073242,32.11666666666666,6.030761591593418
Mandaluyong,2026-08-24T00:00:00+00:00,A,S,14.851653099060059,32.11666666666666,17.2650135676066
Mandaluyong,2026-08-24T00:00:00+00:00,B,S,15.937342643737793,32.11666666666666,16.179324022928867
Mandaluyong,2026-08-24T00:00:00+00:00,C,S,28.27567481994629,32.11666666666666,3.840991846720371
Mandaluyong,2026-08-24T00:00:00+00:00,D,S,25.694589614868164,32.11666666666666,6.422077051798496
Mandaluyong,2026-08-24T00:00:00+00:00,A,C,16.842111587524414,32.11666666666666,15.274555079142246
Mandaluyong,2026-08-24T00:00:00+00:00,B,C,15.794209480285645,32.11666666666666,16.322457186381016
Mandaluyong,2026-08-24T00:00:00+00:00,C,C,27.509445190429688,32.11666666666666,4.6072214762369725
Mandaluyong,2026-08-24T00:00:00+00:00,D,C,25.694589614868164,32.11666666666666,6.422077051798496
Mandaluyong,2026-08-25T00:00:00+00:00,A,A,28.624290466308594,28.876190476190477,0.2519000098818829
Mandaluyong,2026-08-25T00:00:00+00:00,B,A,24.12567138671875,28.876190476190477,4.750519089471727
Mandaluyong,2026-08-25T00:00:00+00:00,C,A,26.719079971313477,28.876190476190477,2.157110504877
Mandaluyong,2026-08-25T00:00:00+00:00,D,A,25.07493782043457,28.876190476190477,3.8012526557559063
Mandaluyong,2026-08-25T00:00:00+00:00,A,B,28.624290466308594,28.876190476190477,0.2519000098818829
Mandaluyong,2026-08-25T00:00:00+00:00,B,B,24.12567138671875,28.876190476190477,4.750519089471727
Mandaluyong,2026-08-25T00:00:00+00:00,C,B,26.719079971313477,28.876190476190477,2.157110504877
Mandaluyong,2026-08-25T00:00:00+00:00,D,B,25.07493782043457,28.876190476190477,3.8012526557559063
Mandaluyong,2026-08-25T00:00:00+00:00,A,S,21.75798797607422,28.876190476190477,7.118202500116258
Mandaluyong,2026-08-25T00:00:00+00:00,B,S,18.897193908691406,28.876190476190477,9.97899656749907
Mandaluyong,2026-08-25T00:00:00+00:00,C,S,28.91187858581543,28.876190476190477,0.03568810962495306
Mandaluyong,2026-08-25T00:00:00+00:00,D,S,26.109451293945312,28.876190476190477,2.766739182245164
Mandaluyong,2026-08-25T00:00:00+00:00,A,C,22.458343505859375,28.876190476190477,6.417846970331102
Mandaluyong,2026-08-25T00:00:00+00:00,B,C,18.571331024169922,28.876190476190477,10.304859452020555
Mandaluyong,2026-08-25T00:00:00+00:00,C,C,27.91779136657715,28.876190476190477,0.9583991096133282
Mandaluyong,2026-08-25T00:00:00+00:00,D,C,26.109451293945312,28.876190476190477,2.766739182245164
Mandaluyong,2026-08-26T00:00:00+00:00,A,A,27.369142532348633,18.72631578947368,8.642826742874952
Mandaluyong,2026-08-26T00:00:00+00:00,B,A,29.57615089416504,18.72631578947368,10.849835104691358
Mandaluyong,2026-08-26T00:00:00+00:00,C,A,27.88982391357422,18.72631578947368,9.163508124100538
Mandaluyong,2026-08-26T00:00:00+00:00,D,A,22.612409591674805,18.72631578947368,3.886093802201124
Mandaluyong,2026-08-26T00:00:00+00:00,A,B,27.369142532348633,18.72631578947368,8.642826742874952
Mandaluyong,2026-08-26T00:00:00+00:00,B,B,29.57615089416504,18.72631578947368,10.849835104691358
Mandaluyong,2026-08-26T00:00:00+00:00,C,B,27.88982391357422,18.72631578947368,9.163508124100538
Mandaluyong,2026-08-26T00:00:00+00:00,D,B,22.612409591674805,18.72631578947368,3.886093802201124
Mandaluyong,2026-08-26T00:00:00+00:00,A,S,25.076095581054688,18.72631578947368,6.349779791581007
Mandaluyong,2026-08-26T00:00:00+00:00,B,S,24.982620239257812,18.72631578947368,6.256304449784132
Mandaluyong,2026-08-26T00:00:00+00:00,C,S,25.746986389160156,18.72631578947368,7.0206705996864756
Mandaluyong,2026-08-26T00:00:00+00:00,D,S,24.9312744140625,18.72631578947368,6.204958624588819
Mandaluyong,2026-08-26T00:00:00+00:00,A,C,24.268774032592773,18.72631578947368,5.542458243119093
Mandaluyong,2026-08-26T00:00:00+00:00,B,C,24.593002319335938,18.72631578947368,5.866686529862257
Mandaluyong,2026-08-26T00:00:00+00:00,C,C,25.074522018432617,18.72631578947368,6.3482062289589365
Mandaluyong,2026-08-26T00:00:00+00:00,D,C,24.9312744140625,18.72631578947368,6.204958624588819
Mandaluyong,2026-08-31T00:00:00+00:00,A,A,39.15092086791992,62.730000000000004,23.579079132080082
Mandaluyong,2026-08-31T00:00:00+00:00,B,A,29.796401977539062,62.730000000000004,32.93359802246094
Mandaluyong,2026-08-31T00:00:00+00:00,C,A,33.372013092041016,62.730000000000004,29.35798690795899
Mandaluyong,2026-08-31T00:00:00+00:00,D,A,26.58339500427246,62.730000000000004,36.14660499572754
Mandaluyong,2026-08-31T00:00:00+00:00,A,B,39.15092086791992,62.730000000000004,23.579079132080082
Mandaluyong,2026-08-31T00:00:00+00:00,B,B,29.796401977539062,62.730000000000004,32.93359802246094
Mandaluyong,2026-08-31T00:00:00+00:00,C,B,33.372013092041016,62.730000000000004,29.35798690795899
Mandaluyong,2026-08-31T00:00:00+00:00,D,B,26.58339500427246,62.730000000000004,36.14660499572754
Mandaluyong,2026-08-31T00:00:00+00:00,A,S,29.079315185546875,62.730000000000004,33.65068481445313
Mandaluyong,2026-08-31T00:00:00+00:00,B,S,17.390016555786133,62.730000000000004,45.33998344421387
Mandaluyong,2026-08-31T00:00:00+00:00,C,S,34.15152359008789,62.730000000000004,28.578476409912113
Mandaluyong,2026-08-31T00:00:00+00:00,D,S,29.50856590270996,62.730000000000004,33.22143409729004
Mandaluyong,2026-08-31T00:00:00+00:00,A,C,30.638961791992188,62.730000000000004,32.09103820800782
Mandaluyong,2026-08-31T00:00:00+00:00,B,C,17.721458435058594,62.730000000000004,45.00854156494141
Mandaluyong,2026-08-31T00:00:00+00:00,C,C,34.68498611450195,62.730000000000004,28.04501388549805
Mandaluyong,2026-08-31T00:00:00+00:00,D,C,29.50856590270996,62.730000000000004,33.22143409729004
Mandaluyong,2026-09-01T00:00:00+00:00,A,A,50.98189163208008,27.51904761904762,23.46284401303246
Mandaluyong,2026-09-01T00:00:00+00:00,B,A,44.79935836791992,27.51904761904762,17.280310748872303
Mandaluyong,2026-09-01T00:00:00+00:00,C,A,41.554134368896484,27.51904761904762,14.035086749848865
Mandaluyong,2026-09-01T00:00:00+00:00,D,A,43.84596252441406,27.51904761904762,16.326914905366444
Mandaluyong,2026-09-01T00:00:00+00:00,A,B,50.98189163208008,27.51904761904762,23.46284401303246
Mandaluyong,2026-09-01T00:00:00+00:00,B,B,44.79935836791992,27.51904761904762,17.280310748872303
Mandaluyong,2026-09-01T00:00:00+00:00,C,B,41.554134368896484,27.51904761904762,14.035086749848865
Mandaluyong,2026-09-01T00:00:00+00:00,D,B,43.84596252441406,27.51904761904762,16.326914905366444
Mandaluyong,2026-09-01T00:00:00+00:00,A,S,48.569095611572266,27.51904761904762,21.050047992524647
Mandaluyong,2026-09-01T00:00:00+00:00,B,S,38.06455993652344,27.51904761904762,10.545512317475819
Mandaluyong,2026-09-01T00:00:00+00:00,C,S,38.51187515258789,27.51904761904762,10.992827533540272
Mandaluyong,2026-09-01T00:00:00+00:00,D,S,49.895233154296875,27.51904761904762,22.376185535249256
Mandaluyong,2026-09-01T00:00:00+00:00,A,C,53.99220275878906,27.51904761904762,26.473155139741444
Mandaluyong,2026-09-01T00:00:00+00:00,B,C,39.40743637084961,27.51904761904762,11.88838875180199
Mandaluyong,2026-09-01T00:00:00+00:00,C,C,37.40598678588867,27.51904761904762,9.886939166841053
Mandaluyong,2026-09-01T00:00:00+00:00,D,C,49.895233154296875,27.51904761904762,22.376185535249256
Mandaluyong,2026-09-03T00:00:00+00:00,A,A,22.617868423461914,17.217619047619042,5.400249375842872
Mandaluyong,2026-09-03T00:00:00+00:00,B,A,23.565818786621094,17.217619047619042,6.348199739002052
Mandaluyong,2026-09-03T00:00:00+00:00,C,A,27.150545120239258,17.217619047619042,9.932926072620216
Mandaluyong,2026-09-03T00:00:00+00:00,D,A,20.512224197387695,17.217619047619042,3.2946051497686533
Mandaluyong,2026-09-03T00:00:00+00:00,A,B,22.617868423461914,17.217619047619042,5.400249375842872
Mandaluyong,2026-09-03T00:00:00+00:00,B,B,23.565818786621094,17.217619047619042,6.348199739002052
Mandaluyong,2026-09-03T00:00:00+00:00,C,B,27.150545120239258,17.217619047619042,9.932926072620216
Mandaluyong,2026-09-03T00:00:00+00:00,D,B,20.512224197387695,17.217619047619042,3.2946051497686533
Mandaluyong,2026-09-03T00:00:00+00:00,A,S,20.476228713989258,17.217619047619042,3.2586096663702158
Mandaluyong,2026-09-03T00:00:00+00:00,B,S,25.845380783081055,17.217619047619042,8.627761735462013
Mandaluyong,2026-09-03T00:00:00+00:00,C,S,25.905664443969727,17.217619047619042,8.688045396350685
Mandaluyong,2026-09-03T00:00:00+00:00,D,S,22.062036514282227,17.217619047619042,4.8444174666631845
Mandaluyong,2026-09-03T00:00:00+00:00,A,C,20.70094108581543,17.217619047619042,3.4833220381963876
Mandaluyong,2026-09-03T00:00:00+00:00,B,C,25.132402420043945,17.217619047619042,7.914783372424903
Mandaluyong,2026-09-03T00:00:00+00:00,C,C,25.069488525390625,17.217619047619042,7.851869477771583
Mandaluyong,2026-09-03T00:00:00+00:00,D,C,22.062036514282227,17.217619047619042,4.8444174666631845
Mandaluyong,2026-09-04T00:00:00+00:00,A,A,18.40289878845215,14.7925,3.610398788452148
Mandaluyong,2026-09-04T00:00:00+00:00,B,A,21.904428482055664,14.7925,7.111928482055664
Mandaluyong,2026-09-04T00:00:00+00:00,C,A,20.683340072631836,14.7925,5.8908400726318355
Mandaluyong,2026-09-04T00:00:00+00:00,D,A,17.514942169189453,14.7925,2.7224421691894527
Mandaluyong,2026-09-04T00:00:00+00:00,A,B,18.40289878845215,14.7925,3.610398788452148
Mandaluyong,2026-09-04T00:00:00+00:00,B,B,21.904428482055664,14.7925,7.111928482055664
Mandaluyong,2026-09-04T00:00:00+00:00,C,B,20.683340072631836,14.7925,5.8908400726318355
Mandaluyong,2026-09-04T00:00:00+00:00,D,B,17.514942169189453,14.7925,2.7224421691894527
Mandaluyong,2026-09-04T00:00:00+00:00,A,S,17.95656394958496,14.7925,3.1640639495849605
Mandaluyong,2026-09-04T00:00:00+00:00,B,S,16.53727912902832,14.7925,1.7447791290283199
Mandaluyong,2026-09-04T00:00:00+00:00,C,S,24.955209732055664,14.7925,10.162709732055664
Mandaluyong,2026-09-04T00:00:00+00:00,D,S,18.23021125793457,14.7925,3.43771125793457
Mandaluyong,2026-09-04T00:00:00+00:00,A,C,17.96034049987793,14.7925,3.1678404998779293
Mandaluyong,2026-09-04T00:00:00+00:00,B,C,18.10405731201172,14.7925,3.3115573120117183
Mandaluyong,2026-09-04T00:00:00+00:00,C,C,25.959627151489258,14.7925,11.167127151489257
Mandaluyong,2026-09-04T00:00:00+00:00,D,C,18.23021125793457,14.7925,3.43771125793457
Mandaluyong,2026-09-05T00:00:00+00:00,A,A,17.113637924194336,12.234285714285713,4.879352209908623
Mandaluyong,2026-09-05T00:00:00+00:00,B,A,19.715181350708008,12.234285714285713,7.480895636422295
Mandaluyong,2026-09-05T00:00:00+00:00,C,A,17.760339736938477,12.234285714285713,5.5260540226527635
Mandaluyong,2026-09-05T00:00:00+00:00,D,A,17.506698608398438,12.234285714285713,5.272412894112724
Mandaluyong,2026-09-05T00:00:00+00:00,A,B,17.113637924194336,12.234285714285713,4.879352209908623
Mandaluyong,2026-09-05T00:00:00+00:00,B,B,19.715181350708008,12.234285714285713,7.480895636422295
Mandaluyong,2026-09-05T00:00:00+00:00,C,B,17.760339736938477,12.234285714285713,5.5260540226527635
Mandaluyong,2026-09-05T00:00:00+00:00,D,B,17.506698608398438,12.234285714285713,5.272412894112724
Mandaluyong,2026-09-05T00:00:00+00:00,A,S,17.21925163269043,12.234285714285713,4.984965918404717
Mandaluyong,2026-09-05T00:00:00+00:00,B,S,20.0387020111084,12.234285714285713,7.804416296822685
Mandaluyong,2026-09-05T00:00:00+00:00,C,S,15.724784851074219,12.234285714285713,3.4904991367885057
Mandaluyong,2026-09-05T00:00:00+00:00,D,S,18.34620475769043,12.234285714285713,6.111919043404717
Mandaluyong,2026-09-05T00:00:00+00:00,A,C,14.588078498840332,12.234285714285713,2.353792784554619
Mandaluyong,2026-09-05T00:00:00+00:00,B,C,21.18096160888672,12.234285714285713,8.946675894601006
Mandaluyong,2026-09-05T00:00:00+00:00,C,C,15.888213157653809,12.234285714285713,3.6539274433680955
Mandaluyong,2026-09-05T00:00:00+00:00,D,C,18.34620475769043,12.234285714285713,6.111919043404717
Mandaluyong,2026-09-06T00:00:00+00:00,A,A,17.668855667114258,13.883333333333335,3.785522333780923
Mandaluyong,2026-09-06T00:00:00+00:00,B,A,12.140366554260254,13.883333333333335,1.7429667790730807
Mandaluyong,2026-09-06T00:00:00+00:00,C,A,13.540260314941406,13.883333333333335,0.3430730183919284
Mandaluyong,2026-09-06T00:00:00+00:00,D,A,13.843939781188965,13.883333333333335,0.03939355214436979
Mandaluyong,2026-09-06T00:00:00+00:00,A,B,17.668855667114258,13.883333333333335,3.785522333780923
Mandaluyong,2026-09-06T00:00:00+00:00,B,B,12.140366554260254,13.883333333333335,1.7429667790730807
Mandaluyong,2026-09-06T00:00:00+00:00,C,B,13.540260314941406,13.883333333333335,0.3430730183919284
Mandaluyong,2026-09-06T00:00:00+00:00,D,B,13.843939781188965,13.883333333333335,0.03939355214436979
Mandaluyong,2026-09-06T00:00:00+00:00,A,S,19.655282974243164,13.883333333333335,5.771949640909829
Mandaluyong,2026-09-06T00:00:00+00:00,B,S,16.30301856994629,13.883333333333335,2.4196852366129544
Mandaluyong,2026-09-06T00:00:00+00:00,C,S,15.054374694824219,13.883333333333335,1.1710413614908841
Mandaluyong,2026-09-06T00:00:00+00:00,D,S,12.835003852844238,13.883333333333335,1.0483294804890964
Mandaluyong,2026-09-06T00:00:00+00:00,A,C,16.336523056030273,13.883333333333335,2.453189722696939
Mandaluyong,2026-09-06T00:00:00+00:00,B,C,14.570233345031738,13.883333333333335,0.6869000116984036
Mandaluyong,2026-09-06T00:00:00+00:00,C,C,14.797409057617188,13.883333333333335,0.9140757242838529
Mandaluyong,2026-09-06T00:00:00+00:00,D,C,12.835003852844238,13.883333333333335,1.0483294804890964
Mandaluyong,2026-09-07T00:00:00+00:00,A,A,19.232229232788086,18.93333333333333,0.2988958994547559
Mandaluyong,2026-09-07T00:00:00+00:00,B,A,18.164262771606445,18.93333333333333,0.7690705617268847
Mandaluyong,2026-09-07T00:00:00+00:00,C,A,12.440646171569824,18.93333333333333,6.492687161763506
Mandaluyong,2026-09-07T00:00:00+00:00,D,A,13.14853572845459,18.93333333333333,5.78479760487874
Mandaluyong,2026-09-07T00:00:00+00:00,A,B,19.232229232788086,18.93333333333333,0.2988958994547559
Mandaluyong,2026-09-07T00:00:00+00:00,B,B,18.164262771606445,18.93333333333333,0.7690705617268847
Mandaluyong,2026-09-07T00:00:00+00:00,C,B,12.440646171569824,18.93333333333333,6.492687161763506
Mandaluyong,2026-09-07T00:00:00+00:00,D,B,13.14853572845459,18.93333333333333,5.78479760487874
Mandaluyong,2026-09-07T00:00:00+00:00,A,S,18.631378173828125,18.93333333333333,0.301955159505205
Mandaluyong,2026-09-07T00:00:00+00:00,B,S,16.199941635131836,18.93333333333333,2.733391698201494
Mandaluyong,2026-09-07T00:00:00+00:00,C,S,15.833989143371582,18.93333333333333,3.099344189961748
Mandaluyong,2026-09-07T00:00:00+00:00,D,S,15.527016639709473,18.93333333333333,3.4063166936238574
Mandaluyong,2026-09-07T00:00:00+00:00,A,C,17.71940040588379,18.93333333333333,1.213932927449541
Mandaluyong,2026-09-07T00:00:00+00:00,B,C,15.4989652633667,18.93333333333333,3.434368069966631
Mandaluyong,2026-09-07T00:00:00+00:00,C,C,16.149442672729492,18.93333333333333,2.783890660603838
Mandaluyong,2026-09-07T00:00:00+00:00,D,C,15.527016639709473,18.93333333333333,3.4063166936238574
Mandaluyong,2026-09-08T00:00:00+00:00,A,A,20.54486083984375,18.277777777777775,2.267083062065975
Mandaluyong,2026-09-08T00:00:00+00:00,B,A,15.404685020446777,18.277777777777775,2.8730927573309977
Mandaluyong,2026-09-08T00:00:00+00:00,C,A,15.818074226379395,18.277777777777775,2.4597035513983805
Mandaluyong,2026-09-08T00:00:00+00:00,D,A,19.377086639404297,18.277777777777775,1.0993088616265219
Mandaluyong,2026-09-08T00:00:00+00:00,A,B,20.54486083984375,18.277777777777775,2.267083062065975
Mandaluyong,2026-09-08T00:00:00+00:00,B,B,15.404685020446777,18.277777777777775,2.8730927573309977
Mandaluyong,2026-09-08T00:00:00+00:00,C,B,15.818074226379395,18.277777777777775,2.4597035513983805
Mandaluyong,2026-09-08T00:00:00+00:00,D,B,19.377086639404297,18.277777777777775,1.0993088616265219
Mandaluyong,2026-09-08T00:00:00+00:00,A,S,20.052169799804688,18.277777777777775,1.7743920220269125
Mandaluyong,2026-09-08T00:00:00+00:00,B,S,16.455739974975586,18.277777777777775,1.822037802802189
Mandaluyong,2026-09-08T00:00:00+00:00,C,S,15.088231086730957,18.277777777777775,3.189546691046818
Mandaluyong,2026-09-08T00:00:00+00:00,D,S,18.861326217651367,18.277777777777775,0.5835484398735922
Mandaluyong,2026-09-08T00:00:00+00:00,A,C,23.58736228942871,18.277777777777775,5.309584511650936
Mandaluyong,2026-09-08T00:00:00+00:00,B,C,17.14154815673828,18.277777777777775,1.1362296210394938
Mandaluyong,2026-09-08T00:00:00+00:00,C,C,16.033937454223633,18.277777777777775,2.243840323554142
Mandaluyong,2026-09-08T00:00:00+00:00,D,C,18.861326217651367,18.277777777777775,0.5835484398735922
Mandaluyong,2026-09-14T00:00:00+00:00,A,A,17.33940315246582,26.082608695652176,8.743205543186356
Mandaluyong,2026-09-14T00:00:00+00:00,B,A,18.114309310913086,26.082608695652176,7.96829938473909
Mandaluyong,2026-09-14T00:00:00+00:00,C,A,21.398590087890625,26.082608695652176,4.684018607761551
Mandaluyong,2026-09-14T00:00:00+00:00,D,A,20.070207595825195,26.082608695652176,6.012401099826981
Mandaluyong,2026-09-14T00:00:00+00:00,A,B,17.33940315246582,26.082608695652176,8.743205543186356
Mandaluyong,2026-09-14T00:00:00+00:00,B,B,18.114309310913086,26.082608695652176,7.96829938473909
Mandaluyong,2026-09-14T00:00:00+00:00,C,B,21.398590087890625,26.082608695652176,4.684018607761551
Mandaluyong,2026-09-14T00:00:00+00:00,D,B,20.070207595825195,26.082608695652176,6.012401099826981
Mandaluyong,2026-09-14T00:00:00+00:00,A,S,19.598787307739258,26.082608695652176,6.4838213879129185
Mandaluyong,2026-09-14T00:00:00+00:00,B,S,19.46294403076172,26.082608695652176,6.619664664890458
Mandaluyong,2026-09-14T00:00:00+00:00,C,S,22.14690589904785,26.082608695652176,3.9357027966043248
Mandaluyong,2026-09-14T00:00:00+00:00,D,S,22.636377334594727,26.082608695652176,3.4462313610574498
Mandaluyong,2026-09-14T00:00:00+00:00,A,C,17.72403335571289,26.082608695652176,8.358575339939286
Mandaluyong,2026-09-14T00:00:00+00:00,B,C,21.365976333618164,26.082608695652176,4.716632362034012
Mandaluyong,2026-09-14T00:00:00+00:00,C,C,22.285242080688477,26.082608695652176,3.7973666149636998
Mandaluyong,2026-09-14T00:00:00+00:00,D,C,22.636377334594727,26.082608695652176,3.4462313610574498
Mandaluyong,2026-09-15T00:00:00+00:00,A,A,24.708227157592773,27.82777777777778,3.119550620185006
Mandaluyong,2026-09-15T00:00:00+00:00,B,A,19.08531379699707,27.82777777777778,8.742463980780709
Mandaluyong,2026-09-15T00:00:00+00:00,C,A,24.004480361938477,27.82777777777778,3.8232974158393027
Mandaluyong,2026-09-15T00:00:00+00:00,D,A,23.580381393432617,27.82777777777778,4.247396384345162
Mandaluyong,2026-09-15T00:00:00+00:00,A,B,24.708227157592773,27.82777777777778,3.119550620185006
Mandaluyong,2026-09-15T00:00:00+00:00,B,B,19.08531379699707,27.82777777777778,8.742463980780709
Mandaluyong,2026-09-15T00:00:00+00:00,C,B,24.004480361938477,27.82777777777778,3.8232974158393027
Mandaluyong,2026-09-15T00:00:00+00:00,D,B,23.580381393432617,27.82777777777778,4.247396384345162
Mandaluyong,2026-09-15T00:00:00+00:00,A,S,22.971435546875,27.82777777777778,4.856342230902779
Mandaluyong,2026-09-15T00:00:00+00:00,B,S,19.559505462646484,27.82777777777778,8.268272315131295
Mandaluyong,2026-09-15T00:00:00+00:00,C,S,22.759424209594727,27.82777777777778,5.068353568183053
Mandaluyong,2026-09-15T00:00:00+00:00,D,S,24.591676712036133,27.82777777777778,3.2361010657416465
Mandaluyong,2026-09-15T00:00:00+00:00,A,C,25.1232852935791,27.82777777777778,2.7044924841986777
Mandaluyong,2026-09-15T00:00:00+00:00,B,C,20.185773849487305,27.82777777777778,7.642003928290475
Mandaluyong,2026-09-15T00:00:00+00:00,C,C,23.192594528198242,27.82777777777778,4.635183249579537
Mandaluyong,2026-09-15T00:00:00+00:00,D,C,24.591676712036133,27.82777777777778,3.2361010657416465
Mandaluyong,2026-09-18T00:00:00+00:00,A,A,18.63316535949707,21.52380952380952,2.890644164312448
Mandaluyong,2026-09-18T00:00:00+00:00,B,A,18.257583618164062,21.52380952380952,3.266225905645456
Mandaluyong,2026-09-18T00:00:00+00:00,C,A,16.958154678344727,21.52380952380952,4.565654845464792
Mandaluyong,2026-09-18T00:00:00+00:00,D,A,20.04920768737793,21.52380952380952,1.4746018364315887
Mandaluyong,2026-09-18T00:00:00+00:00,A,B,18.63316535949707,21.52380952380952,2.890644164312448
Mandaluyong,2026-09-18T00:00:00+00:00,B,B,18.257583618164062,21.52380952380952,3.266225905645456
Mandaluyong,2026-09-18T00:00:00+00:00,C,B,16.958154678344727,21.52380952380952,4.565654845464792
Mandaluyong,2026-09-18T00:00:00+00:00,D,B,20.04920768737793,21.52380952380952,1.4746018364315887
Mandaluyong,2026-09-18T00:00:00+00:00,A,S,14.492984771728516,21.52380952380952,7.030824752081003
Mandaluyong,2026-09-18T00:00:00+00:00,B,S,15.792481422424316,21.52380952380952,5.731328101385202
Mandaluyong,2026-09-18T00:00:00+00:00,C,S,23.563949584960938,21.52380952380952,2.040140061151419
Mandaluyong,2026-09-18T00:00:00+00:00,D,S,20.29835319519043,21.52380952380952,1.2254563286190887
Mandaluyong,2026-09-18T00:00:00+00:00,A,C,16.524629592895508,21.52380952380952,4.999179930914011
Mandaluyong,2026-09-18T00:00:00+00:00,B,C,16.315643310546875,21.52380952380952,5.208166213262643
Mandaluyong,2026-09-18T00:00:00+00:00,C,C,22.89019203186035,21.52380952380952,1.3663825080508332
Mandaluyong,2026-09-18T00:00:00+00:00,D,C,20.29835319519043,21.52380952380952,1.2254563286190887
Mandaluyong,2026-09-20T00:00:00+00:00,A,A,17.287752151489258,17.854545454545455,0.5667933030561976
Mandaluyong,2026-09-20T00:00:00+00:00,B,A,21.866546630859375,17.854545454545455,4.01200117631392
Mandaluyong,2026-09-20T00:00:00+00:00,C,A,24.076139450073242,17.854545454545455,6.221593995527787
Mandaluyong,2026-09-20T00:00:00+00:00,D,A,19.59783363342285,17.854545454545455,1.7432881788773962
Mandaluyong,2026-09-20T00:00:00+00:00,A,B,17.287752151489258,17.854545454545455,0.5667933030561976
Mandaluyong,2026-09-20T00:00:00+00:00,B,B,21.866546630859375,17.854545454545455,4.01200117631392
Mandaluyong,2026-09-20T00:00:00+00:00,C,B,24.076139450073242,17.854545454545455,6.221593995527787
Mandaluyong,2026-09-20T00:00:00+00:00,D,B,19.59783363342285,17.854545454545455,1.7432881788773962
Mandaluyong,2026-09-20T00:00:00+00:00,A,S,18.04926872253418,17.854545454545455,0.1947232679887243
Mandaluyong,2026-09-20T00:00:00+00:00,B,S,28.690237045288086,17.854545454545455,10.83569159074263
Mandaluyong,2026-09-20T00:00:00+00:00,C,S,24.050329208374023,17.854545454545455,6.195783753828568
Mandaluyong,2026-09-20T00:00:00+00:00,D,S,23.49036979675293,17.854545454545455,5.635824342207474
Mandaluyong,2026-09-20T00:00:00+00:00,A,C,23.315948486328125,17.854545454545455,5.46140303178267
Mandaluyong,2026-09-20T00:00:00+00:00,B,C,25.909780502319336,17.854545454545455,8.05523504777388
Mandaluyong,2026-09-20T00:00:00+00:00,C,C,24.08696174621582,17.854545454545455,6.232416291670365
Mandaluyong,2026-09-20T00:00:00+00:00,D,C,23.49036979675293,17.854545454545455,5.635824342207474
Mandaluyong,2026-09-21T00:00:00+00:00,A,A,19.690513610839844,17.559545454545454,2.13096815629439
Mandaluyong,2026-09-21T00:00:00+00:00,B,A,18.695587158203125,17.559545454545454,1.1360417036576713
Mandaluyong,2026-09-21T00:00:00+00:00,C,A,15.781949043273926,17.559545454545454,1.777596411271528
Mandaluyong,2026-09-21T00:00:00+00:00,D,A,20.115867614746094,17.559545454545454,2.55632216020064
Mandaluyong,2026-09-21T00:00:00+00:00,A,B,19.690513610839844,17.559545454545454,2.13096815629439
Mandaluyong,2026-09-21T00:00:00+00:00,B,B,18.695587158203125,17.559545454545454,1.1360417036576713
Mandaluyong,2026-09-21T00:00:00+00:00,C,B,15.781949043273926,17.559545454545454,1.777596411271528
Mandaluyong,2026-09-21T00:00:00+00:00,D,B,20.115867614746094,17.559545454545454,2.55632216020064
Mandaluyong,2026-09-21T00:00:00+00:00,A,S,20.141279220581055,17.559545454545454,2.581733766035601
Mandaluyong,2026-09-21T00:00:00+00:00,B,S,15.785117149353027,17.559545454545454,1.7744283051924263
Mandaluyong,2026-09-21T00:00:00+00:00,C,S,18.547075271606445,17.559545454545454,0.9875298170609916
Mandaluyong,2026-09-21T00:00:00+00:00,D,S,19.633041381835938,17.559545454545454,2.073495927290484
Mandaluyong,2026-09-21T00:00:00+00:00,A,C,17.842878341674805,17.559545454545454,0.283332887129351
Mandaluyong,2026-09-21T00:00:00+00:00,B,C,17.895029067993164,17.559545454545454,0.3354836134477104
Mandaluyong,2026-09-21T00:00:00+00:00,C,C,18.67173194885254,17.559545454545454,1.1121864943070854
Mandaluyong,2026-09-21T00:00:00+00:00,D,C,19.633041381835938,17.559545454545454,2.073495927290484
Mandaluyong,2026-09-22T00:00:00+00:00,A,A,19.65043067932129,21.866666666666664,2.2162359873453745
Mandaluyong,2026-09-22T00:00:00+00:00,B,A,13.9898681640625,21.866666666666664,7.876798502604164
Mandaluyong,2026-09-22T00:00:00+00:00,C,A,16.564573287963867,21.866666666666664,5.302093378702796
Mandaluyong,2026-09-22T00:00:00+00:00,D,A,17.38950538635254,21.866666666666664,4.4771612803141245
Mandaluyong,2026-09-22T00:00:00+00:00,A,B,19.65043067932129,21.866666666666664,2.2162359873453745
Mandaluyong,2026-09-22T00:00:00+00:00,B,B,13.9898681640625,21.866666666666664,7.876798502604164
Mandaluyong,2026-09-22T00:00:00+00:00,C,B,16.564573287963867,21.866666666666664,5.302093378702796
Mandaluyong,2026-09-22T00:00:00+00:00,D,B,17.38950538635254,21.866666666666664,4.4771612803141245
Mandaluyong,2026-09-22T00:00:00+00:00,A,S,19.663040161132812,21.866666666666664,2.203626505533851
Mandaluyong,2026-09-22T00:00:00+00:00,B,S,13.936924934387207,21.866666666666664,7.929741732279457
Mandaluyong,2026-09-22T00:00:00+00:00,C,S,16.534196853637695,21.866666666666664,5.332469813028968
Mandaluyong,2026-09-22T00:00:00+00:00,D,S,18.095476150512695,21.866666666666664,3.7711905161539683
Mandaluyong,2026-09-22T00:00:00+00:00,A,C,18.317703247070312,21.866666666666664,3.548963419596351
Mandaluyong,2026-09-22T00:00:00+00:00,B,C,14.092656135559082,21.866666666666664,7.774010531107582
Mandaluyong,2026-09-22T00:00:00+00:00,C,C,16.63441276550293,21.866666666666664,5.232253901163734
Mandaluyong,2026-09-22T00:00:00+00:00,D,C,18.095476150512695,21.866666666666664,3.7711905161539683
Mandaluyong,2026-09-23T00:00:00+00:00,A,A,17.847265243530273,27.139999999999997,9.292734756469724
Mandaluyong,2026-09-23T00:00:00+00:00,B,A,15.22982406616211,27.139999999999997,11.910175933837888
Mandaluyong,2026-09-23T00:00:00+00:00,C,A,19.519670486450195,27.139999999999997,7.620329513549802
Mandaluyong,2026-09-23T00:00:00+00:00,D,A,19.354036331176758,27.139999999999997,7.785963668823239
Mandaluyong,2026-09-23T00:00:00+00:00,A,B,17.847265243530273,27.139999999999997,9.292734756469724
Mandaluyong,2026-09-23T00:00:00+00:00,B,B,15.22982406616211,27.139999999999997,11.910175933837888
Mandaluyong,2026-09-23T00:00:00+00:00,C,B,19.519670486450195,27.139999999999997,7.620329513549802
Mandaluyong,2026-09-23T00:00:00+00:00,D,B,19.354036331176758,27.139999999999997,7.785963668823239
Mandaluyong,2026-09-23T00:00:00+00:00,A,S,16.607362747192383,27.139999999999997,10.532637252807614
Mandaluyong,2026-09-23T00:00:00+00:00,B,S,15.23642349243164,27.139999999999997,11.903576507568356
Mandaluyong,2026-09-23T00:00:00+00:00,C,S,19.353351593017578,27.139999999999997,7.786648406982419
Mandaluyong,2026-09-23T00:00:00+00:00,D,S,19.93016815185547,27.139999999999997,7.209831848144528
Mandaluyong,2026-09-23T00:00:00+00:00,A,C,17.953155517578125,27.139999999999997,9.186844482421872
Mandaluyong,2026-09-23T00:00:00+00:00,B,C,15.721199989318848,27.139999999999997,11.41880001068115
Mandaluyong,2026-09-23T00:00:00+00:00,C,C,19.40690803527832,27.139999999999997,7.733091964721677
Mandaluyong,2026-09-23T00:00:00+00:00,D,C,19.93016815185547,27.139999999999997,7.209831848144528
Mandaluyong,2026-09-25T00:00:00+00:00,A,A,19.563161849975586,21.573684210526316,2.0105223605507305
Mandaluyong,2026-09-25T00:00:00+00:00,B,A,25.962257385253906,21.573684210526316,4.38857317472759
Mandaluyong,2026-09-25T00:00:00+00:00,C,A,24.41581153869629,21.573684210526316,2.8421273281699726
Mandaluyong,2026-09-25T00:00:00+00:00,D,A,25.558067321777344,21.573684210526316,3.9843831112510273
Mandaluyong,2026-09-25T00:00:00+00:00,A,B,19.563161849975586,21.573684210526316,2.0105223605507305
Mandaluyong,2026-09-25T00:00:00+00:00,B,B,25.962257385253906,21.573684210526316,4.38857317472759
Mandaluyong,2026-09-25T00:00:00+00:00,C,B,24.41581153869629,21.573684210526316,2.8421273281699726
Mandaluyong,2026-09-25T00:00:00+00:00,D,B,25.558067321777344,21.573684210526316,3.9843831112510273
Mandaluyong,2026-09-25T00:00:00+00:00,A,S,19.920927047729492,21.573684210526316,1.6527571627968243
Mandaluyong,2026-09-25T00:00:00+00:00,B,S,25.609519958496094,21.573684210526316,4.035835747969777
Mandaluyong,2026-09-25T00:00:00+00:00,C,S,25.6401309967041,21.573684210526316,4.066446786177785
Mandaluyong,2026-09-25T00:00:00+00:00,D,S,26.994384765625,21.573684210526316,5.4207005550986835
Mandaluyong,2026-09-25T00:00:00+00:00,A,C,19.443700790405273,21.573684210526316,2.129983420121043
Mandaluyong,2026-09-25T00:00:00+00:00,B,C,24.06085205078125,21.573684210526316,2.4871678402549335
Mandaluyong,2026-09-25T00:00:00+00:00,C,C,24.712905883789062,21.573684210526316,3.139221673262746
Mandaluyong,2026-09-25T00:00:00+00:00,D,C,26.994384765625,21.573684210526316,5.4207005550986835
Mandaluyong,2026-09-26T00:00:00+00:00,A,A,18.856828689575195,29.383333333333336,10.526504643758141
Mandaluyong,2026-09-26T00:00:00+00:00,B,A,25.12697410583496,29.383333333333336,4.2563592274983755
Mandaluyong,2026-09-26T00:00:00+00:00,C,A,22.418886184692383,29.383333333333336,6.964447148640954
Mandaluyong,2026-09-26T00:00:00+00:00,D,A,21.6528377532959,29.383333333333336,7.730495580037438
Mandaluyong,2026-09-26T00:00:00+00:00,A,B,18.856828689575195,29.383333333333336,10.526504643758141
Mandaluyong,2026-09-26T00:00:00+00:00,B,B,25.12697410583496,29.383333333333336,4.2563592274983755
Mandaluyong,2026-09-26T00:00:00+00:00,C,B,22.418886184692383,29.383333333333336,6.964447148640954
Mandaluyong,2026-09-26T00:00:00+00:00,D,B,21.6528377532959,29.383333333333336,7.730495580037438
Mandaluyong,2026-09-26T00:00:00+00:00,A,S,20.316556930541992,29.383333333333336,9.066776402791344
Mandaluyong,2026-09-26T00:00:00+00:00,B,S,21.110231399536133,29.383333333333336,8.273101933797204
Mandaluyong,2026-09-26T00:00:00+00:00,C,S,24.13478660583496,29.383333333333336,5.2485467274983755
Mandaluyong,2026-09-26T00:00:00+00:00,D,S,19.8192195892334,29.383333333333336,9.564113744099938
Mandaluyong,2026-09-26T00:00:00+00:00,A,C,18.333955764770508,29.383333333333336,11.049377568562829
Mandaluyong,2026-09-26T00:00:00+00:00,B,C,20.979129791259766,29.383333333333336,8.40420354207357
Mandaluyong,2026-09-26T00:00:00+00:00,C,C,23.955842971801758,29.383333333333336,5.427490361531579
Mandaluyong,2026-09-26T00:00:00+00:00,D,C,19.8192195892334,29.383333333333336,9.564113744099938
Mandaluyong,2026-09-27T00:00:00+00:00,A,A,26.517791748046875,30.09090909090909,3.573117342862215
Mandaluyong,2026-09-27T00:00:00+00:00,B,A,26.2659854888916,30.09090909090909,3.8249236020174884
Mandaluyong,2026-09-27T00:00:00+00:00,C,A,29.901784896850586,30.09090909090909,0.189124194058504
Mandaluyong,2026-09-27T00:00:00+00:00,D,A,24.52628517150879,30.09090909090909,5.564623919400301
Mandaluyong,2026-09-27T00:00:00+00:00,A,B,26.517791748046875,30.09090909090909,3.573117342862215
Mandaluyong,2026-09-27T00:00:00+00:00,B,B,26.2659854888916,30.09090909090909,3.8249236020174884
Mandaluyong,2026-09-27T00:00:00+00:00,C,B,29.901784896850586,30.09090909090909,0.189124194058504
Mandaluyong,2026-09-27T00:00:00+00:00,D,B,24.52628517150879,30.09090909090909,5.564623919400301
Mandaluyong,2026-09-27T00:00:00+00:00,A,S,25.10625457763672,30.09090909090909,4.984654513272371
Mandaluyong,2026-09-27T00:00:00+00:00,B,S,23.5533447265625,30.09090909090909,6.53756436434659
Mandaluyong,2026-09-27T00:00:00+00:00,C,S,25.32198143005371,30.09090909090909,4.768927660855379
Mandaluyong,2026-09-27T00:00:00+00:00,D,S,25.05379295349121,30.09090909090909,5.037116137417879
Mandaluyong,2026-09-27T00:00:00+00:00,A,C,23.826576232910156,30.09090909090909,6.264332857998934
Mandaluyong,2026-09-27T00:00:00+00:00,B,C,23.515167236328125,30.09090909090909,6.575741854580965
Mandaluyong,2026-09-27T00:00:00+00:00,C,C,25.02105140686035,30.09090909090909,5.069857684048738
Mandaluyong,2026-09-27T00:00:00+00:00,D,C,25.05379295349121,30.09090909090909,5.037116137417879
Navotas,2026-08-14T00:00:00+00:00,A,A,23.44451904296875,56.87777777777777,33.43325873480902
Navotas,2026-08-14T00:00:00+00:00,B,A,24.39182472229004,56.87777777777777,32.485953055487734
Navotas,2026-08-14T00:00:00+00:00,C,A,26.577665328979492,56.87777777777777,30.30011244879828
Navotas,2026-08-14T00:00:00+00:00,D,A,18.539960861206055,56.87777777777777,38.33781691657172
Navotas,2026-08-14T00:00:00+00:00,A,B,23.44451904296875,56.87777777777777,33.43325873480902
Navotas,2026-08-14T00:00:00+00:00,B,B,24.39182472229004,56.87777777777777,32.485953055487734
Navotas,2026-08-14T00:00:00+00:00,C,B,26.577665328979492,56.87777777777777,30.30011244879828
Navotas,2026-08-14T00:00:00+00:00,D,B,18.539960861206055,56.87777777777777,38.33781691657172
Navotas,2026-08-14T00:00:00+00:00,A,S,16.047945022583008,56.87777777777777,40.829832755194765
Navotas,2026-08-14T00:00:00+00:00,B,S,29.06846046447754,56.87777777777777,27.809317313300234
Navotas,2026-08-14T00:00:00+00:00,C,S,30.368833541870117,56.87777777777777,26.508944235907656
Navotas,2026-08-14T00:00:00+00:00,D,S,13.460952758789062,56.87777777777777,43.41682501898871
Navotas,2026-08-14T00:00:00+00:00,A,C,16.07342529296875,56.87777777777777,40.80435248480902
Navotas,2026-08-14T00:00:00+00:00,B,C,28.655702590942383,56.87777777777777,28.22207518683539
Navotas,2026-08-14T00:00:00+00:00,C,C,30.480636596679688,56.87777777777777,26.397141181098085
Navotas,2026-08-14T00:00:00+00:00,D,C,13.460952758789062,56.87777777777777,43.41682501898871
Navotas,2026-08-15T00:00:00+00:00,A,A,35.33258056640625,20.230434782608693,15.102145783797557
Navotas,2026-08-15T00:00:00+00:00,B,A,31.306442260742188,20.230434782608693,11.076007478133494
Navotas,2026-08-15T00:00:00+00:00,C,A,31.054183959960938,20.230434782608693,10.823749177352244
Navotas,2026-08-15T00:00:00+00:00,D,A,44.72902297973633,20.230434782608693,24.498588197127635
Navotas,2026-08-15T00:00:00+00:00,A,B,35.33258056640625,20.230434782608693,15.102145783797557
Navotas,2026-08-15T00:00:00+00:00,B,B,31.306442260742188,20.230434782608693,11.076007478133494
Navotas,2026-08-15T00:00:00+00:00,C,B,31.054183959960938,20.230434782608693,10.823749177352244
Navotas,2026-08-15T00:00:00+00:00,D,B,44.72902297973633,20.230434782608693,24.498588197127635
Navotas,2026-08-15T00:00:00+00:00,A,S,28.855995178222656,20.230434782608693,8.625560395613963
Navotas,2026-08-15T00:00:00+00:00,B,S,40.35023880004883,20.230434782608693,20.119804017440135
Navotas,2026-08-15T00:00:00+00:00,C,S,31.90317726135254,20.230434782608693,11.672742478743846
Navotas,2026-08-15T00:00:00+00:00,D,S,39.13155746459961,20.230434782608693,18.901122681990916
Navotas,2026-08-15T00:00:00+00:00,A,C,34.16514205932617,20.230434782608693,13.934707276717479
Navotas,2026-08-15T00:00:00+00:00,B,C,41.07949447631836,20.230434782608693,20.849059693709666
Navotas,2026-08-15T00:00:00+00:00,C,C,31.600929260253906,20.230434782608693,11.370494477645213
Navotas,2026-08-15T00:00:00+00:00,D,C,39.13155746459961,20.230434782608693,18.901122681990916
Navotas,2026-08-16T00:00:00+00:00,A,A,31.612831115722656,25.385263157894737,6.227567957827919
Navotas,2026-08-16T00:00:00+00:00,B,A,31.631967544555664,25.385263157894737,6.246704386660927
Navotas,2026-08-16T00:00:00+00:00,C,A,24.50029945373535,25.385263157894737,0.8849637041593859
Navotas,2026-08-16T00:00:00+00:00,D,A,30.06532859802246,25.385263157894737,4.6800654401277235
Navotas,2026-08-16T00:00:00+00:00,A,B,31.612831115722656,25.385263157894737,6.227567957827919
Navotas,2026-08-16T00:00:00+00:00,B,B,31.631967544555664,25.385263157894737,6.246704386660927
Navotas,2026-08-16T00:00:00+00:00,C,B,24.50029945373535,25.385263157894737,0.8849637041593859
Navotas,2026-08-16T00:00:00+00:00,D,B,30.06532859802246,25.385263157894737,4.6800654401277235
Navotas,2026-08-16T00:00:00+00:00,A,S,30.826644897460938,25.385263157894737,5.4413817395662
Navotas,2026-08-16T00:00:00+00:00,B,S,34.4280891418457,25.385263157894737,9.042825983950966
Navotas,2026-08-16T00:00:00+00:00,C,S,23.239042282104492,25.385263157894737,2.1462208757902452
Navotas,2026-08-16T00:00:00+00:00,D,S,25.2220516204834,25.385263157894737,0.16321153741133898
Navotas,2026-08-16T00:00:00+00:00,A,C,27.432710647583008,25.385263157894737,2.0474474896882704
Navotas,2026-08-16T00:00:00+00:00,B,C,31.447341918945312,25.385263157894737,6.062078761050575
Navotas,2026-08-16T00:00:00+00:00,C,C,23.223894119262695,25.385263157894737,2.161369038632042
Navotas,2026-08-16T00:00:00+00:00,D,C,25.2220516204834,25.385263157894737,0.16321153741133898
Navotas,2026-08-25T00:00:00+00:00,A,A,31.19618034362793,29.78421052631579,1.4119698173121407
Navotas,2026-08-25T00:00:00+00:00,B,A,29.007766723632812,29.78421052631579,0.7764438026829765
Navotas,2026-08-25T00:00:00+00:00,C,A,27.105941772460938,29.78421052631579,2.6782687538548515
Navotas,2026-08-25T00:00:00+00:00,D,A,28.591943740844727,29.78421052631579,1.1922667854710625
Navotas,2026-08-25T00:00:00+00:00,A,B,31.19618034362793,29.78421052631579,1.4119698173121407
Navotas,2026-08-25T00:00:00+00:00,B,B,29.007766723632812,29.78421052631579,0.7764438026829765
Navotas,2026-08-25T00:00:00+00:00,C,B,27.105941772460938,29.78421052631579,2.6782687538548515
Navotas,2026-08-25T00:00:00+00:00,D,B,28.591943740844727,29.78421052631579,1.1922667854710625
Navotas,2026-08-25T00:00:00+00:00,A,S,21.99547004699707,29.78421052631579,7.788740479318719
Navotas,2026-08-25T00:00:00+00:00,B,S,19.47261619567871,29.78421052631579,10.311594330637078
Navotas,2026-08-25T00:00:00+00:00,C,S,29.533660888671875,29.78421052631579,0.250549637643914
Navotas,2026-08-25T00:00:00+00:00,D,S,28.31328010559082,29.78421052631579,1.4709304207249687
Navotas,2026-08-25T00:00:00+00:00,A,C,22.658462524414062,29.78421052631579,7.1257480019017265
Navotas,2026-08-25T00:00:00+00:00,B,C,19.15254020690918,29.78421052631579,10.63167031940661
Navotas,2026-08-25T00:00:00+00:00,C,C,29.036964416503906,29.78421052631579,0.7472461098118828
Navotas,2026-08-25T00:00:00+00:00,D,C,28.31328010559082,29.78421052631579,1.4709304207249687
Navotas,2026-08-26T00:00:00+00:00,A,A,38.689029693603516,16.52777777777778,22.161251915825737
Navotas,2026-08-26T00:00:00+00:00,B,A,35.182159423828125,16.52777777777778,18.654381646050346
Navotas,2026-08-26T00:00:00+00:00,C,A,32.33012008666992,16.52777777777778,15.802342308892143
Navotas,2026-08-26T00:00:00+00:00,D,A,25.675512313842773,16.52777777777778,9.147734536064995
Navotas,2026-08-26T00:00:00+00:00,A,B,38.689029693603516,16.52777777777778,22.161251915825737
Navotas,2026-08-26T00:00:00+00:00,B,B,35.182159423828125,16.52777777777778,18.654381646050346
Navotas,2026-08-26T00:00:00+00:00,C,B,32.33012008666992,16.52777777777778,15.802342308892143
Navotas,2026-08-26T00:00:00+00:00,D,B,25.675512313842773,16.52777777777778,9.147734536064995
Navotas,2026-08-26T00:00:00+00:00,A,S,30.225677490234375,16.52777777777778,13.697899712456596
Navotas,2026-08-26T00:00:00+00:00,B,S,27.5117244720459,16.52777777777778,10.98394669426812
Navotas,2026-08-26T00:00:00+00:00,C,S,28.0800724029541,16.52777777777778,11.552294625176323
Navotas,2026-08-26T00:00:00+00:00,D,S,24.96285057067871,16.52777777777778,8.435072792900932
Navotas,2026-08-26T00:00:00+00:00,A,C,33.432437896728516,16.52777777777778,16.904660118950737
Navotas,2026-08-26T00:00:00+00:00,B,C,27.07063865661621,16.52777777777778,10.542860878838432
Navotas,2026-08-26T00:00:00+00:00,C,C,27.787872314453125,16.52777777777778,11.260094536675346
Navotas,2026-08-26T00:00:00+00:00,D,C,24.96285057067871,16.52777777777778,8.435072792900932
Navotas,2026-08-28T00:00:00+00:00,A,A,14.991110801696777,12.232222222222223,2.7588885794745543
Navotas,2026-08-28T00:00:00+00:00,B,A,15.175811767578125,12.232222222222223,2.943589545355902
Navotas,2026-08-28T00:00:00+00:00,C,A,15.636284828186035,12.232222222222223,3.404062605963812
Navotas,2026-08-28T00:00:00+00:00,D,A,12.027003288269043,12.232222222222223,0.20521893395318003
Navotas,2026-08-28T00:00:00+00:00,A,B,14.991110801696777,12.232222222222223,2.7588885794745543
Navotas,2026-08-28T00:00:00+00:00,B,B,15.175811767578125,12.232222222222223,2.943589545355902
Navotas,2026-08-28T00:00:00+00:00,C,B,15.636284828186035,12.232222222222223,3.404062605963812
Navotas,2026-08-28T00:00:00+00:00,D,B,12.027003288269043,12.232222222222223,0.20521893395318003
Navotas,2026-08-28T00:00:00+00:00,A,S,11.632515907287598,12.232222222222223,0.5997063149346253
Navotas,2026-08-28T00:00:00+00:00,B,S,13.80297565460205,12.232222222222223,1.5707534323798278
Navotas,2026-08-28T00:00:00+00:00,C,S,16.633129119873047,12.232222222222223,4.400906897650824
Navotas,2026-08-28T00:00:00+00:00,D,S,12.201171875,12.232222222222223,0.031050347222222996
Navotas,2026-08-28T00:00:00+00:00,A,C,12.72295093536377,12.232222222222223,0.49072871314154654
Navotas,2026-08-28T00:00:00+00:00,B,C,14.78596019744873,12.232222222222223,2.5537379752265075
Navotas,2026-08-28T00:00:00+00:00,C,C,16.19305992126465,12.232222222222223,3.9608376990424254
Navotas,2026-08-28T00:00:00+00:00,D,C,12.201171875,12.232222222222223,0.031050347222222996
Navotas,2026-08-30T00:00:00+00:00,A,A,26.94608497619629,47.02777777777778,20.08169280158149
Navotas,2026-08-30T00:00:00+00:00,B,A,18.413408279418945,47.02777777777778,28.614369498358833
Navotas,2026-08-30T00:00:00+00:00,C,A,23.904451370239258,47.02777777777778,23.12332640753852
Navotas,2026-08-30T00:00:00+00:00,D,A,21.83968162536621,47.02777777777778,25.188096152411568
Navotas,2026-08-30T00:00:00+00:00,A,B,26.94608497619629,47.02777777777778,20.08169280158149
Navotas,2026-08-30T00:00:00+00:00,B,B,18.413408279418945,47.02777777777778,28.614369498358833
Navotas,2026-08-30T00:00:00+00:00,C,B,23.904451370239258,47.02777777777778,23.12332640753852
Navotas,2026-08-30T00:00:00+00:00,D,B,21.83968162536621,47.02777777777778,25.188096152411568
Navotas,2026-08-30T00:00:00+00:00,A,S,16.49858283996582,47.02777777777778,30.52919493781196
Navotas,2026-08-30T00:00:00+00:00,B,S,19.357942581176758,47.02777777777778,27.66983519660102
Navotas,2026-08-30T00:00:00+00:00,C,S,21.127140045166016,47.02777777777778,25.900637732611763
Navotas,2026-08-30T00:00:00+00:00,D,S,13.99576473236084,47.02777777777778,33.03201304541694
Navotas,2026-08-30T00:00:00+00:00,A,C,16.73868751525879,47.02777777777778,30.28909026251899
Navotas,2026-08-30T00:00:00+00:00,B,C,19.137725830078125,47.02777777777778,27.890051947699654
Navotas,2026-08-30T00:00:00+00:00,C,C,21.82975196838379,47.02777777777778,25.19802580939399
Navotas,2026-08-30T00:00:00+00:00,D,C,13.99576473236084,47.02777777777778,33.03201304541694
Navotas,2026-08-31T00:00:00+00:00,A,A,40.47300720214844,71.3,30.82699279785156
Navotas,2026-08-31T00:00:00+00:00,B,A,29.4746036529541,71.3,41.825396347045896
Navotas,2026-08-31T00:00:00+00:00,C,A,38.28566360473633,71.3,33.01433639526367
Navotas,2026-08-31T00:00:00+00:00,D,A,31.82207679748535,71.3,39.477923202514646
Navotas,2026-08-31T00:00:00+00:00,A,B,40.47300720214844,71.3,30.82699279785156
Navotas,2026-08-31T00:00:00+00:00,B,B,29.4746036529541,71.3,41.825396347045896
Navotas,2026-08-31T00:00:00+00:00,C,B,38.28566360473633,71.3,33.01433639526367
Navotas,2026-08-31T00:00:00+00:00,D,B,31.82207679748535,71.3,39.477923202514646
Navotas,2026-08-31T00:00:00+00:00,A,S,37.706966400146484,71.3,33.59303359985351
Navotas,2026-08-31T00:00:00+00:00,B,S,23.108964920043945,71.3,48.19103507995605
Navotas,2026-08-31T00:00:00+00:00,C,S,38.132816314697266,71.3,33.16718368530273
Navotas,2026-08-31T00:00:00+00:00,D,S,33.59837341308594,71.3,37.70162658691406
Navotas,2026-08-31T00:00:00+00:00,A,C,33.269744873046875,71.3,38.03025512695312
Navotas,2026-08-31T00:00:00+00:00,B,C,24.003019332885742,71.3,47.296980667114255
Navotas,2026-08-31T00:00:00+00:00,C,C,38.27158737182617,71.3,33.028412628173825
Navotas,2026-08-31T00:00:00+00:00,D,C,33.59837341308594,71.3,37.70162658691406
Navotas,2026-09-01T00:00:00+00:00,A,A,65.77212524414062,28.366666666666667,37.40545857747396
Navotas,2026-09-01T00:00:00+00:00,B,A,48.0955924987793,28.366666666666667,19.72892583211263
Navotas,2026-09-01T00:00:00+00:00,C,A,46.49769973754883,28.366666666666667,18.13103307088216
Navotas,2026-09-01T00:00:00+00:00,D,A,45.1870231628418,28.366666666666667,16.82035649617513
Navotas,2026-09-01T00:00:00+00:00,A,B,65.77212524414062,28.366666666666667,37.40545857747396
Navotas,2026-09-01T00:00:00+00:00,B,B,48.0955924987793,28.366666666666667,19.72892583211263
Navotas,2026-09-01T00:00:00+00:00,C,B,46.49769973754883,28.366666666666667,18.13103307088216
Navotas,2026-09-01T00:00:00+00:00,D,B,45.1870231628418,28.366666666666667,16.82035649617513
Navotas,2026-09-01T00:00:00+00:00,A,S,62.48991012573242,28.366666666666667,34.123243459065755
Navotas,2026-09-01T00:00:00+00:00,B,S,42.05283737182617,28.366666666666667,13.686170705159505
Navotas,2026-09-01T00:00:00+00:00,C,S,42.41843795776367,28.366666666666667,14.051771291097005
Navotas,2026-09-01T00:00:00+00:00,D,S,48.32362365722656,28.366666666666667,19.956956990559895
Navotas,2026-09-01T00:00:00+00:00,A,C,65.94967651367188,28.366666666666667,37.58300984700521
Navotas,2026-09-01T00:00:00+00:00,B,C,42.45762634277344,28.366666666666667,14.09095967610677
Navotas,2026-09-01T00:00:00+00:00,C,C,41.24555587768555,28.366666666666667,12.87888921101888
Navotas,2026-09-01T00:00:00+00:00,D,C,48.32362365722656,28.366666666666667,19.956956990559895
Navotas,2026-09-03T00:00:00+00:00,A,A,22.056188583374023,17.071315789473687,4.984872793900337
Navotas,2026-09-03T00:00:00+00:00,B,A,21.82183837890625,17.071315789473687,4.750522589432563
Navotas,2026-09-03T00:00:00+00:00,C,A,27.259353637695312,17.071315789473687,10.188037848221626
Navotas,2026-09-03T00:00:00+00:00,D,A,20.505796432495117,17.071315789473687,3.4344806430214305
Navotas,2026-09-03T00:00:00+00:00,A,B,22.056188583374023,17.071315789473687,4.984872793900337
Navotas,2026-09-03T00:00:00+00:00,B,B,21.82183837890625,17.071315789473687,4.750522589432563
Navotas,2026-09-03T00:00:00+00:00,C,B,27.259353637695312,17.071315789473687,10.188037848221626
Navotas,2026-09-03T00:00:00+00:00,D,B,20.505796432495117,17.071315789473687,3.4344806430214305
Navotas,2026-09-03T00:00:00+00:00,A,S,19.022186279296875,17.071315789473687,1.9508704898231883
Navotas,2026-09-03T00:00:00+00:00,B,S,22.975814819335938,17.071315789473687,5.904499029862251
Navotas,2026-09-03T00:00:00+00:00,C,S,25.2139892578125,17.071315789473687,8.142673468338813
Navotas,2026-09-03T00:00:00+00:00,D,S,22.580724716186523,17.071315789473687,5.509408926712837
Navotas,2026-09-03T00:00:00+00:00,A,C,21.030900955200195,17.071315789473687,3.9595851657265086
Navotas,2026-09-03T00:00:00+00:00,B,C,23.491464614868164,17.071315789473687,6.420148825394477
Navotas,2026-09-03T00:00:00+00:00,C,C,25.028738021850586,17.071315789473687,7.957422232376899
Navotas,2026-09-03T00:00:00+00:00,D,C,22.580724716186523,17.071315789473687,5.509408926712837
Navotas,2026-09-04T00:00:00+00:00,A,A,21.42378044128418,16.939999999999998,4.483780441284182
Navotas,2026-09-04T00:00:00+00:00,B,A,16.588388442993164,16.939999999999998,0.35161155700683366
Navotas,2026-09-04T00:00:00+00:00,C,A,15.728424072265625,16.939999999999998,1.2115759277343727
Navotas,2026-09-04T00:00:00+00:00,D,A,18.195554733276367,16.939999999999998,1.2555547332763695
Navotas,2026-09-04T00:00:00+00:00,A,B,21.42378044128418,16.939999999999998,4.483780441284182
Navotas,2026-09-04T00:00:00+00:00,B,B,16.588388442993164,16.939999999999998,0.35161155700683366
Navotas,2026-09-04T00:00:00+00:00,C,B,15.728424072265625,16.939999999999998,1.2115759277343727
Navotas,2026-09-04T00:00:00+00:00,D,B,18.195554733276367,16.939999999999998,1.2555547332763695
Navotas,2026-09-04T00:00:00+00:00,A,S,18.77113914489746,16.939999999999998,1.8311391448974632
Navotas,2026-09-04T00:00:00+00:00,B,S,15.38756275177002,16.939999999999998,1.5524372482299782
Navotas,2026-09-04T00:00:00+00:00,C,S,23.085304260253906,16.939999999999998,6.1453042602539085
Navotas,2026-09-04T00:00:00+00:00,D,S,20.891334533691406,16.939999999999998,3.9513345336914085
Navotas,2026-09-04T00:00:00+00:00,A,C,18.861770629882812,16.939999999999998,1.9217706298828148
Navotas,2026-09-04T00:00:00+00:00,B,C,17.166536331176758,16.939999999999998,0.2265363311767601
Navotas,2026-09-04T00:00:00+00:00,C,C,22.732942581176758,16.939999999999998,5.79294258117676
Navotas,2026-09-04T00:00:00+00:00,D,C,20.891334533691406,16.939999999999998,3.9513345336914085
Navotas,2026-09-05T00:00:00+00:00,A,A,16.255218505859375,12.527727272727274,3.727491233132101
Navotas,2026-09-05T00:00:00+00:00,B,A,17.875192642211914,12.527727272727274,5.34746536948464
Navotas,2026-09-05T00:00:00+00:00,C,A,18.90774917602539,12.527727272727274,6.3800219032981165
Navotas,2026-09-05T00:00:00+00:00,D,A,21.173864364624023,12.527727272727274,8.64613709189675
Navotas,2026-09-05T00:00:00+00:00,A,B,16.255218505859375,12.527727272727274,3.727491233132101
Navotas,2026-09-05T00:00:00+00:00,B,B,17.875192642211914,12.527727272727274,5.34746536948464
Navotas,2026-09-05T00:00:00+00:00,C,B,18.90774917602539,12.527727272727274,6.3800219032981165
Navotas,2026-09-05T00:00:00+00:00,D,B,21.173864364624023,12.527727272727274,8.64613709189675
Navotas,2026-09-05T00:00:00+00:00,A,S,19.43842887878418,12.527727272727274,6.9107016060569055
Navotas,2026-09-05T00:00:00+00:00,B,S,20.527563095092773,12.527727272727274,7.999835822365499
Navotas,2026-09-05T00:00:00+00:00,C,S,19.244070053100586,12.527727272727274,6.716342780373312
Navotas,2026-09-05T00:00:00+00:00,D,S,18.898794174194336,12.527727272727274,6.371066901467062
Navotas,2026-09-05T00:00:00+00:00,A,C,17.44449806213379,12.527727272727274,4.916770789406515
Navotas,2026-09-05T00:00:00+00:00,B,C,20.323671340942383,12.527727272727274,7.795944068215109
Navotas,2026-09-05T00:00:00+00:00,C,C,18.29231834411621,12.527727272727274,5.764591071388937
Navotas,2026-09-05T00:00:00+00:00,D,C,18.898794174194336,12.527727272727274,6.371066901467062
Navotas,2026-09-06T00:00:00+00:00,A,A,18.08869743347168,18.667499999999997,0.5788025665283172
Navotas,2026-09-06T00:00:00+00:00,B,A,14.926559448242188,18.667499999999997,3.7409405517578094
Navotas,2026-09-06T00:00:00+00:00,C,A,13.12734603881836,18.667499999999997,5.5401539611816375
Navotas,2026-09-06T00:00:00+00:00,D,A,14.232803344726562,18.667499999999997,4.434696655273434
Navotas,2026-09-06T00:00:00+00:00,A,B,18.08869743347168,18.667499999999997,0.5788025665283172
Navotas,2026-09-06T00:00:00+00:00,B,B,14.926559448242188,18.667499999999997,3.7409405517578094
Navotas,2026-09-06T00:00:00+00:00,C,B,13.12734603881836,18.667499999999997,5.5401539611816375
Navotas,2026-09-06T00:00:00+00:00,D,B,14.232803344726562,18.667499999999997,4.434696655273434
Navotas,2026-09-06T00:00:00+00:00,A,S,16.759674072265625,18.667499999999997,1.9078259277343719
Navotas,2026-09-06T00:00:00+00:00,B,S,18.464998245239258,18.667499999999997,0.20250175476073906
Navotas,2026-09-06T00:00:00+00:00,C,S,13.813260078430176,18.667499999999997,4.854239921569821
Navotas,2026-09-06T00:00:00+00:00,D,S,16.36033058166504,18.667499999999997,2.307169418334958
Navotas,2026-09-06T00:00:00+00:00,A,C,16.26289176940918,18.667499999999997,2.404608230590817
Navotas,2026-09-06T00:00:00+00:00,B,C,15.59195613861084,18.667499999999997,3.075543861389157
Navotas,2026-09-06T00:00:00+00:00,C,C,14.006903648376465,18.667499999999997,4.660596351623532
Navotas,2026-09-06T00:00:00+00:00,D,C,16.36033058166504,18.667499999999997,2.307169418334958
Navotas,2026-09-07T00:00:00+00:00,A,A,14.176770210266113,24.3175,10.140729789733886
Navotas,2026-09-07T00:00:00+00:00,B,A,19.9123477935791,24.3175,4.405152206420897
Navotas,2026-09-07T00:00:00+00:00,C,A,15.330452919006348,24.3175,8.987047080993651
Navotas,2026-09-07T00:00:00+00:00,D,A,18.924114227294922,24.3175,5.393385772705077
Navotas,2026-09-07T00:00:00+00:00,A,B,14.176770210266113,24.3175,10.140729789733886
Navotas,2026-09-07T00:00:00+00:00,B,B,19.9123477935791,24.3175,4.405152206420897
Navotas,2026-09-07T00:00:00+00:00,C,B,15.330452919006348,24.3175,8.987047080993651
Navotas,2026-09-07T00:00:00+00:00,D,B,18.924114227294922,24.3175,5.393385772705077
Navotas,2026-09-07T00:00:00+00:00,A,S,16.01139259338379,24.3175,8.30610740661621
Navotas,2026-09-07T00:00:00+00:00,B,S,21.28367805480957,24.3175,3.0338219451904287
Navotas,2026-09-07T00:00:00+00:00,C,S,20.495569229125977,24.3175,3.8219307708740224
Navotas,2026-09-07T00:00:00+00:00,D,S,23.117090225219727,24.3175,1.2004097747802724
Navotas,2026-09-07T00:00:00+00:00,A,C,15.707331657409668,24.3175,8.610168342590331
Navotas,2026-09-07T00:00:00+00:00,B,C,20.714242935180664,24.3175,3.603257064819335
Navotas,2026-09-07T00:00:00+00:00,C,C,20.403867721557617,24.3175,3.913632278442382
Navotas,2026-09-07T00:00:00+00:00,D,C,23.117090225219727,24.3175,1.2004097747802724
Navotas,2026-09-14T00:00:00+00:00,A,A,33.36859130859375,33.20909090909091,0.15950039950283923
Navotas,2026-09-14T00:00:00+00:00,B,A,24.248254776000977,33.20909090909091,8.960836133089934
Navotas,2026-09-14T00:00:00+00:00,C,A,29.597410202026367,33.20909090909091,3.6116807070645436
Navotas,2026-09-14T00:00:00+00:00,D,A,27.62653160095215,33.20909090909091,5.582559308138762
Navotas,2026-09-14T00:00:00+00:00,A,B,33.36859130859375,33.20909090909091,0.15950039950283923
Navotas,2026-09-14T00:00:00+00:00,B,B,24.248254776000977,33.20909090909091,8.960836133089934
Navotas,2026-09-14T00:00:00+00:00,C,B,29.597410202026367,33.20909090909091,3.6116807070645436
Navotas,2026-09-14T00:00:00+00:00,D,B,27.62653160095215,33.20909090909091,5.582559308138762
Navotas,2026-09-14T00:00:00+00:00,A,S,32.78493118286133,33.20909090909091,0.42415972622958265
Navotas,2026-09-14T00:00:00+00:00,B,S,23.12248420715332,33.20909090909091,10.08660670193759
Navotas,2026-09-14T00:00:00+00:00,C,S,31.96721839904785,33.20909090909091,1.2418725100430592
Navotas,2026-09-14T00:00:00+00:00,D,S,28.20831871032715,33.20909090909091,5.000772198763762
Navotas,2026-09-14T00:00:00+00:00,A,C,30.11402130126953,33.20909090909091,3.0950696078213795
Navotas,2026-09-14T00:00:00+00:00,B,C,23.550142288208008,33.20909090909091,9.658948620882903
Navotas,2026-09-14T00:00:00+00:00,C,C,31.649377822875977,33.20909090909091,1.5597130862149342
Navotas,2026-09-14T00:00:00+00:00,D,C,28.20831871032715,33.20909090909091,5.000772198763762
Navotas,2026-09-15T00:00:00+00:00,A,A,29.233781814575195,41.005,11.771218185424807
Navotas,2026-09-15T00:00:00+00:00,B,A,25.502939224243164,41.005,15.502060775756838
Navotas,2026-09-15T00:00:00+00:00,C,A,27.255319595336914,41.005,13.749680404663088
Navotas,2026-09-15T00:00:00+00:00,D,A,27.23029899597168,41.005,13.774701004028323
Navotas,2026-09-15T00:00:00+00:00,A,B,29.233781814575195,41.005,11.771218185424807
Navotas,2026-09-15T00:00:00+00:00,B,B,25.502939224243164,41.005,15.502060775756838
Navotas,2026-09-15T00:00:00+00:00,C,B,27.255319595336914,41.005,13.749680404663088
Navotas,2026-09-15T00:00:00+00:00,D,B,27.23029899597168,41.005,13.774701004028323
Navotas,2026-09-15T00:00:00+00:00,A,S,30.806848526000977,41.005,10.198151473999026
Navotas,2026-09-15T00:00:00+00:00,B,S,26.212982177734375,41.005,14.792017822265628
Navotas,2026-09-15T00:00:00+00:00,C,S,26.593652725219727,41.005,14.411347274780276
Navotas,2026-09-15T00:00:00+00:00,D,S,27.76239013671875,41.005,13.242609863281253
Navotas,2026-09-15T00:00:00+00:00,A,C,25.261138916015625,41.005,15.743861083984378
Navotas,2026-09-15T00:00:00+00:00,B,C,26.74543571472168,41.005,14.259564285278323
Navotas,2026-09-15T00:00:00+00:00,C,C,27.319564819335938,41.005,13.685435180664065
Navotas,2026-09-15T00:00:00+00:00,D,C,27.76239013671875,41.005,13.242609863281253
Navotas,2026-09-18T00:00:00+00:00,A,A,37.2078971862793,41.79473684210526,4.586839655825962
Navotas,2026-09-18T00:00:00+00:00,B,A,33.5595588684082,41.79473684210526,8.235177973697056
Navotas,2026-09-18T00:00:00+00:00,C,A,37.46647644042969,41.79473684210526,4.328260401675571
Navotas,2026-09-18T00:00:00+00:00,D,A,37.24897766113281,41.79473684210526,4.545759180972446
Navotas,2026-09-18T00:00:00+00:00,A,B,37.2078971862793,41.79473684210526,4.586839655825962
Navotas,2026-09-18T00:00:00+00:00,B,B,33.5595588684082,41.79473684210526,8.235177973697056
Navotas,2026-09-18T00:00:00+00:00,C,B,37.46647644042969,41.79473684210526,4.328260401675571
Navotas,2026-09-18T00:00:00+00:00,D,B,37.24897766113281,41.79473684210526,4.545759180972446
Navotas,2026-09-18T00:00:00+00:00,A,S,24.932279586791992,41.79473684210526,16.862457255313267
Navotas,2026-09-18T00:00:00+00:00,B,S,29.0011043548584,41.79473684210526,12.79363248724686
Navotas,2026-09-18T00:00:00+00:00,C,S,37.0631217956543,41.79473684210526,4.731615046450962
Navotas,2026-09-18T00:00:00+00:00,D,S,30.483102798461914,41.79473684210526,11.311634043643345
Navotas,2026-09-18T00:00:00+00:00,A,C,21.24460792541504,41.79473684210526,20.55012891669022
Navotas,2026-09-18T00:00:00+00:00,B,C,30.028284072875977,41.79473684210526,11.766452769229282
Navotas,2026-09-18T00:00:00+00:00,C,C,38.459197998046875,41.79473684210526,3.3355388440583837
Navotas,2026-09-18T00:00:00+00:00,D,C,30.483102798461914,41.79473684210526,11.311634043643345
Navotas,2026-09-20T00:00:00+00:00,A,A,35.18117141723633,26.120833333333334,9.060338083902995
Navotas,2026-09-20T00:00:00+00:00,B,A,33.33620834350586,26.120833333333334,7.215375010172526
Navotas,2026-09-20T00:00:00+00:00,C,A,32.39015579223633,26.120833333333334,6.2693224589029946
Navotas,2026-09-20T00:00:00+00:00,D,A,33.31332778930664,26.120833333333334,7.192494455973307
Navotas,2026-09-20T00:00:00+00:00,A,B,35.18117141723633,26.120833333333334,9.060338083902995
Navotas,2026-09-20T00:00:00+00:00,B,B,33.33620834350586,26.120833333333334,7.215375010172526
Navotas,2026-09-20T00:00:00+00:00,C,B,32.39015579223633,26.120833333333334,6.2693224589029946
Navotas,2026-09-20T00:00:00+00:00,D,B,33.31332778930664,26.120833333333334,7.192494455973307
Navotas,2026-09-20T00:00:00+00:00,A,S,33.598533630371094,26.120833333333334,7.47770029703776
Navotas,2026-09-20T00:00:00+00:00,B,S,39.65932083129883,26.120833333333334,13.538487497965495
Navotas,2026-09-20T00:00:00+00:00,C,S,35.49422073364258,26.120833333333334,9.373387400309245
Navotas,2026-09-20T00:00:00+00:00,D,S,41.59023666381836,26.120833333333334,15.469403330485026
Navotas,2026-09-20T00:00:00+00:00,A,C,33.53365707397461,26.120833333333334,7.412823740641276
Navotas,2026-09-20T00:00:00+00:00,B,C,35.66693115234375,26.120833333333334,9.546097819010416
Navotas,2026-09-20T00:00:00+00:00,C,C,37.90839767456055,26.120833333333334,11.787564341227213
Navotas,2026-09-20T00:00:00+00:00,D,C,41.59023666381836,26.120833333333334,15.469403330485026
Navotas,2026-09-21T00:00:00+00:00,A,A,29.33113670349121,21.59090909090909,7.740227612582121
Navotas,2026-09-21T00:00:00+00:00,B,A,27.3098201751709,21.59090909090909,5.7189110842618085
Navotas,2026-09-21T00:00:00+00:00,C,A,28.32861328125,21.59090909090909,6.73770419034091
Navotas,2026-09-21T00:00:00+00:00,D,A,29.446060180664062,21.59090909090909,7.855151089754973
Navotas,2026-09-21T00:00:00+00:00,A,B,29.33113670349121,21.59090909090909,7.740227612582121
Navotas,2026-09-21T00:00:00+00:00,B,B,27.3098201751709,21.59090909090909,5.7189110842618085
Navotas,2026-09-21T00:00:00+00:00,C,B,28.32861328125,21.59090909090909,6.73770419034091
Navotas,2026-09-21T00:00:00+00:00,D,B,29.446060180664062,21.59090909090909,7.855151089754973
Navotas,2026-09-21T00:00:00+00:00,A,S,26.311365127563477,21.59090909090909,4.720456036654387
Navotas,2026-09-21T00:00:00+00:00,B,S,28.01357078552246,21.59090909090909,6.422661694613371
Navotas,2026-09-21T00:00:00+00:00,C,S,25.5440673828125,21.59090909090909,3.95315829190341
Navotas,2026-09-21T00:00:00+00:00,D,S,30.655183792114258,21.59090909090909,9.064274701205168
Navotas,2026-09-21T00:00:00+00:00,A,C,23.76298713684082,21.59090909090909,2.1720780459317304
Navotas,2026-09-21T00:00:00+00:00,B,C,29.9669132232666,21.59090909090909,8.376004132357512
Navotas,2026-09-21T00:00:00+00:00,C,C,26.236848831176758,21.59090909090909,4.645939740267668
Navotas,2026-09-21T00:00:00+00:00,D,C,30.655183792114258,21.59090909090909,9.064274701205168
Navotas,2026-09-22T00:00:00+00:00,A,A,19.62529754638672,28.565217391304344,8.939919844917625
Navotas,2026-09-22T00:00:00+00:00,B,A,18.395559310913086,28.565217391304344,10.169658080391258
Navotas,2026-09-22T00:00:00+00:00,C,A,24.937652587890625,28.565217391304344,3.627564803413719
Navotas,2026-09-22T00:00:00+00:00,D,A,26.245882034301758,28.565217391304344,2.3193353570025863
Navotas,2026-09-22T00:00:00+00:00,A,B,19.62529754638672,28.565217391304344,8.939919844917625
Navotas,2026-09-22T00:00:00+00:00,B,B,18.395559310913086,28.565217391304344,10.169658080391258
Navotas,2026-09-22T00:00:00+00:00,C,B,24.937652587890625,28.565217391304344,3.627564803413719
Navotas,2026-09-22T00:00:00+00:00,D,B,26.245882034301758,28.565217391304344,2.3193353570025863
Navotas,2026-09-22T00:00:00+00:00,A,S,20.768890380859375,28.565217391304344,7.796327010444969
Navotas,2026-09-22T00:00:00+00:00,B,S,20.04330062866211,28.565217391304344,8.521916762642235
Navotas,2026-09-22T00:00:00+00:00,C,S,26.560813903808594,28.565217391304344,2.0044034874957504
Navotas,2026-09-22T00:00:00+00:00,D,S,24.92181396484375,28.565217391304344,3.643403426460594
Navotas,2026-09-22T00:00:00+00:00,A,C,20.923656463623047,28.565217391304344,7.641560927681297
Navotas,2026-09-22T00:00:00+00:00,B,C,19.995450973510742,28.565217391304344,8.569766417793602
Navotas,2026-09-22T00:00:00+00:00,C,C,26.463964462280273,28.565217391304344,2.1012529290240707
Navotas,2026-09-22T00:00:00+00:00,D,C,24.92181396484375,28.565217391304344,3.643403426460594
Navotas,2026-09-23T00:00:00+00:00,A,A,24.342737197875977,43.11428571428571,18.77154851640973
Navotas,2026-09-23T00:00:00+00:00,B,A,23.9710636138916,43.11428571428571,19.143222100394105
Navotas,2026-09-23T00:00:00+00:00,C,A,28.323753356933594,43.11428571428571,14.790532357352113
Navotas,2026-09-23T00:00:00+00:00,D,A,28.672027587890625,43.11428571428571,14.442258126395082
Navotas,2026-09-23T00:00:00+00:00,A,B,24.342737197875977,43.11428571428571,18.77154851640973
Navotas,2026-09-23T00:00:00+00:00,B,B,23.9710636138916,43.11428571428571,19.143222100394105
Navotas,2026-09-23T00:00:00+00:00,C,B,28.323753356933594,43.11428571428571,14.790532357352113
Navotas,2026-09-23T00:00:00+00:00,D,B,28.672027587890625,43.11428571428571,14.442258126395082
Navotas,2026-09-23T00:00:00+00:00,A,S,23.146997451782227,43.11428571428571,19.96728826250348
Navotas,2026-09-23T00:00:00+00:00,B,S,19.6595458984375,43.11428571428571,23.454739815848207
Navotas,2026-09-23T00:00:00+00:00,C,S,29.077363967895508,43.11428571428571,14.036921746390199
Navotas,2026-09-23T00:00:00+00:00,D,S,27.351272583007812,43.11428571428571,15.763013131277894
Navotas,2026-09-23T00:00:00+00:00,A,C,25.860383987426758,43.11428571428571,17.25390172685895
Navotas,2026-09-23T00:00:00+00:00,B,C,20.239091873168945,43.11428571428571,22.87519384111676
Navotas,2026-09-23T00:00:00+00:00,C,C,27.87705421447754,43.11428571428571,15.237231499808168
Navotas,2026-09-23T00:00:00+00:00,D,C,27.351272583007812,43.11428571428571,15.763013131277894
Navotas,2026-09-25T00:00:00+00:00,A,A,34.95882797241211,34.738095238095234,0.22073273431687568
Navotas,2026-09-25T00:00:00+00:00,B,A,33.08441162109375,34.738095238095234,1.6536836170014837
Navotas,2026-09-25T00:00:00+00:00,C,A,34.75970458984375,34.738095238095234,0.021609351748516303
Navotas,2026-09-25T00:00:00+00:00,D,A,40.22078323364258,34.738095238095234,5.482687995547344
Navotas,2026-09-25T00:00:00+00:00,A,B,34.95882797241211,34.738095238095234,0.22073273431687568
Navotas,2026-09-25T00:00:00+00:00,B,B,33.08441162109375,34.738095238095234,1.6536836170014837
Navotas,2026-09-25T00:00:00+00:00,C,B,34.75970458984375,34.738095238095234,0.021609351748516303
Navotas,2026-09-25T00:00:00+00:00,D,B,40.22078323364258,34.738095238095234,5.482687995547344
Navotas,2026-09-25T00:00:00+00:00,A,S,29.866125106811523,34.738095238095234,4.87197013128371
Navotas,2026-09-25T00:00:00+00:00,B,S,38.9744758605957,34.738095238095234,4.236380622500469
Navotas,2026-09-25T00:00:00+00:00,C,S,32.57712936401367,34.738095238095234,2.160965874081562
Navotas,2026-09-25T00:00:00+00:00,D,S,36.41331481933594,34.738095238095234,1.6752195812407038
Navotas,2026-09-25T00:00:00+00:00,A,C,30.7872314453125,34.738095238095234,3.9508637927827337
Navotas,2026-09-25T00:00:00+00:00,B,C,33.89991760253906,34.738095238095234,0.8381776355561712
Navotas,2026-09-25T00:00:00+00:00,C,C,31.77611541748047,34.738095238095234,2.961979820614765
Navotas,2026-09-25T00:00:00+00:00,D,C,36.41331481933594,34.738095238095234,1.6752195812407038
Navotas,2026-09-26T00:00:00+00:00,A,A,34.399078369140625,34.08181818181818,0.31726018732244654
Navotas,2026-09-26T00:00:00+00:00,B,A,27.90510368347168,34.08181818181818,6.176714498346499
Navotas,2026-09-26T00:00:00+00:00,C,A,30.125450134277344,34.08181818181818,3.9563680475408347
Navotas,2026-09-26T00:00:00+00:00,D,A,34.56577682495117,34.08181818181818,0.4839586431329934
Navotas,2026-09-26T00:00:00+00:00,A,B,34.399078369140625,34.08181818181818,0.31726018732244654
Navotas,2026-09-26T00:00:00+00:00,B,B,27.90510368347168,34.08181818181818,6.176714498346499
Navotas,2026-09-26T00:00:00+00:00,C,B,30.125450134277344,34.08181818181818,3.9563680475408347
Navotas,2026-09-26T00:00:00+00:00,D,B,34.56577682495117,34.08181818181818,0.4839586431329934
Navotas,2026-09-26T00:00:00+00:00,A,S,32.491146087646484,34.08181818181818,1.590672094171694
Navotas,2026-09-26T00:00:00+00:00,B,S,33.014835357666016,34.08181818181818,1.0669828241521628
Navotas,2026-09-26T00:00:00+00:00,C,S,34.958473205566406,34.08181818181818,0.8766550237482278
Navotas,2026-09-26T00:00:00+00:00,D,S,35.56022644042969,34.08181818181818,1.478408258611509
Navotas,2026-09-26T00:00:00+00:00,A,C,31.185373306274414,34.08181818181818,2.8964448755437644
Navotas,2026-09-26T00:00:00+00:00,B,C,31.989822387695312,34.08181818181818,2.091995794122866
Navotas,2026-09-26T00:00:00+00:00,C,C,32.459388732910156,34.08181818181818,1.6224294489080222
Navotas,2026-09-26T00:00:00+00:00,D,C,35.56022644042969,34.08181818181818,1.478408258611509
Navotas,2026-09-27T00:00:00+00:00,A,A,34.78421401977539,33.175000000000004,1.6092140197753864
Navotas,2026-09-27T00:00:00+00:00,B,A,34.59444808959961,33.175000000000004,1.4194480895996051
Navotas,2026-09-27T00:00:00+00:00,C,A,32.5667610168457,33.175000000000004,0.6082389831543011
Navotas,2026-09-27T00:00:00+00:00,D,A,34.236419677734375,33.175000000000004,1.0614196777343707
Navotas,2026-09-27T00:00:00+00:00,A,B,34.78421401977539,33.175000000000004,1.6092140197753864
Navotas,2026-09-27T00:00:00+00:00,B,B,34.59444808959961,33.175000000000004,1.4194480895996051
Navotas,2026-09-27T00:00:00+00:00,C,B,32.5667610168457,33.175000000000004,0.6082389831543011
Navotas,2026-09-27T00:00:00+00:00,D,B,34.236419677734375,33.175000000000004,1.0614196777343707
Navotas,2026-09-27T00:00:00+00:00,A,S,34.265140533447266,33.175000000000004,1.0901405334472614
Navotas,2026-09-27T00:00:00+00:00,B,S,25.362083435058594,33.175000000000004,7.8129165649414105
Navotas,2026-09-27T00:00:00+00:00,C,S,31.12428092956543,33.175000000000004,2.0507190704345746
Navotas,2026-09-27T00:00:00+00:00,D,S,33.22193908691406,33.175000000000004,0.04693908691405824
Navotas,2026-09-27T00:00:00+00:00,A,C,33.983619689941406,33.175000000000004,0.808619689941402
Navotas,2026-09-27T00:00:00+00:00,B,C,28.34991455078125,33.175000000000004,4.825085449218754
Navotas,2026-09-27T00:00:00+00:00,C,C,31.62270164489746,33.175000000000004,1.5522983551025433
Navotas,2026-09-27T00:00:00+00:00,D,C,33.22193908691406,33.175000000000004,0.04693908691405824
Pasay,2026-08-14T00:00:00+00:00,A,A,14.301410675048828,18.06304347826087,3.7616328032120414
Pasay,2026-08-14T00:00:00+00:00,B,A,14.566161155700684,18.06304347826087,3.496882322560186
Pasay,2026-08-14T00:00:00+00:00,C,A,16.78571128845215,18.06304347826087,1.277332189808721
Pasay,2026-08-14T00:00:00+00:00,D,A,18.645448684692383,18.06304347826087,0.5824052064315133
Pasay,2026-08-14T00:00:00+00:00,A,B,14.301410675048828,18.06304347826087,3.7616328032120414
Pasay,2026-08-14T00:00:00+00:00,B,B,14.566161155700684,18.06304347826087,3.496882322560186
Pasay,2026-08-14T00:00:00+00:00,C,B,16.78571128845215,18.06304347826087,1.277332189808721
Pasay,2026-08-14T00:00:00+00:00,D,B,18.645448684692383,18.06304347826087,0.5824052064315133
Pasay,2026-08-14T00:00:00+00:00,A,S,16.486799240112305,18.06304347826087,1.5762442381485648
Pasay,2026-08-14T00:00:00+00:00,B,S,18.284372329711914,18.06304347826087,0.22132885145104453
Pasay,2026-08-14T00:00:00+00:00,C,S,18.709827423095703,18.06304347826087,0.6467839448348336
Pasay,2026-08-14T00:00:00+00:00,D,S,15.7521390914917,18.06304347826087,2.3109043867691703
Pasay,2026-08-14T00:00:00+00:00,A,C,16.817779541015625,18.06304347826087,1.2452639372452445
Pasay,2026-08-14T00:00:00+00:00,B,C,17.850683212280273,18.06304347826087,0.2123602659805961
Pasay,2026-08-14T00:00:00+00:00,C,C,18.434661865234375,18.06304347826087,0.37161838697350547
Pasay,2026-08-14T00:00:00+00:00,D,C,15.7521390914917,18.06304347826087,2.3109043867691703
Pasay,2026-08-15T00:00:00+00:00,A,A,22.358530044555664,14.716666666666667,7.641863377888997
Pasay,2026-08-15T00:00:00+00:00,B,A,17.24346351623535,14.716666666666667,2.5267968495686848
Pasay,2026-08-15T00:00:00+00:00,C,A,19.578569412231445,14.716666666666667,4.8619027455647785
Pasay,2026-08-15T00:00:00+00:00,D,A,18.32579803466797,14.716666666666667,3.609131368001302
Pasay,2026-08-15T00:00:00+00:00,A,B,22.358530044555664,14.716666666666667,7.641863377888997
Pasay,2026-08-15T00:00:00+00:00,B,B,17.24346351623535,14.716666666666667,2.5267968495686848
Pasay,2026-08-15T00:00:00+00:00,C,B,19.578569412231445,14.716666666666667,4.8619027455647785
Pasay,2026-08-15T00:00:00+00:00,D,B,18.32579803466797,14.716666666666667,3.609131368001302
Pasay,2026-08-15T00:00:00+00:00,A,S,23.91461181640625,14.716666666666667,9.197945149739583
Pasay,2026-08-15T00:00:00+00:00,B,S,20.88013458251953,14.716666666666667,6.1634679158528645
Pasay,2026-08-15T00:00:00+00:00,C,S,19.126811981201172,14.716666666666667,4.410145314534505
Pasay,2026-08-15T00:00:00+00:00,D,S,21.46478271484375,14.716666666666667,6.748116048177083
Pasay,2026-08-15T00:00:00+00:00,A,C,20.481821060180664,14.716666666666667,5.765154393513997
Pasay,2026-08-15T00:00:00+00:00,B,C,21.414384841918945,14.716666666666667,6.6977181752522785
Pasay,2026-08-15T00:00:00+00:00,C,C,17.967769622802734,14.716666666666667,3.2511029561360676
Pasay,2026-08-15T00:00:00+00:00,D,C,21.46478271484375,14.716666666666667,6.748116048177083
Pasay,2026-08-16T00:00:00+00:00,A,A,21.70067024230957,11.581428571428573,10.119241670880998
Pasay,2026-08-16T00:00:00+00:00,B,A,16.415719985961914,11.581428571428573,4.834291414533341
Pasay,2026-08-16T00:00:00+00:00,C,A,17.311290740966797,11.581428571428573,5.729862169538224
Pasay,2026-08-16T00:00:00+00:00,D,A,14.961905479431152,11.581428571428573,3.3804769080025796
Pasay,2026-08-16T00:00:00+00:00,A,B,21.70067024230957,11.581428571428573,10.119241670880998
Pasay,2026-08-16T00:00:00+00:00,B,B,16.415719985961914,11.581428571428573,4.834291414533341
Pasay,2026-08-16T00:00:00+00:00,C,B,17.311290740966797,11.581428571428573,5.729862169538224
Pasay,2026-08-16T00:00:00+00:00,D,B,14.961905479431152,11.581428571428573,3.3804769080025796
Pasay,2026-08-16T00:00:00+00:00,A,S,21.102886199951172,11.581428571428573,9.5214576285226
Pasay,2026-08-16T00:00:00+00:00,B,S,15.835232734680176,11.581428571428573,4.253804163251603
Pasay,2026-08-16T00:00:00+00:00,C,S,17.22157096862793,11.581428571428573,5.640142397199357
Pasay,2026-08-16T00:00:00+00:00,D,S,14.6760892868042,11.581428571428573,3.0946607153756265
Pasay,2026-08-16T00:00:00+00:00,A,C,21.102886199951172,11.581428571428573,9.5214576285226
Pasay,2026-08-16T00:00:00+00:00,B,C,15.835232734680176,11.581428571428573,4.253804163251603
Pasay,2026-08-16T00:00:00+00:00,C,C,17.22157096862793,11.581428571428573,5.640142397199357
Pasay,2026-08-16T00:00:00+00:00,D,C,14.6760892868042,11.581428571428573,3.0946607153756265
Pasay,2026-08-19T00:00:00+00:00,A,A,8.56139850616455,20.56277777777778,12.001379271613228
Pasay,2026-08-19T00:00:00+00:00,B,A,16.010652542114258,20.56277777777778,4.552125235663521
Pasay,2026-08-19T00:00:00+00:00,C,A,15.291352272033691,20.56277777777778,5.271425505744087
Pasay,2026-08-19T00:00:00+00:00,D,A,17.92188835144043,20.56277777777778,2.640889426337349
Pasay,2026-08-19T00:00:00+00:00,A,B,8.56139850616455,20.56277777777778,12.001379271613228
Pasay,2026-08-19T00:00:00+00:00,B,B,16.010652542114258,20.56277777777778,4.552125235663521
Pasay,2026-08-19T00:00:00+00:00,C,B,15.291352272033691,20.56277777777778,5.271425505744087
Pasay,2026-08-19T00:00:00+00:00,D,B,17.92188835144043,20.56277777777778,2.640889426337349
Pasay,2026-08-19T00:00:00+00:00,A,S,13.624275207519531,20.56277777777778,6.9385025702582475
Pasay,2026-08-19T00:00:00+00:00,B,S,13.798561096191406,20.56277777777778,6.7642166815863725
Pasay,2026-08-19T00:00:00+00:00,C,S,19.873727798461914,20.56277777777778,0.6890499793158646
Pasay,2026-08-19T00:00:00+00:00,D,S,13.860313415527344,20.56277777777778,6.702464362250435
Pasay,2026-08-19T00:00:00+00:00,A,C,13.640311241149902,20.56277777777778,6.922466536627876
Pasay,2026-08-19T00:00:00+00:00,B,C,13.942839622497559,20.56277777777778,6.61993815528022
Pasay,2026-08-19T00:00:00+00:00,C,C,19.325803756713867,20.56277777777778,1.2369740210639115
Pasay,2026-08-19T00:00:00+00:00,D,C,13.860313415527344,20.56277777777778,6.702464362250435
Pasay,2026-08-21T00:00:00+00:00,A,A,24.286117553710938,23.78333333333333,0.5027842203776061
Pasay,2026-08-21T00:00:00+00:00,B,A,20.877153396606445,23.78333333333333,2.906179936726886
Pasay,2026-08-21T00:00:00+00:00,C,A,19.81231689453125,23.78333333333333,3.9710164388020814
Pasay,2026-08-21T00:00:00+00:00,D,A,17.290475845336914,23.78333333333333,6.492857487996417
Pasay,2026-08-21T00:00:00+00:00,A,B,24.286117553710938,23.78333333333333,0.5027842203776061
Pasay,2026-08-21T00:00:00+00:00,B,B,20.877153396606445,23.78333333333333,2.906179936726886
Pasay,2026-08-21T00:00:00+00:00,C,B,19.81231689453125,23.78333333333333,3.9710164388020814
Pasay,2026-08-21T00:00:00+00:00,D,B,17.290475845336914,23.78333333333333,6.492857487996417
Pasay,2026-08-21T00:00:00+00:00,A,S,19.37773323059082,23.78333333333333,4.405600102742511
Pasay,2026-08-21T00:00:00+00:00,B,S,16.665775299072266,23.78333333333333,7.117558034261066
Pasay,2026-08-21T00:00:00+00:00,C,S,20.35398292541504,23.78333333333333,3.4293504079182924
Pasay,2026-08-21T00:00:00+00:00,D,S,21.916975021362305,23.78333333333333,1.8663583119710268
Pasay,2026-08-21T00:00:00+00:00,A,C,21.353052139282227,23.78333333333333,2.430281194051105
Pasay,2026-08-21T00:00:00+00:00,B,C,19.328115463256836,23.78333333333333,4.4552178700764955
Pasay,2026-08-21T00:00:00+00:00,C,C,19.81932258605957,23.78333333333333,3.964010747273761
Pasay,2026-08-21T00:00:00+00:00,D,C,21.916975021362305,23.78333333333333,1.8663583119710268
Pasay,2026-08-24T00:00:00+00:00,A,A,24.432373046875,24.95217391304348,0.519800866168481
Pasay,2026-08-24T00:00:00+00:00,B,A,22.594125747680664,24.95217391304348,2.358048165362817
Pasay,2026-08-24T00:00:00+00:00,C,A,27.232521057128906,24.95217391304348,2.2803471440854253
Pasay,2026-08-24T00:00:00+00:00,D,A,20.86832618713379,24.95217391304348,4.083847725909692
Pasay,2026-08-24T00:00:00+00:00,A,B,24.432373046875,24.95217391304348,0.519800866168481
Pasay,2026-08-24T00:00:00+00:00,B,B,22.594125747680664,24.95217391304348,2.358048165362817
Pasay,2026-08-24T00:00:00+00:00,C,B,27.232521057128906,24.95217391304348,2.2803471440854253
Pasay,2026-08-24T00:00:00+00:00,D,B,20.86832618713379,24.95217391304348,4.083847725909692
Pasay,2026-08-24T00:00:00+00:00,A,S,16.78766441345215,24.95217391304348,8.164509499591333
Pasay,2026-08-24T00:00:00+00:00,B,S,16.808794021606445,24.95217391304348,8.143379891437036
Pasay,2026-08-24T00:00:00+00:00,C,S,24.68364143371582,24.95217391304348,0.26853247932766067
Pasay,2026-08-24T00:00:00+00:00,D,S,23.807790756225586,24.95217391304348,1.144383156817895
Pasay,2026-08-24T00:00:00+00:00,A,C,18.304832458496094,24.95217391304348,6.647341454547387
Pasay,2026-08-24T00:00:00+00:00,B,C,16.72978973388672,24.95217391304348,8.222384179156762
Pasay,2026-08-24T00:00:00+00:00,C,C,24.41837501525879,24.95217391304348,0.5337988977846919
Pasay,2026-08-24T00:00:00+00:00,D,C,23.807790756225586,24.95217391304348,1.144383156817895
Pasay,2026-08-25T00:00:00+00:00,A,A,22.87592887878418,21.227272727272723,1.6486561515114566
Pasay,2026-08-25T00:00:00+00:00,B,A,22.051130294799805,21.227272727272723,0.8238575675270816
Pasay,2026-08-25T00:00:00+00:00,C,A,21.64839744567871,21.227272727272723,0.42112471840598786
Pasay,2026-08-25T00:00:00+00:00,D,A,21.490896224975586,21.227272727272723,0.26362349770286286
Pasay,2026-08-25T00:00:00+00:00,A,B,22.87592887878418,21.227272727272723,1.6486561515114566
Pasay,2026-08-25T00:00:00+00:00,B,B,22.051130294799805,21.227272727272723,0.8238575675270816
Pasay,2026-08-25T00:00:00+00:00,C,B,21.64839744567871,21.227272727272723,0.42112471840598786
Pasay,2026-08-25T00:00:00+00:00,D,B,21.490896224975586,21.227272727272723,0.26362349770286286
Pasay,2026-08-25T00:00:00+00:00,A,S,22.03120994567871,21.227272727272723,0.8039372184059879
Pasay,2026-08-25T00:00:00+00:00,B,S,23.17735481262207,21.227272727272723,1.9500820853493472
Pasay,2026-08-25T00:00:00+00:00,C,S,22.13402557373047,21.227272727272723,0.9067528464577457
Pasay,2026-08-25T00:00:00+00:00,D,S,22.88873291015625,21.227272727272723,1.661460182883527
Pasay,2026-08-25T00:00:00+00:00,A,C,21.55837059020996,21.227272727272723,0.33109786293723786
Pasay,2026-08-25T00:00:00+00:00,B,C,22.840974807739258,21.227272727272723,1.6137020804665347
Pasay,2026-08-25T00:00:00+00:00,C,C,22.02947998046875,21.227272727272723,0.8022072531960269
Pasay,2026-08-25T00:00:00+00:00,D,C,22.88873291015625,21.227272727272723,1.661460182883527
Pasay,2026-08-26T00:00:00+00:00,A,A,21.70909309387207,10.371428571428574,11.337664522443497
Pasay,2026-08-26T00:00:00+00:00,B,A,24.373376846313477,10.371428571428574,14.001948274884903
Pasay,2026-08-26T00:00:00+00:00,C,A,22.526540756225586,10.371428571428574,12.155112184797012
Pasay,2026-08-26T00:00:00+00:00,D,A,18.598480224609375,10.371428571428574,8.227051653180801
Pasay,2026-08-26T00:00:00+00:00,A,B,21.70909309387207,10.371428571428574,11.337664522443497
Pasay,2026-08-26T00:00:00+00:00,B,B,24.373376846313477,10.371428571428574,14.001948274884903
Pasay,2026-08-26T00:00:00+00:00,C,B,22.526540756225586,10.371428571428574,12.155112184797012
Pasay,2026-08-26T00:00:00+00:00,D,B,18.598480224609375,10.371428571428574,8.227051653180801
Pasay,2026-08-26T00:00:00+00:00,A,S,20.87006187438965,10.371428571428574,10.498633302961075
Pasay,2026-08-26T00:00:00+00:00,B,S,23.476694107055664,10.371428571428574,13.10526553562709
Pasay,2026-08-26T00:00:00+00:00,C,S,22.144493103027344,10.371428571428574,11.77306453159877
Pasay,2026-08-26T00:00:00+00:00,D,S,18.239999771118164,10.371428571428574,7.86857119968959
Pasay,2026-08-26T00:00:00+00:00,A,C,21.29170799255371,10.371428571428574,10.920279421125137
Pasay,2026-08-26T00:00:00+00:00,B,C,23.72369956970215,10.371428571428574,13.352270998273575
Pasay,2026-08-26T00:00:00+00:00,C,C,21.9915771484375,10.371428571428574,11.620148577008926
Pasay,2026-08-26T00:00:00+00:00,D,C,18.239999771118164,10.371428571428574,7.86857119968959
Pasay,2026-08-27T00:00:00+00:00,A,A,15.69446086883545,8.716666666666667,6.977794202168782
Pasay,2026-08-27T00:00:00+00:00,B,A,14.906672477722168,8.716666666666667,6.190005811055501
Pasay,2026-08-27T00:00:00+00:00,C,A,13.70769214630127,8.716666666666667,4.991025479634603
Pasay,2026-08-27T00:00:00+00:00,D,A,12.2173490524292,8.716666666666667,3.5006823857625324
Pasay,2026-08-27T00:00:00+00:00,A,B,15.69446086883545,8.716666666666667,6.977794202168782
Pasay,2026-08-27T00:00:00+00:00,B,B,14.906672477722168,8.716666666666667,6.190005811055501
Pasay,2026-08-27T00:00:00+00:00,C,B,13.70769214630127,8.716666666666667,4.991025479634603
Pasay,2026-08-27T00:00:00+00:00,D,B,12.2173490524292,8.716666666666667,3.5006823857625324
Pasay,2026-08-27T00:00:00+00:00,A,S,15.954583168029785,8.716666666666667,7.237916501363118
Pasay,2026-08-27T00:00:00+00:00,B,S,13.835464477539062,8.716666666666667,5.118797810872396
Pasay,2026-08-27T00:00:00+00:00,C,S,14.758318901062012,8.716666666666667,6.041652234395345
Pasay,2026-08-27T00:00:00+00:00,D,S,11.61449909210205,8.716666666666667,2.897832425435384
Pasay,2026-08-27T00:00:00+00:00,A,C,15.624545097351074,8.716666666666667,6.907878430684407
Pasay,2026-08-27T00:00:00+00:00,B,C,13.949639320373535,8.716666666666667,5.232972653706868
Pasay,2026-08-27T00:00:00+00:00,C,C,14.904017448425293,8.716666666666667,6.187350781758626
Pasay,2026-08-27T00:00:00+00:00,D,C,11.61449909210205,8.716666666666667,2.897832425435384
Pasay,2026-08-28T00:00:00+00:00,A,A,12.024195671081543,7.2023809523809526,4.82181471870059
Pasay,2026-08-28T00:00:00+00:00,B,A,9.673768043518066,7.2023809523809526,2.471387091137114
Pasay,2026-08-28T00:00:00+00:00,C,A,9.814640045166016,7.2023809523809526,2.612259092785063
Pasay,2026-08-28T00:00:00+00:00,D,A,8.574817657470703,7.2023809523809526,1.3724367050897506
Pasay,2026-08-28T00:00:00+00:00,A,B,12.024195671081543,7.2023809523809526,4.82181471870059
Pasay,2026-08-28T00:00:00+00:00,B,B,9.673768043518066,7.2023809523809526,2.471387091137114
Pasay,2026-08-28T00:00:00+00:00,C,B,9.814640045166016,7.2023809523809526,2.612259092785063
Pasay,2026-08-28T00:00:00+00:00,D,B,8.574817657470703,7.2023809523809526,1.3724367050897506
Pasay,2026-08-28T00:00:00+00:00,A,S,9.926312446594238,7.2023809523809526,2.7239314942132857
Pasay,2026-08-28T00:00:00+00:00,B,S,11.026307106018066,7.2023809523809526,3.823926153637114
Pasay,2026-08-28T00:00:00+00:00,C,S,12.243221282958984,7.2023809523809526,5.040840330578032
Pasay,2026-08-28T00:00:00+00:00,D,S,7.431560516357422,7.2023809523809526,0.22917956397646932
Pasay,2026-08-28T00:00:00+00:00,A,C,10.982902526855469,7.2023809523809526,3.780521574474516
Pasay,2026-08-28T00:00:00+00:00,B,C,12.492729187011719,7.2023809523809526,5.290348234630766
Pasay,2026-08-28T00:00:00+00:00,C,C,11.525856971740723,7.2023809523809526,4.32347601935977
Pasay,2026-08-28T00:00:00+00:00,D,C,7.431560516357422,7.2023809523809526,0.22917956397646932
Pasay,2026-08-30T00:00:00+00:00,A,A,18.911611557006836,28.970000000000006,10.05838844299317
Pasay,2026-08-30T00:00:00+00:00,B,A,15.408466339111328,28.970000000000006,13.561533660888678
Pasay,2026-08-30T00:00:00+00:00,C,A,13.546801567077637,28.970000000000006,15.42319843292237
Pasay,2026-08-30T00:00:00+00:00,D,A,16.967103958129883,28.970000000000006,12.002896041870123
Pasay,2026-08-30T00:00:00+00:00,A,B,18.911611557006836,28.970000000000006,10.05838844299317
Pasay,2026-08-30T00:00:00+00:00,B,B,15.408466339111328,28.970000000000006,13.561533660888678
Pasay,2026-08-30T00:00:00+00:00,C,B,13.546801567077637,28.970000000000006,15.42319843292237
Pasay,2026-08-30T00:00:00+00:00,D,B,16.967103958129883,28.970000000000006,12.002896041870123
Pasay,2026-08-30T00:00:00+00:00,A,S,17.86284828186035,28.970000000000006,11.107151718139654
Pasay,2026-08-30T00:00:00+00:00,B,S,16.80046272277832,28.970000000000006,12.169537277221686
Pasay,2026-08-30T00:00:00+00:00,C,S,16.527070999145508,28.970000000000006,12.442929000854498
Pasay,2026-08-30T00:00:00+00:00,D,S,14.089836120605469,28.970000000000006,14.880163879394537
Pasay,2026-08-30T00:00:00+00:00,A,C,15.605515480041504,28.970000000000006,13.364484519958502
Pasay,2026-08-30T00:00:00+00:00,B,C,17.00412940979004,28.970000000000006,11.965870590209967
Pasay,2026-08-30T00:00:00+00:00,C,C,16.46302604675293,28.970000000000006,12.506973953247076
Pasay,2026-08-30T00:00:00+00:00,D,C,14.089836120605469,28.970000000000006,14.880163879394537
Pasay,2026-08-31T00:00:00+00:00,A,A,30.790664672851562,45.23809523809524,14.447430565243678
Pasay,2026-08-31T00:00:00+00:00,B,A,20.48236656188965,45.23809523809524,24.755728676205592
Pasay,2026-08-31T00:00:00+00:00,C,A,24.5494441986084,45.23809523809524,20.688651039486842
Pasay,2026-08-31T00:00:00+00:00,D,A,19.998857498168945,45.23809523809524,25.239237739926295
Pasay,2026-08-31T00:00:00+00:00,A,B,30.790664672851562,45.23809523809524,14.447430565243678
Pasay,2026-08-31T00:00:00+00:00,B,B,20.48236656188965,45.23809523809524,24.755728676205592
Pasay,2026-08-31T00:00:00+00:00,C,B,24.5494441986084,45.23809523809524,20.688651039486842
Pasay,2026-08-31T00:00:00+00:00,D,B,19.998857498168945,45.23809523809524,25.239237739926295
Pasay,2026-08-31T00:00:00+00:00,A,S,26.1098690032959,45.23809523809524,19.128226234799342
Pasay,2026-08-31T00:00:00+00:00,B,S,22.009302139282227,45.23809523809524,23.228793098813014
Pasay,2026-08-31T00:00:00+00:00,C,S,25.452112197875977,45.23809523809524,19.785983040219264
Pasay,2026-08-31T00:00:00+00:00,D,S,27.325790405273438,45.23809523809524,17.912304832821803
Pasay,2026-08-31T00:00:00+00:00,A,C,27.400461196899414,45.23809523809524,17.837634041195827
Pasay,2026-08-31T00:00:00+00:00,B,C,22.49281883239746,45.23809523809524,22.74527640569778
Pasay,2026-08-31T00:00:00+00:00,C,C,25.08384132385254,45.23809523809524,20.1542539142427
Pasay,2026-08-31T00:00:00+00:00,D,C,27.325790405273438,45.23809523809524,17.912304832821803
Pasay,2026-09-01T00:00:00+00:00,A,A,36.26590347290039,20.2,16.06590347290039
Pasay,2026-09-01T00:00:00+00:00,B,A,33.56697463989258,20.2,13.366974639892579
Pasay,2026-09-01T00:00:00+00:00,C,A,36.52524185180664,20.2,16.32524185180664
Pasay,2026-09-01T00:00:00+00:00,D,A,35.30510330200195,20.2,15.105103302001954
Pasay,2026-09-01T00:00:00+00:00,A,B,36.26590347290039,20.2,16.06590347290039
Pasay,2026-09-01T00:00:00+00:00,B,B,33.56697463989258,20.2,13.366974639892579
Pasay,2026-09-01T00:00:00+00:00,C,B,36.52524185180664,20.2,16.32524185180664
Pasay,2026-09-01T00:00:00+00:00,D,B,35.30510330200195,20.2,15.105103302001954
Pasay,2026-09-01T00:00:00+00:00,A,S,35.81877517700195,20.2,15.618775177001954
Pasay,2026-09-01T00:00:00+00:00,B,S,31.336410522460938,20.2,11.136410522460938
Pasay,2026-09-01T00:00:00+00:00,C,S,34.29561996459961,20.2,14.09561996459961
Pasay,2026-09-01T00:00:00+00:00,D,S,37.73549270629883,20.2,17.53549270629883
Pasay,2026-09-01T00:00:00+00:00,A,C,38.3755989074707,20.2,18.175598907470704
Pasay,2026-09-01T00:00:00+00:00,B,C,31.512252807617188,20.2,11.312252807617188
Pasay,2026-09-01T00:00:00+00:00,C,C,33.06768035888672,20.2,12.86768035888672
Pasay,2026-09-01T00:00:00+00:00,D,C,37.73549270629883,20.2,17.53549270629883
Pasay,2026-09-02T00:00:00+00:00,A,A,26.535184860229492,15.855555555555554,10.679629304673938
Pasay,2026-09-02T00:00:00+00:00,B,A,25.32627296447754,15.855555555555554,9.470717408921985
Pasay,2026-09-02T00:00:00+00:00,C,A,21.937294006347656,15.855555555555554,6.081738450792102
Pasay,2026-09-02T00:00:00+00:00,D,A,22.596834182739258,15.855555555555554,6.7412786271837035
Pasay,2026-09-02T00:00:00+00:00,A,B,26.535184860229492,15.855555555555554,10.679629304673938
Pasay,2026-09-02T00:00:00+00:00,B,B,25.32627296447754,15.855555555555554,9.470717408921985
Pasay,2026-09-02T00:00:00+00:00,C,B,21.937294006347656,15.855555555555554,6.081738450792102
Pasay,2026-09-02T00:00:00+00:00,D,B,22.596834182739258,15.855555555555554,6.7412786271837035
Pasay,2026-09-02T00:00:00+00:00,A,S,25.895830154418945,15.855555555555554,10.040274598863391
Pasay,2026-09-02T00:00:00+00:00,B,S,20.39320182800293,15.855555555555554,4.537646272447375
Pasay,2026-09-02T00:00:00+00:00,C,S,21.39879608154297,15.855555555555554,5.5432405259874145
Pasay,2026-09-02T00:00:00+00:00,D,S,21.20628547668457,15.855555555555554,5.350729921129016
Pasay,2026-09-02T00:00:00+00:00,A,C,24.83976173400879,15.855555555555554,8.984206178453235
Pasay,2026-09-02T00:00:00+00:00,B,C,21.03435707092285,15.855555555555554,5.178801515367297
Pasay,2026-09-02T00:00:00+00:00,C,C,21.22852897644043,15.855555555555554,5.372973420884875
Pasay,2026-09-02T00:00:00+00:00,D,C,21.20628547668457,15.855555555555554,5.350729921129016
Pasay,2026-09-03T00:00:00+00:00,A,A,19.27263832092285,9.079545454545453,10.193092866377398
Pasay,2026-09-03T00:00:00+00:00,B,A,15.908485412597656,9.079545454545453,6.828939958052203
Pasay,2026-09-03T00:00:00+00:00,C,A,19.17191505432129,9.079545454545453,10.092369599775836
Pasay,2026-09-03T00:00:00+00:00,D,A,15.236519813537598,9.079545454545453,6.156974358992144
Pasay,2026-09-03T00:00:00+00:00,A,B,19.27263832092285,9.079545454545453,10.193092866377398
Pasay,2026-09-03T00:00:00+00:00,B,B,15.908485412597656,9.079545454545453,6.828939958052203
Pasay,2026-09-03T00:00:00+00:00,C,B,19.17191505432129,9.079545454545453,10.092369599775836
Pasay,2026-09-03T00:00:00+00:00,D,B,15.236519813537598,9.079545454545453,6.156974358992144
Pasay,2026-09-03T00:00:00+00:00,A,S,17.81324577331543,9.079545454545453,8.733700318769976
Pasay,2026-09-03T00:00:00+00:00,B,S,16.914466857910156,9.079545454545453,7.834921403364703
Pasay,2026-09-03T00:00:00+00:00,C,S,20.5068359375,9.079545454545453,11.427290482954547
Pasay,2026-09-03T00:00:00+00:00,D,S,17.060274124145508,9.079545454545453,7.980728669600055
Pasay,2026-09-03T00:00:00+00:00,A,C,15.80384349822998,9.079545454545453,6.724298043684527
Pasay,2026-09-03T00:00:00+00:00,B,C,17.31818962097168,9.079545454545453,8.238644166426226
Pasay,2026-09-03T00:00:00+00:00,C,C,19.907123565673828,9.079545454545453,10.827578111128375
Pasay,2026-09-03T00:00:00+00:00,D,C,17.060274124145508,9.079545454545453,7.980728669600055
Pasay,2026-09-04T00:00:00+00:00,A,A,10.4483642578125,7.21,3.2383642578125
Pasay,2026-09-04T00:00:00+00:00,B,A,15.98632526397705,7.21,8.77632526397705
Pasay,2026-09-04T00:00:00+00:00,C,A,14.558502197265625,7.21,7.348502197265625
Pasay,2026-09-04T00:00:00+00:00,D,A,11.371451377868652,7.21,4.161451377868652
Pasay,2026-09-04T00:00:00+00:00,A,B,10.4483642578125,7.21,3.2383642578125
Pasay,2026-09-04T00:00:00+00:00,B,B,15.98632526397705,7.21,8.77632526397705
Pasay,2026-09-04T00:00:00+00:00,C,B,14.558502197265625,7.21,7.348502197265625
Pasay,2026-09-04T00:00:00+00:00,D,B,11.371451377868652,7.21,4.161451377868652
Pasay,2026-09-04T00:00:00+00:00,A,S,10.08700180053711,7.21,2.8770018005371094
Pasay,2026-09-04T00:00:00+00:00,B,S,14.4891357421875,7.21,7.2791357421875
Pasay,2026-09-04T00:00:00+00:00,C,S,17.558761596679688,7.21,10.348761596679687
Pasay,2026-09-04T00:00:00+00:00,D,S,11.255889892578125,7.21,4.045889892578125
Pasay,2026-09-04T00:00:00+00:00,A,C,12.988808631896973,7.21,5.778808631896973
Pasay,2026-09-04T00:00:00+00:00,B,C,15.555816650390625,7.21,8.345816650390624
Pasay,2026-09-04T00:00:00+00:00,C,C,17.44457244873047,7.21,10.234572448730468
Pasay,2026-09-04T00:00:00+00:00,D,C,11.255889892578125,7.21,4.045889892578125
Pasay,2026-09-05T00:00:00+00:00,A,A,9.60515308380127,7.480833333333334,2.1243197504679356
Pasay,2026-09-05T00:00:00+00:00,B,A,11.8026704788208,7.480833333333334,4.321837145487467
Pasay,2026-09-05T00:00:00+00:00,C,A,8.768385887145996,7.480833333333334,1.2875525538126622
Pasay,2026-09-05T00:00:00+00:00,D,A,7.529125213623047,7.480833333333334,0.048291880289712985
Pasay,2026-09-05T00:00:00+00:00,A,B,9.60515308380127,7.480833333333334,2.1243197504679356
Pasay,2026-09-05T00:00:00+00:00,B,B,11.8026704788208,7.480833333333334,4.321837145487467
Pasay,2026-09-05T00:00:00+00:00,C,B,8.768385887145996,7.480833333333334,1.2875525538126622
Pasay,2026-09-05T00:00:00+00:00,D,B,7.529125213623047,7.480833333333334,0.048291880289712985
Pasay,2026-09-05T00:00:00+00:00,A,S,9.457823753356934,7.480833333333334,1.9769904200235997
Pasay,2026-09-05T00:00:00+00:00,B,S,11.97701358795166,7.480833333333334,4.496180254618326
Pasay,2026-09-05T00:00:00+00:00,C,S,10.63222599029541,7.480833333333334,3.1513926569620763
Pasay,2026-09-05T00:00:00+00:00,D,S,7.880368709564209,7.480833333333334,0.3995353762308751
Pasay,2026-09-05T00:00:00+00:00,A,C,8.406678199768066,7.480833333333334,0.9258448664347325
Pasay,2026-09-05T00:00:00+00:00,B,C,12.432147026062012,7.480833333333334,4.951313692728678
Pasay,2026-09-05T00:00:00+00:00,C,C,10.683209419250488,7.480833333333334,3.2023760859171544
Pasay,2026-09-05T00:00:00+00:00,D,C,7.880368709564209,7.480833333333334,0.3995353762308751
Pasay,2026-09-06T00:00:00+00:00,A,A,10.015822410583496,7.47909090909091,2.5367315014925857
Pasay,2026-09-06T00:00:00+00:00,B,A,11.906935691833496,7.47909090909091,4.427844782742586
Pasay,2026-09-06T00:00:00+00:00,C,A,12.070919036865234,7.47909090909091,4.591828127774324
Pasay,2026-09-06T00:00:00+00:00,D,A,9.598472595214844,7.47909090909091,2.1193816861239334
Pasay,2026-09-06T00:00:00+00:00,A,B,10.015822410583496,7.47909090909091,2.5367315014925857
Pasay,2026-09-06T00:00:00+00:00,B,B,11.906935691833496,7.47909090909091,4.427844782742586
Pasay,2026-09-06T00:00:00+00:00,C,B,12.070919036865234,7.47909090909091,4.591828127774324
Pasay,2026-09-06T00:00:00+00:00,D,B,9.598472595214844,7.47909090909091,2.1193816861239334
Pasay,2026-09-06T00:00:00+00:00,A,S,11.546356201171875,7.47909090909091,4.067265292080965
Pasay,2026-09-06T00:00:00+00:00,B,S,14.712891578674316,7.47909090909091,7.233800669583406
Pasay,2026-09-06T00:00:00+00:00,C,S,12.1370849609375,7.47909090909091,4.65799405184659
Pasay,2026-09-06T00:00:00+00:00,D,S,9.766992568969727,7.47909090909091,2.287901659878816
Pasay,2026-09-06T00:00:00+00:00,A,C,10.658744812011719,7.47909090909091,3.1796539029208084
Pasay,2026-09-06T00:00:00+00:00,B,C,12.580462455749512,7.47909090909091,5.101371546658601
Pasay,2026-09-06T00:00:00+00:00,C,C,12.21302318572998,7.47909090909091,4.73393227663907
Pasay,2026-09-06T00:00:00+00:00,D,C,9.766992568969727,7.47909090909091,2.287901659878816
Pasay,2026-09-07T00:00:00+00:00,A,A,13.815388679504395,8.023636363636363,5.791752315868031
Pasay,2026-09-07T00:00:00+00:00,B,A,10.425281524658203,8.023636363636363,2.4016451610218397
Pasay,2026-09-07T00:00:00+00:00,C,A,10.851786613464355,8.023636363636363,2.828150249827992
Pasay,2026-09-07T00:00:00+00:00,D,A,9.60950756072998,8.023636363636363,1.585871197093617
Pasay,2026-09-07T00:00:00+00:00,A,B,13.815388679504395,8.023636363636363,5.791752315868031
Pasay,2026-09-07T00:00:00+00:00,B,B,10.425281524658203,8.023636363636363,2.4016451610218397
Pasay,2026-09-07T00:00:00+00:00,C,B,10.851786613464355,8.023636363636363,2.828150249827992
Pasay,2026-09-07T00:00:00+00:00,D,B,9.60950756072998,8.023636363636363,1.585871197093617
Pasay,2026-09-07T00:00:00+00:00,A,S,13.979016304016113,8.023636363636363,5.95537994037975
Pasay,2026-09-07T00:00:00+00:00,B,S,11.143204689025879,8.023636363636363,3.1195683253895155
Pasay,2026-09-07T00:00:00+00:00,C,S,10.92773151397705,8.023636363636363,2.9040951503406873
Pasay,2026-09-07T00:00:00+00:00,D,S,10.020398139953613,8.023636363636363,1.9967617763172498
Pasay,2026-09-07T00:00:00+00:00,A,C,14.03467845916748,8.023636363636363,6.011042095531117
Pasay,2026-09-07T00:00:00+00:00,B,C,10.637571334838867,8.023636363636363,2.6139349712025037
Pasay,2026-09-07T00:00:00+00:00,C,C,10.954251289367676,8.023636363636363,2.9306149257313123
Pasay,2026-09-07T00:00:00+00:00,D,C,10.020398139953613,8.023636363636363,1.9967617763172498
Pasay,2026-09-08T00:00:00+00:00,A,A,9.164280891418457,9.162857142857142,0.001423748561315108
Pasay,2026-09-08T00:00:00+00:00,B,A,6.895876407623291,9.162857142857142,2.266980735233851
Pasay,2026-09-08T00:00:00+00:00,C,A,9.021391868591309,9.162857142857142,0.14146527426583333
Pasay,2026-09-08T00:00:00+00:00,D,A,9.014067649841309,9.162857142857142,0.14878949301583333
Pasay,2026-09-08T00:00:00+00:00,A,B,9.164280891418457,9.162857142857142,0.001423748561315108
Pasay,2026-09-08T00:00:00+00:00,B,B,6.895876407623291,9.162857142857142,2.266980735233851
Pasay,2026-09-08T00:00:00+00:00,C,B,9.021391868591309,9.162857142857142,0.14146527426583333
Pasay,2026-09-08T00:00:00+00:00,D,B,9.014067649841309,9.162857142857142,0.14878949301583333
Pasay,2026-09-08T00:00:00+00:00,A,S,8.30209732055664,9.162857142857142,0.8607598223005013
Pasay,2026-09-08T00:00:00+00:00,B,S,7.756838321685791,9.162857142857142,1.406018821171351
Pasay,2026-09-08T00:00:00+00:00,C,S,9.336792945861816,9.162857142857142,0.17393580300467448
Pasay,2026-09-08T00:00:00+00:00,D,S,7.734049320220947,9.162857142857142,1.4288078226361947
Pasay,2026-09-08T00:00:00+00:00,A,C,8.276275634765625,9.162857142857142,0.8865815080915169
Pasay,2026-09-08T00:00:00+00:00,B,C,7.796315670013428,9.162857142857142,1.3665414728437142
Pasay,2026-09-08T00:00:00+00:00,C,C,10.135002136230469,9.162857142857142,0.9721449933733268
Pasay,2026-09-08T00:00:00+00:00,D,C,7.734049320220947,9.162857142857142,1.4288078226361947
Pasay,2026-09-14T00:00:00+00:00,A,A,15.361788749694824,15.365416666666667,0.003627916971842282
Pasay,2026-09-14T00:00:00+00:00,B,A,11.759150505065918,15.365416666666667,3.6062661616007485
Pasay,2026-09-14T00:00:00+00:00,C,A,16.882007598876953,15.365416666666667,1.5165909322102866
Pasay,2026-09-14T00:00:00+00:00,D,A,15.618565559387207,15.365416666666667,0.25314889272054053
Pasay,2026-09-14T00:00:00+00:00,A,B,15.361788749694824,15.365416666666667,0.003627916971842282
Pasay,2026-09-14T00:00:00+00:00,B,B,11.759150505065918,15.365416666666667,3.6062661616007485
Pasay,2026-09-14T00:00:00+00:00,C,B,16.882007598876953,15.365416666666667,1.5165909322102866
Pasay,2026-09-14T00:00:00+00:00,D,B,15.618565559387207,15.365416666666667,0.25314889272054053
Pasay,2026-09-14T00:00:00+00:00,A,S,16.420705795288086,15.365416666666667,1.0552891286214194
Pasay,2026-09-14T00:00:00+00:00,B,S,14.259900093078613,15.365416666666667,1.1055165735880532
Pasay,2026-09-14T00:00:00+00:00,C,S,16.553382873535156,15.365416666666667,1.1879662068684897
Pasay,2026-09-14T00:00:00+00:00,D,S,15.2675199508667,15.365416666666667,0.09789671579996728
Pasay,2026-09-14T00:00:00+00:00,A,C,15.804322242736816,15.365416666666667,0.4389055760701499
Pasay,2026-09-14T00:00:00+00:00,B,C,13.139053344726562,15.365416666666667,2.226363321940104
Pasay,2026-09-14T00:00:00+00:00,C,C,16.417373657226562,15.365416666666667,1.051956990559896
Pasay,2026-09-14T00:00:00+00:00,D,C,15.2675199508667,15.365416666666667,0.09789671579996728
Pasay,2026-09-15T00:00:00+00:00,A,A,13.298993110656738,15.121304347826088,1.82231123716935
Pasay,2026-09-15T00:00:00+00:00,B,A,14.441285133361816,15.121304347826088,0.6800192144642718
Pasay,2026-09-15T00:00:00+00:00,C,A,13.078835487365723,15.121304347826088,2.0424688604603656
Pasay,2026-09-15T00:00:00+00:00,D,A,16.208406448364258,15.121304347826088,1.0871021005381696
Pasay,2026-09-15T00:00:00+00:00,A,B,13.298993110656738,15.121304347826088,1.82231123716935
Pasay,2026-09-15T00:00:00+00:00,B,B,14.441285133361816,15.121304347826088,0.6800192144642718
Pasay,2026-09-15T00:00:00+00:00,C,B,13.078835487365723,15.121304347826088,2.0424688604603656
Pasay,2026-09-15T00:00:00+00:00,D,B,16.208406448364258,15.121304347826088,1.0871021005381696
Pasay,2026-09-15T00:00:00+00:00,A,S,12.80716609954834,15.121304347826088,2.3141382482777484
Pasay,2026-09-15T00:00:00+00:00,B,S,15.0117769241333,15.121304347826088,0.10952742369278745
Pasay,2026-09-15T00:00:00+00:00,C,S,12.893489837646484,15.121304347826088,2.227814510179604
Pasay,2026-09-15T00:00:00+00:00,D,S,16.17989158630371,15.121304347826088,1.0585872384776227
Pasay,2026-09-15T00:00:00+00:00,A,C,12.80716609954834,15.121304347826088,2.3141382482777484
Pasay,2026-09-15T00:00:00+00:00,B,C,15.0117769241333,15.121304347826088,0.10952742369278745
Pasay,2026-09-15T00:00:00+00:00,C,C,12.893489837646484,15.121304347826088,2.227814510179604
Pasay,2026-09-15T00:00:00+00:00,D,C,16.17989158630371,15.121304347826088,1.0585872384776227
Pasay,2026-09-16T00:00:00+00:00,A,A,15.496155738830566,17.565714285714286,2.0695585468837194
Pasay,2026-09-16T00:00:00+00:00,B,A,12.338835716247559,17.565714285714286,5.226878569466727
Pasay,2026-09-16T00:00:00+00:00,C,A,14.003249168395996,17.565714285714286,3.5624651173182897
Pasay,2026-09-16T00:00:00+00:00,D,A,15.256439208984375,17.565714285714286,2.309275076729911
Pasay,2026-09-16T00:00:00+00:00,A,B,15.496155738830566,17.565714285714286,2.0695585468837194
Pasay,2026-09-16T00:00:00+00:00,B,B,12.338835716247559,17.565714285714286,5.226878569466727
Pasay,2026-09-16T00:00:00+00:00,C,B,14.003249168395996,17.565714285714286,3.5624651173182897
Pasay,2026-09-16T00:00:00+00:00,D,B,15.256439208984375,17.565714285714286,2.309275076729911
Pasay,2026-09-16T00:00:00+00:00,A,S,15.495299339294434,17.565714285714286,2.0704149464198522
Pasay,2026-09-16T00:00:00+00:00,B,S,12.154313087463379,17.565714285714286,5.411401198250907
Pasay,2026-09-16T00:00:00+00:00,C,S,13.590210914611816,17.565714285714286,3.9755033711024694
Pasay,2026-09-16T00:00:00+00:00,D,S,15.153056144714355,17.565714285714286,2.4126581409999304
Pasay,2026-09-16T00:00:00+00:00,A,C,15.621781349182129,17.565714285714286,1.943932936532157
Pasay,2026-09-16T00:00:00+00:00,B,C,11.432415008544922,17.565714285714286,6.133299277169364
Pasay,2026-09-16T00:00:00+00:00,C,C,13.542187690734863,17.565714285714286,4.0235265949794226
Pasay,2026-09-16T00:00:00+00:00,D,C,15.153056144714355,17.565714285714286,2.4126581409999304
Pasay,2026-09-18T00:00:00+00:00,A,A,14.558011054992676,15.743478260869566,1.1854672058768898
Pasay,2026-09-18T00:00:00+00:00,B,A,11.373542785644531,15.743478260869566,4.369935475225034
Pasay,2026-09-18T00:00:00+00:00,C,A,17.14581298828125,15.743478260869566,1.4023347274116844
Pasay,2026-09-18T00:00:00+00:00,D,A,18.46165657043457,15.743478260869566,2.7181783095650047
Pasay,2026-09-18T00:00:00+00:00,A,B,14.558011054992676,15.743478260869566,1.1854672058768898
Pasay,2026-09-18T00:00:00+00:00,B,B,11.373542785644531,15.743478260869566,4.369935475225034
Pasay,2026-09-18T00:00:00+00:00,C,B,17.14581298828125,15.743478260869566,1.4023347274116844
Pasay,2026-09-18T00:00:00+00:00,D,B,18.46165657043457,15.743478260869566,2.7181783095650047
Pasay,2026-09-18T00:00:00+00:00,A,S,18.738510131835938,15.743478260869566,2.995031870966372
Pasay,2026-09-18T00:00:00+00:00,B,S,16.473861694335938,15.743478260869566,0.7303834334663719
Pasay,2026-09-18T00:00:00+00:00,C,S,19.20954704284668,15.743478260869566,3.466068781977114
Pasay,2026-09-18T00:00:00+00:00,D,S,17.9984130859375,15.743478260869566,2.2549348250679344
Pasay,2026-09-18T00:00:00+00:00,A,C,17.79429817199707,15.743478260869566,2.0508199111275047
Pasay,2026-09-18T00:00:00+00:00,B,C,16.25172996520996,15.743478260869566,0.5082517043403953
Pasay,2026-09-18T00:00:00+00:00,C,C,19.542734146118164,15.743478260869566,3.7992558852485985
Pasay,2026-09-18T00:00:00+00:00,D,C,17.9984130859375,15.743478260869566,2.2549348250679344
Pasay,2026-09-19T00:00:00+00:00,A,A,16.50701904296875,17.765555555555554,1.2585365125868044
Pasay,2026-09-19T00:00:00+00:00,B,A,18.748579025268555,17.765555555555554,0.9830234697130003
Pasay,2026-09-19T00:00:00+00:00,C,A,14.09576416015625,17.765555555555554,3.6697913953993044
Pasay,2026-09-19T00:00:00+00:00,D,A,18.65164566040039,17.765555555555554,0.8860901048448362
Pasay,2026-09-19T00:00:00+00:00,A,B,16.50701904296875,17.765555555555554,1.2585365125868044
Pasay,2026-09-19T00:00:00+00:00,B,B,18.748579025268555,17.765555555555554,0.9830234697130003
Pasay,2026-09-19T00:00:00+00:00,C,B,14.09576416015625,17.765555555555554,3.6697913953993044
Pasay,2026-09-19T00:00:00+00:00,D,B,18.65164566040039,17.765555555555554,0.8860901048448362
Pasay,2026-09-19T00:00:00+00:00,A,S,15.122586250305176,17.765555555555554,2.6429693052503787
Pasay,2026-09-19T00:00:00+00:00,B,S,19.216827392578125,17.765555555555554,1.4512718370225706
Pasay,2026-09-19T00:00:00+00:00,C,S,14.942066192626953,17.765555555555554,2.8234893629286013
Pasay,2026-09-19T00:00:00+00:00,D,S,17.388578414916992,17.765555555555554,0.37697714063856225
Pasay,2026-09-19T00:00:00+00:00,A,C,13.337910652160645,17.765555555555554,4.42764490339491
Pasay,2026-09-19T00:00:00+00:00,B,C,14.772059440612793,17.765555555555554,2.9934961149427615
Pasay,2026-09-19T00:00:00+00:00,C,C,15.31827449798584,17.765555555555554,2.4472810575697146
Pasay,2026-09-19T00:00:00+00:00,D,C,17.388578414916992,17.765555555555554,0.37697714063856225
Pasay,2026-09-20T00:00:00+00:00,A,A,16.093076705932617,13.575416666666667,2.51766003926595
Pasay,2026-09-20T00:00:00+00:00,B,A,16.990947723388672,13.575416666666667,3.4155310567220045
Pasay,2026-09-20T00:00:00+00:00,C,A,15.062867164611816,13.575416666666667,1.487450497945149
Pasay,2026-09-20T00:00:00+00:00,D,A,15.635112762451172,13.575416666666667,2.0596960957845045
Pasay,2026-09-20T00:00:00+00:00,A,B,16.093076705932617,13.575416666666667,2.51766003926595
Pasay,2026-09-20T00:00:00+00:00,B,B,16.990947723388672,13.575416666666667,3.4155310567220045
Pasay,2026-09-20T00:00:00+00:00,C,B,15.062867164611816,13.575416666666667,1.487450497945149
Pasay,2026-09-20T00:00:00+00:00,D,B,15.635112762451172,13.575416666666667,2.0596960957845045
Pasay,2026-09-20T00:00:00+00:00,A,S,16.357467651367188,13.575416666666667,2.78205098470052
Pasay,2026-09-20T00:00:00+00:00,B,S,22.85294532775879,13.575416666666667,9.277528661092122
Pasay,2026-09-20T00:00:00+00:00,C,S,15.251543998718262,13.575416666666667,1.6761273320515944
Pasay,2026-09-20T00:00:00+00:00,D,S,18.94849967956543,13.575416666666667,5.373083012898762
Pasay,2026-09-20T00:00:00+00:00,A,C,16.444807052612305,13.575416666666667,2.8693903859456373
Pasay,2026-09-20T00:00:00+00:00,B,C,19.61272430419922,13.575416666666667,6.037307637532551
Pasay,2026-09-20T00:00:00+00:00,C,C,15.46054458618164,13.575416666666667,1.8851279195149733
Pasay,2026-09-20T00:00:00+00:00,D,C,18.94849967956543,13.575416666666667,5.373083012898762
Pasay,2026-09-21T00:00:00+00:00,A,A,12.911273956298828,10.721363636363636,2.1899103199351924
Pasay,2026-09-21T00:00:00+00:00,B,A,14.369685173034668,10.721363636363636,3.648321536671032
Pasay,2026-09-21T00:00:00+00:00,C,A,14.841410636901855,10.721363636363636,4.12004700053822
Pasay,2026-09-21T00:00:00+00:00,D,A,14.145942687988281,10.721363636363636,3.4245790516246455
Pasay,2026-09-21T00:00:00+00:00,A,B,12.911273956298828,10.721363636363636,2.1899103199351924
Pasay,2026-09-21T00:00:00+00:00,B,B,14.369685173034668,10.721363636363636,3.648321536671032
Pasay,2026-09-21T00:00:00+00:00,C,B,14.841410636901855,10.721363636363636,4.12004700053822
Pasay,2026-09-21T00:00:00+00:00,D,B,14.145942687988281,10.721363636363636,3.4245790516246455
Pasay,2026-09-21T00:00:00+00:00,A,S,13.036765098571777,10.721363636363636,2.3154014622081416
Pasay,2026-09-21T00:00:00+00:00,B,S,13.552955627441406,10.721363636363636,2.8315919910777705
Pasay,2026-09-21T00:00:00+00:00,C,S,14.793342590332031,10.721363636363636,4.0719789539683955
Pasay,2026-09-21T00:00:00+00:00,D,S,12.59389591217041,10.721363636363636,1.8725322758067744
Pasay,2026-09-21T00:00:00+00:00,A,C,12.173808097839355,10.721363636363636,1.4524444614757197
Pasay,2026-09-21T00:00:00+00:00,B,C,14.59009838104248,10.721363636363636,3.8687347446788447
Pasay,2026-09-21T00:00:00+00:00,C,C,14.015780448913574,10.721363636363636,3.2944168125499385
Pasay,2026-09-21T00:00:00+00:00,D,C,12.59389591217041,10.721363636363636,1.8725322758067744
Pasay,2026-09-22T00:00:00+00:00,A,A,10.879246711730957,12.345,1.4657532882690436
Pasay,2026-09-22T00:00:00+00:00,B,A,9.384574890136719,12.345,2.960425109863282
Pasay,2026-09-22T00:00:00+00:00,C,A,14.92144775390625,12.345,2.5764477539062494
Pasay,2026-09-22T00:00:00+00:00,D,A,15.858482360839844,12.345,3.513482360839843
Pasay,2026-09-22T00:00:00+00:00,A,B,10.879246711730957,12.345,1.4657532882690436
Pasay,2026-09-22T00:00:00+00:00,B,B,9.384574890136719,12.345,2.960425109863282
Pasay,2026-09-22T00:00:00+00:00,C,B,14.92144775390625,12.345,2.5764477539062494
Pasay,2026-09-22T00:00:00+00:00,D,B,15.858482360839844,12.345,3.513482360839843
Pasay,2026-09-22T00:00:00+00:00,A,S,11.197972297668457,12.345,1.1470277023315436
Pasay,2026-09-22T00:00:00+00:00,B,S,9.314629554748535,12.345,3.0303704452514655
Pasay,2026-09-22T00:00:00+00:00,C,S,15.365954399108887,12.345,3.020954399108886
Pasay,2026-09-22T00:00:00+00:00,D,S,16.202848434448242,12.345,3.8578484344482415
Pasay,2026-09-22T00:00:00+00:00,A,C,11.387802124023438,12.345,0.9571978759765631
Pasay,2026-09-22T00:00:00+00:00,B,C,9.367037773132324,12.345,2.9779622268676764
Pasay,2026-09-22T00:00:00+00:00,C,C,15.521687507629395,12.345,3.176687507629394
Pasay,2026-09-22T00:00:00+00:00,D,C,16.202848434448242,12.345,3.8578484344482415
Pasay,2026-09-23T00:00:00+00:00,A,A,12.793556213378906,23.095652173913045,10.302095960534139
Pasay,2026-09-23T00:00:00+00:00,B,A,9.83021068572998,23.095652173913045,13.265441488183065
Pasay,2026-09-23T00:00:00+00:00,C,A,11.318333625793457,23.095652173913045,11.777318548119588
Pasay,2026-09-23T00:00:00+00:00,D,A,12.127304077148438,23.095652173913045,10.968348096764608
Pasay,2026-09-23T00:00:00+00:00,A,B,12.793556213378906,23.095652173913045,10.302095960534139
Pasay,2026-09-23T00:00:00+00:00,B,B,9.83021068572998,23.095652173913045,13.265441488183065
Pasay,2026-09-23T00:00:00+00:00,C,B,11.318333625793457,23.095652173913045,11.777318548119588
Pasay,2026-09-23T00:00:00+00:00,D,B,12.127304077148438,23.095652173913045,10.968348096764608
Pasay,2026-09-23T00:00:00+00:00,A,S,15.475972175598145,23.095652173913045,7.619679998314901
Pasay,2026-09-23T00:00:00+00:00,B,S,9.02356243133545,23.095652173913045,14.072089742577596
Pasay,2026-09-23T00:00:00+00:00,C,S,13.5294771194458,23.095652173913045,9.566175054467244
Pasay,2026-09-23T00:00:00+00:00,D,S,11.53113842010498,23.095652173913045,11.564513753808065
Pasay,2026-09-23T00:00:00+00:00,A,C,10.78881549835205,23.095652173913045,12.306836675560994
Pasay,2026-09-23T00:00:00+00:00,B,C,9.602043151855469,23.095652173913045,13.493609022057576
Pasay,2026-09-23T00:00:00+00:00,C,C,13.317044258117676,23.095652173913045,9.77860791579537
Pasay,2026-09-23T00:00:00+00:00,D,C,11.53113842010498,23.095652173913045,11.564513753808065
Pasay,2026-09-24T00:00:00+00:00,A,A,19.86565589904785,23.62222222222222,3.7565663231743684
Pasay,2026-09-24T00:00:00+00:00,B,A,14.402676582336426,23.62222222222222,9.219545639885794
Pasay,2026-09-24T00:00:00+00:00,C,A,17.99800682067871,23.62222222222222,5.624215401543509
Pasay,2026-09-24T00:00:00+00:00,D,A,19.895614624023438,23.62222222222222,3.7266075981987825
Pasay,2026-09-24T00:00:00+00:00,A,B,19.86565589904785,23.62222222222222,3.7565663231743684
Pasay,2026-09-24T00:00:00+00:00,B,B,14.402676582336426,23.62222222222222,9.219545639885794
Pasay,2026-09-24T00:00:00+00:00,C,B,17.99800682067871,23.62222222222222,5.624215401543509
Pasay,2026-09-24T00:00:00+00:00,D,B,19.895614624023438,23.62222222222222,3.7266075981987825
Pasay,2026-09-24T00:00:00+00:00,A,S,19.272645950317383,23.62222222222222,4.349576271904837
Pasay,2026-09-24T00:00:00+00:00,B,S,15.38209056854248,23.62222222222222,8.24013165367974
Pasay,2026-09-24T00:00:00+00:00,C,S,18.604711532592773,23.62222222222222,5.017510689629447
Pasay,2026-09-24T00:00:00+00:00,D,S,20.572298049926758,23.62222222222222,3.049924172295462
Pasay,2026-09-24T00:00:00+00:00,A,C,18.170499801635742,23.62222222222222,5.451722420586478
Pasay,2026-09-24T00:00:00+00:00,B,C,15.442463874816895,23.62222222222222,8.179758347405325
Pasay,2026-09-24T00:00:00+00:00,C,C,20.715166091918945,23.62222222222222,2.9070561303032747
Pasay,2026-09-24T00:00:00+00:00,D,C,20.572298049926758,23.62222222222222,3.049924172295462
Pasay,2026-09-25T00:00:00+00:00,A,A,19.337984085083008,26.953181818181815,7.615197733098807
Pasay,2026-09-25T00:00:00+00:00,B,A,21.48602294921875,26.953181818181815,5.467158868963065
Pasay,2026-09-25T00:00:00+00:00,C,A,20.08280372619629,26.953181818181815,6.8703780919855255
Pasay,2026-09-25T00:00:00+00:00,D,A,23.17638397216797,26.953181818181815,3.776797846013846
Pasay,2026-09-25T00:00:00+00:00,A,B,19.337984085083008,26.953181818181815,7.615197733098807
Pasay,2026-09-25T00:00:00+00:00,B,B,21.48602294921875,26.953181818181815,5.467158868963065
Pasay,2026-09-25T00:00:00+00:00,C,B,20.08280372619629,26.953181818181815,6.8703780919855255
Pasay,2026-09-25T00:00:00+00:00,D,B,23.17638397216797,26.953181818181815,3.776797846013846
Pasay,2026-09-25T00:00:00+00:00,A,S,17.16145896911621,26.953181818181815,9.791722849065604
Pasay,2026-09-25T00:00:00+00:00,B,S,20.423830032348633,26.953181818181815,6.529351785833182
Pasay,2026-09-25T00:00:00+00:00,C,S,18.078231811523438,26.953181818181815,8.874950006658377
Pasay,2026-09-25T00:00:00+00:00,D,S,25.9663028717041,26.953181818181815,0.986878946477713
Pasay,2026-09-25T00:00:00+00:00,A,C,19.256193161010742,26.953181818181815,7.696988657171072
Pasay,2026-09-25T00:00:00+00:00,B,C,20.106327056884766,26.953181818181815,6.846854761297049
Pasay,2026-09-25T00:00:00+00:00,C,C,18.57364273071289,26.953181818181815,8.379539087468924
Pasay,2026-09-25T00:00:00+00:00,D,C,25.9663028717041,26.953181818181815,0.986878946477713
Pasay,2026-09-26T00:00:00+00:00,A,A,19.98520278930664,23.22083333333333,3.235630544026691
Pasay,2026-09-26T00:00:00+00:00,B,A,26.268760681152344,23.22083333333333,3.0479273478190123
Pasay,2026-09-26T00:00:00+00:00,C,A,23.743722915649414,23.22083333333333,0.5228895823160826
Pasay,2026-09-26T00:00:00+00:00,D,A,28.650304794311523,23.22083333333333,5.429471460978192
Pasay,2026-09-26T00:00:00+00:00,A,B,19.98520278930664,23.22083333333333,3.235630544026691
Pasay,2026-09-26T00:00:00+00:00,B,B,26.268760681152344,23.22083333333333,3.0479273478190123
Pasay,2026-09-26T00:00:00+00:00,C,B,23.743722915649414,23.22083333333333,0.5228895823160826
Pasay,2026-09-26T00:00:00+00:00,D,B,28.650304794311523,23.22083333333333,5.429471460978192
Pasay,2026-09-26T00:00:00+00:00,A,S,23.926286697387695,23.22083333333333,0.7054533640543639
Pasay,2026-09-26T00:00:00+00:00,B,S,25.8012638092041,23.22083333333333,2.58043047587077
Pasay,2026-09-26T00:00:00+00:00,C,S,23.634109497070312,23.22083333333333,0.41327616373698106
Pasay,2026-09-26T00:00:00+00:00,D,S,28.686494827270508,23.22083333333333,5.465661493937176
Pasay,2026-09-26T00:00:00+00:00,A,C,19.97203254699707,23.22083333333333,3.248800786336261
Pasay,2026-09-26T00:00:00+00:00,B,C,27.249109268188477,23.22083333333333,4.028275934855145
Pasay,2026-09-26T00:00:00+00:00,C,C,24.33037757873535,23.22083333333333,1.1095442454020201
Pasay,2026-09-26T00:00:00+00:00,D,C,28.686494827270508,23.22083333333333,5.465661493937176
Pasay,2026-09-27T00:00:00+00:00,A,A,23.849191665649414,22.36086956521739,1.4883221004320255
Pasay,2026-09-27T00:00:00+00:00,B,A,22.51422119140625,22.36086956521739,0.15335162618886145
Pasay,2026-09-27T00:00:00+00:00,C,A,26.73517608642578,22.36086956521739,4.374306521208393
Pasay,2026-09-27T00:00:00+00:00,D,A,25.109909057617188,22.36086956521739,2.749039492399799
Pasay,2026-09-27T00:00:00+00:00,A,B,23.849191665649414,22.36086956521739,1.4883221004320255
Pasay,2026-09-27T00:00:00+00:00,B,B,22.51422119140625,22.36086956521739,0.15335162618886145
Pasay,2026-09-27T00:00:00+00:00,C,B,26.73517608642578,22.36086956521739,4.374306521208393
Pasay,2026-09-27T00:00:00+00:00,D,B,25.109909057617188,22.36086956521739,2.749039492399799
Pasay,2026-09-27T00:00:00+00:00,A,S,23.53540802001953,22.36086956521739,1.1745384548021427
Pasay,2026-09-27T00:00:00+00:00,B,S,23.623624801635742,22.36086956521739,1.2627552364183536
Pasay,2026-09-27T00:00:00+00:00,C,S,27.075170516967773,22.36086956521739,4.714300951750385
Pasay,2026-09-27T00:00:00+00:00,D,S,23.76702117919922,22.36086956521739,1.4061516139818302
Pasay,2026-09-27T00:00:00+00:00,A,C,24.76976203918457,22.36086956521739,2.4088924739671818
Pasay,2026-09-27T00:00:00+00:00,B,C,22.826133728027344,22.36086956521739,0.4652641628099552
Pasay,2026-09-27T00:00:00+00:00,C,C,27.249189376831055,22.36086956521739,4.888319811613666
Pasay,2026-09-27T00:00:00+00:00,D,C,23.76702117919922,22.36086956521739,1.4061516139818302
San_Juan,2026-08-14T00:00:00+00:00,A,A,22.99110984802246,29.87142857142857,6.880318723406109
San_Juan,2026-08-14T00:00:00+00:00,B,A,18.666175842285156,29.87142857142857,11.205252729143414
San_Juan,2026-08-14T00:00:00+00:00,C,A,19.972728729248047,29.87142857142857,9.898699842180523
San_Juan,2026-08-14T00:00:00+00:00,D,A,20.519224166870117,29.87142857142857,9.352204404558453
San_Juan,2026-08-14T00:00:00+00:00,A,B,22.99110984802246,29.87142857142857,6.880318723406109
San_Juan,2026-08-14T00:00:00+00:00,B,B,18.666175842285156,29.87142857142857,11.205252729143414
San_Juan,2026-08-14T00:00:00+00:00,C,B,19.972728729248047,29.87142857142857,9.898699842180523
San_Juan,2026-08-14T00:00:00+00:00,D,B,20.519224166870117,29.87142857142857,9.352204404558453
San_Juan,2026-08-14T00:00:00+00:00,A,S,12.967717170715332,29.87142857142857,16.903711400713238
San_Juan,2026-08-14T00:00:00+00:00,B,S,17.10370445251465,29.87142857142857,12.767724118913922
San_Juan,2026-08-14T00:00:00+00:00,C,S,18.905942916870117,29.87142857142857,10.965485654558453
San_Juan,2026-08-14T00:00:00+00:00,D,S,17.47886848449707,29.87142857142857,12.3925600869315
San_Juan,2026-08-14T00:00:00+00:00,A,C,13.829963684082031,29.87142857142857,16.04146488734654
San_Juan,2026-08-14T00:00:00+00:00,B,C,16.705663681030273,29.87142857142857,13.165764890398297
San_Juan,2026-08-14T00:00:00+00:00,C,C,18.907495498657227,29.87142857142857,10.963933072771344
San_Juan,2026-08-14T00:00:00+00:00,D,C,17.47886848449707,29.87142857142857,12.3925600869315
San_Juan,2026-08-15T00:00:00+00:00,A,A,34.21817398071289,21.280952380952378,12.937221599760512
San_Juan,2026-08-15T00:00:00+00:00,B,A,22.708589553833008,21.280952380952378,1.4276371728806296
San_Juan,2026-08-15T00:00:00+00:00,C,A,28.411849975585938,21.280952380952378,7.130897594633559
San_Juan,2026-08-15T00:00:00+00:00,D,A,24.779571533203125,21.280952380952378,3.498619152250747
San_Juan,2026-08-15T00:00:00+00:00,A,B,34.21817398071289,21.280952380952378,12.937221599760512
San_Juan,2026-08-15T00:00:00+00:00,B,B,22.708589553833008,21.280952380952378,1.4276371728806296
San_Juan,2026-08-15T00:00:00+00:00,C,B,28.411849975585938,21.280952380952378,7.130897594633559
San_Juan,2026-08-15T00:00:00+00:00,D,B,24.779571533203125,21.280952380952378,3.498619152250747
San_Juan,2026-08-15T00:00:00+00:00,A,S,20.405881881713867,21.280952380952378,0.875070499238511
San_Juan,2026-08-15T00:00:00+00:00,B,S,20.02606773376465,21.280952380952378,1.2548846471877297
San_Juan,2026-08-15T00:00:00+00:00,C,S,25.208345413208008,21.280952380952378,3.9273930322556296
San_Juan,2026-08-15T00:00:00+00:00,D,S,26.593183517456055,21.280952380952378,5.3122311365036765
San_Juan,2026-08-15T00:00:00+00:00,A,C,25.630945205688477,21.280952380952378,4.349992824736098
San_Juan,2026-08-15T00:00:00+00:00,B,C,21.382169723510742,21.280952380952378,0.10121734255836401
San_Juan,2026-08-15T00:00:00+00:00,C,C,26.399147033691406,21.280952380952378,5.118194652739028
San_Juan,2026-08-15T00:00:00+00:00,D,C,26.593183517456055,21.280952380952378,5.3122311365036765
San_Juan,2026-08-24T00:00:00+00:00,A,A,25.17375373840332,32.11666666666666,6.94291292826334
San_Juan,2026-08-24T00:00:00+00:00,B,A,29.688064575195312,32.11666666666666,2.4286020914713475
San_Juan,2026-08-24T00:00:00+00:00,C,A,34.595211029052734,32.11666666666666,2.4785443623860743
San_Juan,2026-08-24T00:00:00+00:00,D,A,26.085905075073242,32.11666666666666,6.030761591593418
San_Juan,2026-08-24T00:00:00+00:00,A,B,25.17375373840332,32.11666666666666,6.94291292826334
San_Juan,2026-08-24T00:00:00+00:00,B,B,29.688064575195312,32.11666666666666,2.4286020914713475
San_Juan,2026-08-24T00:00:00+00:00,C,B,34.595211029052734,32.11666666666666,2.4785443623860743
San_Juan,2026-08-24T00:00:00+00:00,D,B,26.085905075073242,32.11666666666666,6.030761591593418
San_Juan,2026-08-24T00:00:00+00:00,A,S,14.846226692199707,32.11666666666666,17.270439974466953
San_Juan,2026-08-24T00:00:00+00:00,B,S,15.927393913269043,32.11666666666666,16.189272753397617
San_Juan,2026-08-24T00:00:00+00:00,C,S,28.230566024780273,32.11666666666666,3.8861006418863866
San_Juan,2026-08-24T00:00:00+00:00,D,S,25.694589614868164,32.11666666666666,6.422077051798496
San_Juan,2026-08-24T00:00:00+00:00,A,C,16.74822425842285,32.11666666666666,15.368442408243808
San_Juan,2026-08-24T00:00:00+00:00,B,C,15.812614440917969,32.11666666666666,16.30405222574869
San_Juan,2026-08-24T00:00:00+00:00,C,C,27.50678062438965,32.11666666666666,4.609886042277012
San_Juan,2026-08-24T00:00:00+00:00,D,C,25.694589614868164,32.11666666666666,6.422077051798496
San_Juan,2026-08-25T00:00:00+00:00,A,A,28.359296798706055,28.876190476190477,0.5168936774844219
San_Juan,2026-08-25T00:00:00+00:00,B,A,24.13114356994629,28.876190476190477,4.745046906244188
San_Juan,2026-08-25T00:00:00+00:00,C,A,26.69230079650879,28.876190476190477,2.1838896796816876
San_Juan,2026-08-25T00:00:00+00:00,D,A,25.07493782043457,28.876190476190477,3.8012526557559063
San_Juan,2026-08-25T00:00:00+00:00,A,B,28.359296798706055,28.876190476190477,0.5168936774844219
San_Juan,2026-08-25T00:00:00+00:00,B,B,24.13114356994629,28.876190476190477,4.745046906244188
San_Juan,2026-08-25T00:00:00+00:00,C,B,26.69230079650879,28.876190476190477,2.1838896796816876
San_Juan,2026-08-25T00:00:00+00:00,D,B,25.07493782043457,28.876190476190477,3.8012526557559063
San_Juan,2026-08-25T00:00:00+00:00,A,S,21.663156509399414,28.876190476190477,7.213033966791063
San_Juan,2026-08-25T00:00:00+00:00,B,S,18.92496681213379,28.876190476190477,9.951223664056688
San_Juan,2026-08-25T00:00:00+00:00,C,S,28.92634391784668,28.876190476190477,0.05015344165620306
San_Juan,2026-08-25T00:00:00+00:00,D,S,26.109451293945312,28.876190476190477,2.766739182245164
San_Juan,2026-08-25T00:00:00+00:00,A,C,22.350072860717773,28.876190476190477,6.526117615472703
San_Juan,2026-08-25T00:00:00+00:00,B,C,18.6140079498291,28.876190476190477,10.262182526361375
San_Juan,2026-08-25T00:00:00+00:00,C,C,27.963266372680664,28.876190476190477,0.9129241035098126
San_Juan,2026-08-25T00:00:00+00:00,D,C,26.109451293945312,28.876190476190477,2.766739182245164
San_Juan,2026-08-26T00:00:00+00:00,A,A,27.213438034057617,18.72631578947368,8.487122244583936
San_Juan,2026-08-26T00:00:00+00:00,B,A,29.64183807373047,18.72631578947368,10.915522284256788
San_Juan,2026-08-26T00:00:00+00:00,C,A,27.84992790222168,18.72631578947368,9.123612112747999
San_Juan,2026-08-26T00:00:00+00:00,D,A,22.612409591674805,18.72631578947368,3.886093802201124
San_Juan,2026-08-26T00:00:00+00:00,A,B,27.213438034057617,18.72631578947368,8.487122244583936
San_Juan,2026-08-26T00:00:00+00:00,B,B,29.64183807373047,18.72631578947368,10.915522284256788
San_Juan,2026-08-26T00:00:00+00:00,C,B,27.84992790222168,18.72631578947368,9.123612112747999
San_Juan,2026-08-26T00:00:00+00:00,D,B,22.612409591674805,18.72631578947368,3.886093802201124
San_Juan,2026-08-26T00:00:00+00:00,A,S,24.99574089050293,18.72631578947368,6.269425101029249
San_Juan,2026-08-26T00:00:00+00:00,B,S,25.069551467895508,18.72631578947368,6.343235678421827
San_Juan,2026-08-26T00:00:00+00:00,C,S,25.7484130859375,18.72631578947368,7.022097296463819
San_Juan,2026-08-26T00:00:00+00:00,D,S,24.9312744140625,18.72631578947368,6.204958624588819
San_Juan,2026-08-26T00:00:00+00:00,A,C,24.155973434448242,18.72631578947368,5.4296576449745615
San_Juan,2026-08-26T00:00:00+00:00,B,C,24.657052993774414,18.72631578947368,5.930737204300733
San_Juan,2026-08-26T00:00:00+00:00,C,C,25.056625366210938,18.72631578947368,6.330309576737257
San_Juan,2026-08-26T00:00:00+00:00,D,C,24.9312744140625,18.72631578947368,6.204958624588819
San_Juan,2026-08-31T00:00:00+00:00,A,A,38.8831787109375,62.730000000000004,23.846821289062504
San_Juan,2026-08-31T00:00:00+00:00,B,A,29.79129981994629,62.730000000000004,32.938700180053715
San_Juan,2026-08-31T00:00:00+00:00,C,A,33.31842041015625,62.730000000000004,29.411579589843754
San_Juan,2026-08-31T00:00:00+00:00,D,A,26.58339500427246,62.730000000000004,36.14660499572754
San_Juan,2026-08-31T00:00:00+00:00,A,B,38.8831787109375,62.730000000000004,23.846821289062504
San_Juan,2026-08-31T00:00:00+00:00,B,B,29.79129981994629,62.730000000000004,32.938700180053715
San_Juan,2026-08-31T00:00:00+00:00,C,B,33.31842041015625,62.730000000000004,29.411579589843754
San_Juan,2026-08-31T00:00:00+00:00,D,B,26.58339500427246,62.730000000000004,36.14660499572754
San_Juan,2026-08-31T00:00:00+00:00,A,S,28.998319625854492,62.730000000000004,33.73168037414551
San_Juan,2026-08-31T00:00:00+00:00,B,S,17.40081214904785,62.730000000000004,45.32918785095215
San_Juan,2026-08-31T00:00:00+00:00,C,S,34.0699577331543,62.730000000000004,28.660042266845707
San_Juan,2026-08-31T00:00:00+00:00,D,S,29.50856590270996,62.730000000000004,33.22143409729004
San_Juan,2026-08-31T00:00:00+00:00,A,C,30.453765869140625,62.730000000000004,32.27623413085938
San_Juan,2026-08-31T00:00:00+00:00,B,C,17.704681396484375,62.730000000000004,45.02531860351563
San_Juan,2026-08-31T00:00:00+00:00,C,C,34.6882209777832,62.730000000000004,28.0417790222168
San_Juan,2026-08-31T00:00:00+00:00,D,C,29.50856590270996,62.730000000000004,33.22143409729004
San_Juan,2026-09-01T00:00:00+00:00,A,A,50.845550537109375,27.51904761904762,23.326502918061756
San_Juan,2026-09-01T00:00:00+00:00,B,A,44.8884162902832,27.51904761904762,17.369368671235584
San_Juan,2026-09-01T00:00:00+00:00,C,A,41.62656784057617,27.51904761904762,14.107520221528553
San_Juan,2026-09-01T00:00:00+00:00,D,A,43.84596252441406,27.51904761904762,16.326914905366444
San_Juan,2026-09-01T00:00:00+00:00,A,B,50.845550537109375,27.51904761904762,23.326502918061756
San_Juan,2026-09-01T00:00:00+00:00,B,B,44.8884162902832,27.51904761904762,17.369368671235584
San_Juan,2026-09-01T00:00:00+00:00,C,B,41.62656784057617,27.51904761904762,14.107520221528553
San_Juan,2026-09-01T00:00:00+00:00,D,B,43.84596252441406,27.51904761904762,16.326914905366444
San_Juan,2026-09-01T00:00:00+00:00,A,S,48.48985290527344,27.51904761904762,20.97080528622582
San_Juan,2026-09-01T00:00:00+00:00,B,S,38.111629486083984,27.51904761904762,10.592581867036365
San_Juan,2026-09-01T00:00:00+00:00,C,S,38.5177001953125,27.51904761904762,10.998652576264881
San_Juan,2026-09-01T00:00:00+00:00,D,S,49.895233154296875,27.51904761904762,22.376185535249256
San_Juan,2026-09-01T00:00:00+00:00,A,C,53.84431457519531,27.51904761904762,26.325266956147694
San_Juan,2026-09-01T00:00:00+00:00,B,C,39.49558639526367,27.51904761904762,11.976538776216053
San_Juan,2026-09-01T00:00:00+00:00,C,C,37.42783737182617,27.51904761904762,9.908789752778553
San_Juan,2026-09-01T00:00:00+00:00,D,C,49.895233154296875,27.51904761904762,22.376185535249256
San_Juan,2026-09-03T00:00:00+00:00,A,A,22.55796241760254,17.217619047619042,5.340343369983497
San_Juan,2026-09-03T00:00:00+00:00,B,A,23.56709098815918,17.217619047619042,6.349471940540138
San_Juan,2026-09-03T00:00:00+00:00,C,A,27.072967529296875,17.217619047619042,9.855348481677833
San_Juan,2026-09-03T00:00:00+00:00,D,A,20.512224197387695,17.217619047619042,3.2946051497686533
San_Juan,2026-09-03T00:00:00+00:00,A,B,22.55796241760254,17.217619047619042,5.340343369983497
San_Juan,2026-09-03T00:00:00+00:00,B,B,23.56709098815918,17.217619047619042,6.349471940540138
San_Juan,2026-09-03T00:00:00+00:00,C,B,27.072967529296875,17.217619047619042,9.855348481677833
San_Juan,2026-09-03T00:00:00+00:00,D,B,20.512224197387695,17.217619047619042,3.2946051497686533
San_Juan,2026-09-03T00:00:00+00:00,A,S,20.455114364624023,17.217619047619042,3.2374953170049814
San_Juan,2026-09-03T00:00:00+00:00,B,S,25.83702278137207,17.217619047619042,8.619403733753028
San_Juan,2026-09-03T00:00:00+00:00,C,S,25.831811904907227,17.217619047619042,8.614192857288185
San_Juan,2026-09-03T00:00:00+00:00,D,S,22.062036514282227,17.217619047619042,4.8444174666631845
San_Juan,2026-09-03T00:00:00+00:00,A,C,20.65673065185547,17.217619047619042,3.4391116042364267
San_Juan,2026-09-03T00:00:00+00:00,B,C,25.15283203125,17.217619047619042,7.935212983630958
San_Juan,2026-09-03T00:00:00+00:00,C,C,24.998159408569336,17.217619047619042,7.780540360950294
San_Juan,2026-09-03T00:00:00+00:00,D,C,22.062036514282227,17.217619047619042,4.8444174666631845
San_Juan,2026-09-04T00:00:00+00:00,A,A,18.412065505981445,14.7925,3.619565505981445
San_Juan,2026-09-04T00:00:00+00:00,B,A,21.900182723999023,14.7925,7.107682723999023
San_Juan,2026-09-04T00:00:00+00:00,C,A,20.662761688232422,14.7925,5.8702616882324214
San_Juan,2026-09-04T00:00:00+00:00,D,A,17.514942169189453,14.7925,2.7224421691894527
San_Juan,2026-09-04T00:00:00+00:00,A,B,18.412065505981445,14.7925,3.619565505981445
San_Juan,2026-09-04T00:00:00+00:00,B,B,21.900182723999023,14.7925,7.107682723999023
San_Juan,2026-09-04T00:00:00+00:00,C,B,20.662761688232422,14.7925,5.8702616882324214
San_Juan,2026-09-04T00:00:00+00:00,D,B,17.514942169189453,14.7925,2.7224421691894527
San_Juan,2026-09-04T00:00:00+00:00,A,S,17.975954055786133,14.7925,3.1834540557861324
San_Juan,2026-09-04T00:00:00+00:00,B,S,16.61578941345215,14.7925,1.823289413452148
San_Juan,2026-09-04T00:00:00+00:00,C,S,24.972211837768555,14.7925,10.179711837768554
San_Juan,2026-09-04T00:00:00+00:00,D,S,18.23021125793457,14.7925,3.43771125793457
San_Juan,2026-09-04T00:00:00+00:00,A,C,18.02827262878418,14.7925,3.2357726287841793
San_Juan,2026-09-04T00:00:00+00:00,B,C,18.096527099609375,14.7925,3.3040270996093746
San_Juan,2026-09-04T00:00:00+00:00,C,C,25.912073135375977,14.7925,11.119573135375976
San_Juan,2026-09-04T00:00:00+00:00,D,C,18.23021125793457,14.7925,3.43771125793457
San_Juan,2026-09-05T00:00:00+00:00,A,A,16.961271286010742,12.234285714285713,4.726985571725029
San_Juan,2026-09-05T00:00:00+00:00,B,A,19.483247756958008,12.234285714285713,7.248962042672295
San_Juan,2026-09-05T00:00:00+00:00,C,A,17.747671127319336,12.234285714285713,5.513385413033623
San_Juan,2026-09-05T00:00:00+00:00,D,A,17.506698608398438,12.234285714285713,5.272412894112724
San_Juan,2026-09-05T00:00:00+00:00,A,B,16.961271286010742,12.234285714285713,4.726985571725029
San_Juan,2026-09-05T00:00:00+00:00,B,B,19.483247756958008,12.234285714285713,7.248962042672295
San_Juan,2026-09-05T00:00:00+00:00,C,B,17.747671127319336,12.234285714285713,5.513385413033623
San_Juan,2026-09-05T00:00:00+00:00,D,B,17.506698608398438,12.234285714285713,5.272412894112724
San_Juan,2026-09-05T00:00:00+00:00,A,S,17.131567001342773,12.234285714285713,4.89728128705706
San_Juan,2026-09-05T00:00:00+00:00,B,S,19.938547134399414,12.234285714285713,7.704261420113701
San_Juan,2026-09-05T00:00:00+00:00,C,S,15.76037311553955,12.234285714285713,3.5260874012538377
San_Juan,2026-09-05T00:00:00+00:00,D,S,18.34620475769043,12.234285714285713,6.111919043404717
San_Juan,2026-09-05T00:00:00+00:00,A,C,14.545369148254395,12.234285714285713,2.3110834339686814
San_Juan,2026-09-05T00:00:00+00:00,B,C,21.012468338012695,12.234285714285713,8.778182623726982
San_Juan,2026-09-05T00:00:00+00:00,C,C,15.89395523071289,12.234285714285713,3.6596695164271775
San_Juan,2026-09-05T00:00:00+00:00,D,C,18.34620475769043,12.234285714285713,6.111919043404717
San_Juan,2026-09-06T00:00:00+00:00,A,A,17.53826904296875,13.883333333333335,3.6549357096354154
San_Juan,2026-09-06T00:00:00+00:00,B,A,12.06655502319336,13.883333333333335,1.8167783101399753
San_Juan,2026-09-06T00:00:00+00:00,C,A,13.546002388000488,13.883333333333335,0.33733094533284635
San_Juan,2026-09-06T00:00:00+00:00,D,A,13.843939781188965,13.883333333333335,0.03939355214436979
San_Juan,2026-09-06T00:00:00+00:00,A,B,17.53826904296875,13.883333333333335,3.6549357096354154
San_Juan,2026-09-06T00:00:00+00:00,B,B,12.06655502319336,13.883333333333335,1.8167783101399753
San_Juan,2026-09-06T00:00:00+00:00,C,B,13.546002388000488,13.883333333333335,0.33733094533284635
San_Juan,2026-09-06T00:00:00+00:00,D,B,13.843939781188965,13.883333333333335,0.03939355214436979
San_Juan,2026-09-06T00:00:00+00:00,A,S,19.625429153442383,13.883333333333335,5.742095820109048
San_Juan,2026-09-06T00:00:00+00:00,B,S,16.26902198791504,13.883333333333335,2.3856886545817044
San_Juan,2026-09-06T00:00:00+00:00,C,S,15.0635986328125,13.883333333333335,1.1802652994791654
San_Juan,2026-09-06T00:00:00+00:00,D,S,12.835003852844238,13.883333333333335,1.0483294804890964
San_Juan,2026-09-06T00:00:00+00:00,A,C,16.3464412689209,13.883333333333335,2.463107935587564
San_Juan,2026-09-06T00:00:00+00:00,B,C,14.575996398925781,13.883333333333335,0.6926630655924466
San_Juan,2026-09-06T00:00:00+00:00,C,C,14.820561408996582,13.883333333333335,0.9372280756632474
San_Juan,2026-09-06T00:00:00+00:00,D,C,12.835003852844238,13.883333333333335,1.0483294804890964
San_Juan,2026-09-07T00:00:00+00:00,A,A,19.203500747680664,18.93333333333333,0.27016741434733405
San_Juan,2026-09-07T00:00:00+00:00,B,A,17.994306564331055,18.93333333333333,0.9390267690022753
San_Juan,2026-09-07T00:00:00+00:00,C,A,12.450843811035156,18.93333333333333,6.482489522298174
San_Juan,2026-09-07T00:00:00+00:00,D,A,13.14853572845459,18.93333333333333,5.78479760487874
San_Juan,2026-09-07T00:00:00+00:00,A,B,19.203500747680664,18.93333333333333,0.27016741434733405
San_Juan,2026-09-07T00:00:00+00:00,B,B,17.994306564331055,18.93333333333333,0.9390267690022753
San_Juan,2026-09-07T00:00:00+00:00,C,B,12.450843811035156,18.93333333333333,6.482489522298174
San_Juan,2026-09-07T00:00:00+00:00,D,B,13.14853572845459,18.93333333333333,5.78479760487874
San_Juan,2026-09-07T00:00:00+00:00,A,S,18.401643753051758,18.93333333333333,0.5316895802815722
San_Juan,2026-09-07T00:00:00+00:00,B,S,16.022493362426758,18.93333333333333,2.910839970906572
San_Juan,2026-09-07T00:00:00+00:00,C,S,15.841815948486328,18.93333333333333,3.091517384847002
San_Juan,2026-09-07T00:00:00+00:00,D,S,15.527016639709473,18.93333333333333,3.4063166936238574
San_Juan,2026-09-07T00:00:00+00:00,A,C,17.659570693969727,18.93333333333333,1.2737626393636035
San_Juan,2026-09-07T00:00:00+00:00,B,C,15.354783058166504,18.93333333333333,3.578550275166826
San_Juan,2026-09-07T00:00:00+00:00,C,C,16.167829513549805,18.93333333333333,2.7655038197835253
San_Juan,2026-09-07T00:00:00+00:00,D,C,15.527016639709473,18.93333333333333,3.4063166936238574
San_Juan,2026-09-08T00:00:00+00:00,A,A,20.2876033782959,18.277777777777775,2.0098256005181234
San_Juan,2026-09-08T00:00:00+00:00,B,A,15.301560401916504,18.277777777777775,2.976217375861271
San_Juan,2026-09-08T00:00:00+00:00,C,A,15.782234191894531,18.277777777777775,2.4955435858832438
San_Juan,2026-09-08T00:00:00+00:00,D,A,19.377086639404297,18.277777777777775,1.0993088616265219
San_Juan,2026-09-08T00:00:00+00:00,A,B,20.2876033782959,18.277777777777775,2.0098256005181234
San_Juan,2026-09-08T00:00:00+00:00,B,B,15.301560401916504,18.277777777777775,2.976217375861271
San_Juan,2026-09-08T00:00:00+00:00,C,B,15.782234191894531,18.277777777777775,2.4955435858832438
San_Juan,2026-09-08T00:00:00+00:00,D,B,19.377086639404297,18.277777777777775,1.0993088616265219
San_Juan,2026-09-08T00:00:00+00:00,A,S,19.7236270904541,18.277777777777775,1.4458493126763265
San_Juan,2026-09-08T00:00:00+00:00,B,S,16.351858139038086,18.277777777777775,1.925919638739689
San_Juan,2026-09-08T00:00:00+00:00,C,S,15.071276664733887,18.277777777777775,3.2065011130438883
San_Juan,2026-09-08T00:00:00+00:00,D,S,18.861326217651367,18.277777777777775,0.5835484398735922
San_Juan,2026-09-08T00:00:00+00:00,A,C,23.3398380279541,18.277777777777775,5.0620602501763265
San_Juan,2026-09-08T00:00:00+00:00,B,C,17.115915298461914,18.277777777777775,1.161862479315861
San_Juan,2026-09-08T00:00:00+00:00,C,C,16.009714126586914,18.277777777777775,2.268063651190861
San_Juan,2026-09-08T00:00:00+00:00,D,C,18.861326217651367,18.277777777777775,0.5835484398735922
San_Juan,2026-09-14T00:00:00+00:00,A,A,17.208555221557617,26.082608695652176,8.87405347409456
San_Juan,2026-09-14T00:00:00+00:00,B,A,18.298261642456055,26.082608695652176,7.784347053196122
San_Juan,2026-09-14T00:00:00+00:00,C,A,21.416059494018555,26.082608695652176,4.666549201633622
San_Juan,2026-09-14T00:00:00+00:00,D,A,20.070207595825195,26.082608695652176,6.012401099826981
San_Juan,2026-09-14T00:00:00+00:00,A,B,17.208555221557617,26.082608695652176,8.87405347409456
San_Juan,2026-09-14T00:00:00+00:00,B,B,18.298261642456055,26.082608695652176,7.784347053196122
San_Juan,2026-09-14T00:00:00+00:00,C,B,21.416059494018555,26.082608695652176,4.666549201633622
San_Juan,2026-09-14T00:00:00+00:00,D,B,20.070207595825195,26.082608695652176,6.012401099826981
San_Juan,2026-09-14T00:00:00+00:00,A,S,19.576135635375977,26.082608695652176,6.5064730602762
San_Juan,2026-09-14T00:00:00+00:00,B,S,19.489038467407227,26.082608695652176,6.59357022824495
San_Juan,2026-09-14T00:00:00+00:00,C,S,22.181222915649414,26.082608695652176,3.9013857800027623
San_Juan,2026-09-14T00:00:00+00:00,D,S,22.636377334594727,26.082608695652176,3.4462313610574498
San_Juan,2026-09-14T00:00:00+00:00,A,C,17.60491943359375,26.082608695652176,8.477689262058426
San_Juan,2026-09-14T00:00:00+00:00,B,C,21.450401306152344,26.082608695652176,4.632207389499833
San_Juan,2026-09-14T00:00:00+00:00,C,C,22.2744140625,26.082608695652176,3.8081946331521763
San_Juan,2026-09-14T00:00:00+00:00,D,C,22.636377334594727,26.082608695652176,3.4462313610574498
San_Juan,2026-09-15T00:00:00+00:00,A,A,24.695566177368164,27.82777777777778,3.132211600409615
San_Juan,2026-09-15T00:00:00+00:00,B,A,19.038278579711914,27.82777777777778,8.789499198065865
San_Juan,2026-09-15T00:00:00+00:00,C,A,24.000028610229492,27.82777777777778,3.827749167548287
San_Juan,2026-09-15T00:00:00+00:00,D,A,23.580381393432617,27.82777777777778,4.247396384345162
San_Juan,2026-09-15T00:00:00+00:00,A,B,24.695566177368164,27.82777777777778,3.132211600409615
San_Juan,2026-09-15T00:00:00+00:00,B,B,19.038278579711914,27.82777777777778,8.789499198065865
San_Juan,2026-09-15T00:00:00+00:00,C,B,24.000028610229492,27.82777777777778,3.827749167548287
San_Juan,2026-09-15T00:00:00+00:00,D,B,23.580381393432617,27.82777777777778,4.247396384345162
San_Juan,2026-09-15T00:00:00+00:00,A,S,22.95277976989746,27.82777777777778,4.874998007880318
San_Juan,2026-09-15T00:00:00+00:00,B,S,19.588590621948242,27.82777777777778,8.239187155829537
San_Juan,2026-09-15T00:00:00+00:00,C,S,22.815946578979492,27.82777777777778,5.011831198798287
San_Juan,2026-09-15T00:00:00+00:00,D,S,24.591676712036133,27.82777777777778,3.2361010657416465
San_Juan,2026-09-15T00:00:00+00:00,A,C,25.0429744720459,27.82777777777778,2.784803305731881
San_Juan,2026-09-15T00:00:00+00:00,B,C,20.115678787231445,27.82777777777778,7.712098990546334
San_Juan,2026-09-15T00:00:00+00:00,C,C,23.240976333618164,27.82777777777778,4.586801444159615
San_Juan,2026-09-15T00:00:00+00:00,D,C,24.591676712036133,27.82777777777778,3.2361010657416465
San_Juan,2026-09-18T00:00:00+00:00,A,A,18.61332893371582,21.52380952380952,2.910480590093698
San_Juan,2026-09-18T00:00:00+00:00,B,A,18.33953285217285,21.52380952380952,3.184276671636667
San_Juan,2026-09-18T00:00:00+00:00,C,A,16.960969924926758,21.52380952380952,4.562839598882761
San_Juan,2026-09-18T00:00:00+00:00,D,A,20.04920768737793,21.52380952380952,1.4746018364315887
San_Juan,2026-09-18T00:00:00+00:00,A,B,18.61332893371582,21.52380952380952,2.910480590093698
San_Juan,2026-09-18T00:00:00+00:00,B,B,18.33953285217285,21.52380952380952,3.184276671636667
San_Juan,2026-09-18T00:00:00+00:00,C,B,16.960969924926758,21.52380952380952,4.562839598882761
San_Juan,2026-09-18T00:00:00+00:00,D,B,20.04920768737793,21.52380952380952,1.4746018364315887
San_Juan,2026-09-18T00:00:00+00:00,A,S,14.506946563720703,21.52380952380952,7.016862960088815
San_Juan,2026-09-18T00:00:00+00:00,B,S,15.812359809875488,21.52380952380952,5.71144971393403
San_Juan,2026-09-18T00:00:00+00:00,C,S,23.588470458984375,21.52380952380952,2.0646609351748566
San_Juan,2026-09-18T00:00:00+00:00,D,S,20.29835319519043,21.52380952380952,1.2254563286190887
San_Juan,2026-09-18T00:00:00+00:00,A,C,16.544450759887695,21.52380952380952,4.979358763921823
San_Juan,2026-09-18T00:00:00+00:00,B,C,16.314239501953125,21.52380952380952,5.209570021856393
San_Juan,2026-09-18T00:00:00+00:00,C,C,22.88918113708496,21.52380952380952,1.3653716132754425
San_Juan,2026-09-18T00:00:00+00:00,D,C,20.29835319519043,21.52380952380952,1.2254563286190887
San_Juan,2026-09-20T00:00:00+00:00,A,A,17.206045150756836,17.854545454545455,0.6485003037886194
San_Juan,2026-09-20T00:00:00+00:00,B,A,21.93486976623535,17.854545454545455,4.080324311689896
San_Juan,2026-09-20T00:00:00+00:00,C,A,24.18717384338379,17.854545454545455,6.332628388838334
San_Juan,2026-09-20T00:00:00+00:00,D,A,19.59783363342285,17.854545454545455,1.7432881788773962
San_Juan,2026-09-20T00:00:00+00:00,A,B,17.206045150756836,17.854545454545455,0.6485003037886194
San_Juan,2026-09-20T00:00:00+00:00,B,B,21.93486976623535,17.854545454545455,4.080324311689896
San_Juan,2026-09-20T00:00:00+00:00,C,B,24.18717384338379,17.854545454545455,6.332628388838334
San_Juan,2026-09-20T00:00:00+00:00,D,B,19.59783363342285,17.854545454545455,1.7432881788773962
San_Juan,2026-09-20T00:00:00+00:00,A,S,18.01765251159668,17.854545454545455,0.1631070570512243
San_Juan,2026-09-20T00:00:00+00:00,B,S,28.742956161499023,17.854545454545455,10.888410706953568
San_Juan,2026-09-20T00:00:00+00:00,C,S,24.233566284179688,17.854545454545455,6.379020829634232
San_Juan,2026-09-20T00:00:00+00:00,D,S,23.49036979675293,17.854545454545455,5.635824342207474
San_Juan,2026-09-20T00:00:00+00:00,A,C,23.256864547729492,17.854545454545455,5.402319093184037
San_Juan,2026-09-20T00:00:00+00:00,B,C,25.863222122192383,17.854545454545455,8.008676667646927
San_Juan,2026-09-20T00:00:00+00:00,C,C,24.16925048828125,17.854545454545455,6.314705033735795
San_Juan,2026-09-20T00:00:00+00:00,D,C,23.49036979675293,17.854545454545455,5.635824342207474
San_Juan,2026-09-21T00:00:00+00:00,A,A,19.703603744506836,17.559545454545454,2.1440582899613823
San_Juan,2026-09-21T00:00:00+00:00,B,A,18.55586051940918,17.559545454545454,0.996315064863726
San_Juan,2026-09-21T00:00:00+00:00,C,A,15.743592262268066,17.559545454545454,1.8159531922773873
San_Juan,2026-09-21T00:00:00+00:00,D,A,20.115867614746094,17.559545454545454,2.55632216020064
San_Juan,2026-09-21T00:00:00+00:00,A,B,19.703603744506836,17.559545454545454,2.1440582899613823
San_Juan,2026-09-21T00:00:00+00:00,B,B,18.55586051940918,17.559545454545454,0.996315064863726
San_Juan,2026-09-21T00:00:00+00:00,C,B,15.743592262268066,17.559545454545454,1.8159531922773873
San_Juan,2026-09-21T00:00:00+00:00,D,B,20.115867614746094,17.559545454545454,2.55632216020064
San_Juan,2026-09-21T00:00:00+00:00,A,S,20.12590980529785,17.559545454545454,2.566364350752398
San_Juan,2026-09-21T00:00:00+00:00,B,S,15.756535530090332,17.559545454545454,1.8030099244551216
San_Juan,2026-09-21T00:00:00+00:00,C,S,18.486543655395508,17.559545454545454,0.9269982008500541
San_Juan,2026-09-21T00:00:00+00:00,D,S,19.633041381835938,17.559545454545454,2.073495927290484
San_Juan,2026-09-21T00:00:00+00:00,A,C,17.752164840698242,17.559545454545454,0.1926193861527885
San_Juan,2026-09-21T00:00:00+00:00,B,C,17.817075729370117,17.559545454545454,0.2575302748246635
San_Juan,2026-09-21T00:00:00+00:00,C,C,18.65667152404785,17.559545454545454,1.0971260695023979
San_Juan,2026-09-21T00:00:00+00:00,D,C,19.633041381835938,17.559545454545454,2.073495927290484
San_Juan,2026-09-22T00:00:00+00:00,A,A,19.672998428344727,21.866666666666664,2.193668238321937
San_Juan,2026-09-22T00:00:00+00:00,B,A,14.01998519897461,21.866666666666664,7.846681467692054
San_Juan,2026-09-22T00:00:00+00:00,C,A,16.537078857421875,21.866666666666664,5.329587809244789
San_Juan,2026-09-22T00:00:00+00:00,D,A,17.38950538635254,21.866666666666664,4.4771612803141245
San_Juan,2026-09-22T00:00:00+00:00,A,B,19.672998428344727,21.866666666666664,2.193668238321937
San_Juan,2026-09-22T00:00:00+00:00,B,B,14.01998519897461,21.866666666666664,7.846681467692054
San_Juan,2026-09-22T00:00:00+00:00,C,B,16.537078857421875,21.866666666666664,5.329587809244789
San_Juan,2026-09-22T00:00:00+00:00,D,B,17.38950538635254,21.866666666666664,4.4771612803141245
San_Juan,2026-09-22T00:00:00+00:00,A,S,19.701255798339844,21.866666666666664,2.16541086832682
San_Juan,2026-09-22T00:00:00+00:00,B,S,14.0016450881958,21.866666666666664,7.865021578470863
San_Juan,2026-09-22T00:00:00+00:00,C,S,16.55870819091797,21.866666666666664,5.307958475748695
San_Juan,2026-09-22T00:00:00+00:00,D,S,18.095476150512695,21.866666666666664,3.7711905161539683
San_Juan,2026-09-22T00:00:00+00:00,A,C,18.361251831054688,21.866666666666664,3.505414835611976
San_Juan,2026-09-22T00:00:00+00:00,B,C,14.089730262756348,21.866666666666664,7.776936403910316
San_Juan,2026-09-22T00:00:00+00:00,C,C,16.623695373535156,21.866666666666664,5.242971293131507
San_Juan,2026-09-22T00:00:00+00:00,D,C,18.095476150512695,21.866666666666664,3.7711905161539683
San_Juan,2026-09-23T00:00:00+00:00,A,A,17.864721298217773,27.139999999999997,9.275278701782224
San_Juan,2026-09-23T00:00:00+00:00,B,A,15.318408012390137,27.139999999999997,11.82159198760986
San_Juan,2026-09-23T00:00:00+00:00,C,A,19.462318420410156,27.139999999999997,7.677681579589841
San_Juan,2026-09-23T00:00:00+00:00,D,A,19.354036331176758,27.139999999999997,7.785963668823239
San_Juan,2026-09-23T00:00:00+00:00,A,B,17.864721298217773,27.139999999999997,9.275278701782224
San_Juan,2026-09-23T00:00:00+00:00,B,B,15.318408012390137,27.139999999999997,11.82159198760986
San_Juan,2026-09-23T00:00:00+00:00,C,B,19.462318420410156,27.139999999999997,7.677681579589841
San_Juan,2026-09-23T00:00:00+00:00,D,B,19.354036331176758,27.139999999999997,7.785963668823239
San_Juan,2026-09-23T00:00:00+00:00,A,S,16.63863182067871,27.139999999999997,10.501368179321286
San_Juan,2026-09-23T00:00:00+00:00,B,S,15.35336685180664,27.139999999999997,11.786633148193356
San_Juan,2026-09-23T00:00:00+00:00,C,S,19.39080238342285,27.139999999999997,7.7491976165771455
San_Juan,2026-09-23T00:00:00+00:00,D,S,19.93016815185547,27.139999999999997,7.209831848144528
San_Juan,2026-09-23T00:00:00+00:00,A,C,17.967605590820312,27.139999999999997,9.172394409179685
San_Juan,2026-09-23T00:00:00+00:00,B,C,15.753718376159668,27.139999999999997,11.386281623840329
San_Juan,2026-09-23T00:00:00+00:00,C,C,19.39674186706543,27.139999999999997,7.743258132934567
San_Juan,2026-09-23T00:00:00+00:00,D,C,19.93016815185547,27.139999999999997,7.209831848144528
San_Juan,2026-09-25T00:00:00+00:00,A,A,19.580839157104492,21.573684210526316,1.9928450534218243
San_Juan,2026-09-25T00:00:00+00:00,B,A,25.989736557006836,21.573684210526316,4.4160523464805195
San_Juan,2026-09-25T00:00:00+00:00,C,A,24.3929500579834,21.573684210526316,2.819265847457082
San_Juan,2026-09-25T00:00:00+00:00,D,A,25.558067321777344,21.573684210526316,3.9843831112510273
San_Juan,2026-09-25T00:00:00+00:00,A,B,19.580839157104492,21.573684210526316,1.9928450534218243
San_Juan,2026-09-25T00:00:00+00:00,B,B,25.989736557006836,21.573684210526316,4.4160523464805195
San_Juan,2026-09-25T00:00:00+00:00,C,B,24.3929500579834,21.573684210526316,2.819265847457082
San_Juan,2026-09-25T00:00:00+00:00,D,B,25.558067321777344,21.573684210526316,3.9843831112510273
San_Juan,2026-09-25T00:00:00+00:00,A,S,19.842811584472656,21.573684210526316,1.7308726260536602
San_Juan,2026-09-25T00:00:00+00:00,B,S,25.657594680786133,21.573684210526316,4.083910470259816
San_Juan,2026-09-25T00:00:00+00:00,C,S,25.6143856048584,21.573684210526316,4.040701394332082
San_Juan,2026-09-25T00:00:00+00:00,D,S,26.994384765625,21.573684210526316,5.4207005550986835
San_Juan,2026-09-25T00:00:00+00:00,A,C,19.451833724975586,21.573684210526316,2.1218504855507305
San_Juan,2026-09-25T00:00:00+00:00,B,C,24.0362548828125,21.573684210526316,2.4625706722861835
San_Juan,2026-09-25T00:00:00+00:00,C,C,24.7254695892334,21.573684210526316,3.151785378707082
San_Juan,2026-09-25T00:00:00+00:00,D,C,26.994384765625,21.573684210526316,5.4207005550986835
San_Juan,2026-09-26T00:00:00+00:00,A,A,18.7972469329834,29.383333333333336,10.586086400349938
San_Juan,2026-09-26T00:00:00+00:00,B,A,24.995439529418945,29.383333333333336,4.387893803914391
San_Juan,2026-09-26T00:00:00+00:00,C,A,22.446502685546875,29.383333333333336,6.936830647786461
San_Juan,2026-09-26T00:00:00+00:00,D,A,21.6528377532959,29.383333333333336,7.730495580037438
San_Juan,2026-09-26T00:00:00+00:00,A,B,18.7972469329834,29.383333333333336,10.586086400349938
San_Juan,2026-09-26T00:00:00+00:00,B,B,24.995439529418945,29.383333333333336,4.387893803914391
San_Juan,2026-09-26T00:00:00+00:00,C,B,22.446502685546875,29.383333333333336,6.936830647786461
San_Juan,2026-09-26T00:00:00+00:00,D,B,21.6528377532959,29.383333333333336,7.730495580037438
San_Juan,2026-09-26T00:00:00+00:00,A,S,20.388879776000977,29.383333333333336,8.99445355733236
San_Juan,2026-09-26T00:00:00+00:00,B,S,21.14118003845215,29.383333333333336,8.242153294881188
San_Juan,2026-09-26T00:00:00+00:00,C,S,24.161401748657227,29.383333333333336,5.22193158467611
San_Juan,2026-09-26T00:00:00+00:00,D,S,19.8192195892334,29.383333333333336,9.564113744099938
San_Juan,2026-09-26T00:00:00+00:00,A,C,18.349544525146484,29.383333333333336,11.033788808186852
San_Juan,2026-09-26T00:00:00+00:00,B,C,20.947542190551758,29.383333333333336,8.435791142781579
San_Juan,2026-09-26T00:00:00+00:00,C,C,24.017168045043945,29.383333333333336,5.366165288289391
San_Juan,2026-09-26T00:00:00+00:00,D,C,19.8192195892334,29.383333333333336,9.564113744099938
San_Juan,2026-09-27T00:00:00+00:00,A,A,26.584836959838867,30.09090909090909,3.5060721310702228
San_Juan,2026-09-27T00:00:00+00:00,B,A,25.986236572265625,30.09090909090909,4.104672518643465
San_Juan,2026-09-27T00:00:00+00:00,C,A,29.86554718017578,30.09090909090909,0.2253619107333087
San_Juan,2026-09-27T00:00:00+00:00,D,A,24.52628517150879,30.09090909090909,5.564623919400301
San_Juan,2026-09-27T00:00:00+00:00,A,B,26.584836959838867,30.09090909090909,3.5060721310702228
San_Juan,2026-09-27T00:00:00+00:00,B,B,25.986236572265625,30.09090909090909,4.104672518643465
San_Juan,2026-09-27T00:00:00+00:00,C,B,29.86554718017578,30.09090909090909,0.2253619107333087
San_Juan,2026-09-27T00:00:00+00:00,D,B,24.52628517150879,30.09090909090909,5.564623919400301
San_Juan,2026-09-27T00:00:00+00:00,A,S,25.211950302124023,30.09090909090909,4.8789587887850665
San_Juan,2026-09-27T00:00:00+00:00,B,S,23.38502311706543,30.09090909090909,6.70588597384366
San_Juan,2026-09-27T00:00:00+00:00,C,S,25.343185424804688,30.09090909090909,4.747723666104402
San_Juan,2026-09-27T00:00:00+00:00,D,S,25.05379295349121,30.09090909090909,5.037116137417879
San_Juan,2026-09-27T00:00:00+00:00,A,C,23.88918113708496,30.09090909090909,6.201727953824129
San_Juan,2026-09-27T00:00:00+00:00,B,C,23.270105361938477,30.09090909090909,6.820803728970613
San_Juan,2026-09-27T00:00:00+00:00,C,C,24.983407974243164,30.09090909090909,5.107501116665926
San_Juan,2026-09-27T00:00:00+00:00,D,C,25.05379295349121,30.09090909090909,5.037116137417879
